ISO-10303-21;
HEADER;
FILE_DESCRIPTION(('KiCad electronic assembly'),'2;1');
FILE_NAME('code of claw translator.step','2026-07-04T23:06:27',('Pcbnew'
    ),('Kicad'),'Open CASCADE STEP processor 7.8',
  'KiCad to STEP converter','Unknown');
FILE_SCHEMA(('AUTOMOTIVE_DESIGN { 1 0 10303 214 1 1 1 1 }'));
ENDSEC;
DATA;
#1 = APPLICATION_PROTOCOL_DEFINITION('international standard',
  'automotive_design',2000,#2);
#2 = APPLICATION_CONTEXT(
  'core data for automotive mechanical design processes');
#3 = SHAPE_DEFINITION_REPRESENTATION(#4,#10);
#4 = PRODUCT_DEFINITION_SHAPE('','',#5);
#5 = PRODUCT_DEFINITION('design','',#6,#9);
#6 = PRODUCT_DEFINITION_FORMATION('','',#7);
#7 = PRODUCT('code of claw translator 1','code of claw translator 1','',
  (#8));
#8 = PRODUCT_CONTEXT('',#2,'mechanical');
#9 = PRODUCT_DEFINITION_CONTEXT('part definition',#2,'design');
#10 = SHAPE_REPRESENTATION('',(#11,#15),#19);
#11 = AXIS2_PLACEMENT_3D('',#12,#13,#14);
#12 = CARTESIAN_POINT('',(0.,0.,0.));
#13 = DIRECTION('',(0.,0.,1.));
#14 = DIRECTION('',(1.,0.,-0.));
#15 = AXIS2_PLACEMENT_3D('',#16,#17,#18);
#16 = CARTESIAN_POINT('',(0.,0.,0.));
#17 = DIRECTION('',(0.,0.,1.));
#18 = DIRECTION('',(1.,0.,-0.));
#19 = ( GEOMETRIC_REPRESENTATION_CONTEXT(3) 
GLOBAL_UNCERTAINTY_ASSIGNED_CONTEXT((#23)) GLOBAL_UNIT_ASSIGNED_CONTEXT(
(#20,#21,#22)) REPRESENTATION_CONTEXT('Context #1',
  '3D Context with UNIT and UNCERTAINTY') );
#20 = ( LENGTH_UNIT() NAMED_UNIT(*) SI_UNIT(.MILLI.,.METRE.) );
#21 = ( NAMED_UNIT(*) PLANE_ANGLE_UNIT() SI_UNIT($,.RADIAN.) );
#22 = ( NAMED_UNIT(*) SI_UNIT($,.STERADIAN.) SOLID_ANGLE_UNIT() );
#23 = UNCERTAINTY_MEASURE_WITH_UNIT(LENGTH_MEASURE(1.E-07),#20,
  'distance_accuracy_value','confusion accuracy');
#24 = PRODUCT_RELATED_PRODUCT_CATEGORY('part',$,(#7));
#25 = SHAPE_DEFINITION_REPRESENTATION(#26,#32);
#26 = PRODUCT_DEFINITION_SHAPE('','',#27);
#27 = PRODUCT_DEFINITION('design','',#28,#31);
#28 = PRODUCT_DEFINITION_FORMATION('','',#29);
#29 = PRODUCT('code of claw translator_PCB',
  'code of claw translator_PCB','',(#30));
#30 = PRODUCT_CONTEXT('',#2,'mechanical');
#31 = PRODUCT_DEFINITION_CONTEXT('part definition',#2,'design');
#32 = ADVANCED_BREP_SHAPE_REPRESENTATION('',(#11,#33),#4574);
#33 = MANIFOLD_SOLID_BREP('',#34);
#34 = CLOSED_SHELL('',(#35,#77,#108,#139,#1390,#2641,#2658,#2675,#2692,
    #2709,#2721,#2738,#2755,#2772,#2789,#2806,#2823,#2840,#2857,#2874,
    #2891,#2908,#2925,#2942,#2959,#2976,#2993,#3010,#3027,#3044,#3061,
    #3078,#3095,#3112,#3129,#3146,#3163,#3180,#3197,#3214,#3231,#3248,
    #3265,#3282,#3299,#3316,#3333,#3350,#3367,#3384,#3401,#3418,#3435,
    #3452,#3469,#3486,#3503,#3520,#3537,#3554,#3571,#3588,#3605,#3622,
    #3639,#3656,#3673,#3690,#3707,#3724,#3741,#3758,#3775,#3792,#3809,
    #3826,#3843,#3860,#3877,#3894,#3911,#3928,#3945,#3962,#3979,#3996,
    #4013,#4030,#4047,#4064,#4081,#4098,#4115,#4132,#4149,#4166,#4183,
    #4200,#4217,#4234,#4251,#4268,#4285,#4302,#4319,#4336,#4353,#4370,
    #4387,#4404,#4421,#4438,#4455,#4472,#4489,#4506,#4523,#4540,#4557));
#35 = ADVANCED_FACE('',(#36),#72,.T.);
#36 = FACE_BOUND('',#37,.T.);
#37 = EDGE_LOOP('',(#38,#48,#57,#65));
#38 = ORIENTED_EDGE('',*,*,#39,.T.);
#39 = EDGE_CURVE('',#40,#42,#44,.T.);
#40 = VERTEX_POINT('',#41);
#41 = CARTESIAN_POINT('',(122.505,-48.14,0.));
#42 = VERTEX_POINT('',#43);
#43 = CARTESIAN_POINT('',(122.505,-48.14,1.6));
#44 = LINE('',#45,#46);
#45 = CARTESIAN_POINT('',(122.505,-48.14,0.));
#46 = VECTOR('',#47,1.);
#47 = DIRECTION('',(0.,0.,1.));
#48 = ORIENTED_EDGE('',*,*,#49,.T.);
#49 = EDGE_CURVE('',#42,#50,#52,.T.);
#50 = VERTEX_POINT('',#51);
#51 = CARTESIAN_POINT('',(125.505,-51.14,1.6));
#52 = CIRCLE('',#53,3.000001172987);
#53 = AXIS2_PLACEMENT_3D('',#54,#55,#56);
#54 = CARTESIAN_POINT('',(122.50499882701,-51.14000117298,1.6));
#55 = DIRECTION('',(0.,0.,-1.));
#56 = DIRECTION('',(3.909953568695E-07,1.,0.));
#57 = ORIENTED_EDGE('',*,*,#58,.F.);
#58 = EDGE_CURVE('',#59,#50,#61,.T.);
#59 = VERTEX_POINT('',#60);
#60 = CARTESIAN_POINT('',(125.505,-51.14,0.));
#61 = LINE('',#62,#63);
#62 = CARTESIAN_POINT('',(125.505,-51.14,0.));
#63 = VECTOR('',#64,1.);
#64 = DIRECTION('',(0.,0.,1.));
#65 = ORIENTED_EDGE('',*,*,#66,.F.);
#66 = EDGE_CURVE('',#40,#59,#67,.T.);
#67 = CIRCLE('',#68,3.000001172987);
#68 = AXIS2_PLACEMENT_3D('',#69,#70,#71);
#69 = CARTESIAN_POINT('',(122.50499882701,-51.14000117298,0.));
#70 = DIRECTION('',(0.,0.,-1.));
#71 = DIRECTION('',(3.909953568695E-07,1.,0.));
#72 = CYLINDRICAL_SURFACE('',#73,3.000001172987);
#73 = AXIS2_PLACEMENT_3D('',#74,#75,#76);
#74 = CARTESIAN_POINT('',(122.50499882701,-51.14000117298,0.));
#75 = DIRECTION('',(0.,0.,-1.));
#76 = DIRECTION('',(3.909953568695E-07,1.,0.));
#77 = ADVANCED_FACE('',(#78),#103,.T.);
#78 = FACE_BOUND('',#79,.T.);
#79 = EDGE_LOOP('',(#80,#90,#96,#97));
#80 = ORIENTED_EDGE('',*,*,#81,.T.);
#81 = EDGE_CURVE('',#82,#84,#86,.T.);
#82 = VERTEX_POINT('',#83);
#83 = CARTESIAN_POINT('',(68.895,-48.14,0.));
#84 = VERTEX_POINT('',#85);
#85 = CARTESIAN_POINT('',(68.895,-48.14,1.6));
#86 = LINE('',#87,#88);
#87 = CARTESIAN_POINT('',(68.895,-48.14,0.));
#88 = VECTOR('',#89,1.);
#89 = DIRECTION('',(0.,0.,1.));
#90 = ORIENTED_EDGE('',*,*,#91,.T.);
#91 = EDGE_CURVE('',#84,#42,#92,.T.);
#92 = LINE('',#93,#94);
#93 = CARTESIAN_POINT('',(68.895,-48.14,1.6));
#94 = VECTOR('',#95,1.);
#95 = DIRECTION('',(1.,0.,0.));
#96 = ORIENTED_EDGE('',*,*,#39,.F.);
#97 = ORIENTED_EDGE('',*,*,#98,.F.);
#98 = EDGE_CURVE('',#82,#40,#99,.T.);
#99 = LINE('',#100,#101);
#100 = CARTESIAN_POINT('',(68.895,-48.14,0.));
#101 = VECTOR('',#102,1.);
#102 = DIRECTION('',(1.,0.,0.));
#103 = PLANE('',#104);
#104 = AXIS2_PLACEMENT_3D('',#105,#106,#107);
#105 = CARTESIAN_POINT('',(68.895,-48.14,0.));
#106 = DIRECTION('',(0.,1.,0.));
#107 = DIRECTION('',(1.,0.,0.));
#108 = ADVANCED_FACE('',(#109),#134,.T.);
#109 = FACE_BOUND('',#110,.T.);
#110 = EDGE_LOOP('',(#111,#112,#120,#128));
#111 = ORIENTED_EDGE('',*,*,#58,.T.);
#112 = ORIENTED_EDGE('',*,*,#113,.T.);
#113 = EDGE_CURVE('',#50,#114,#116,.T.);
#114 = VERTEX_POINT('',#115);
#115 = CARTESIAN_POINT('',(125.505,-152.865,1.6));
#116 = LINE('',#117,#118);
#117 = CARTESIAN_POINT('',(125.505,-51.14,1.6));
#118 = VECTOR('',#119,1.);
#119 = DIRECTION('',(0.,-1.,0.));
#120 = ORIENTED_EDGE('',*,*,#121,.F.);
#121 = EDGE_CURVE('',#122,#114,#124,.T.);
#122 = VERTEX_POINT('',#123);
#123 = CARTESIAN_POINT('',(125.505,-152.865,0.));
#124 = LINE('',#125,#126);
#125 = CARTESIAN_POINT('',(125.505,-152.865,0.));
#126 = VECTOR('',#127,1.);
#127 = DIRECTION('',(0.,0.,1.));
#128 = ORIENTED_EDGE('',*,*,#129,.F.);
#129 = EDGE_CURVE('',#59,#122,#130,.T.);
#130 = LINE('',#131,#132);
#131 = CARTESIAN_POINT('',(125.505,-51.14,0.));
#132 = VECTOR('',#133,1.);
#133 = DIRECTION('',(0.,-1.,0.));
#134 = PLANE('',#135);
#135 = AXIS2_PLACEMENT_3D('',#136,#137,#138);
#136 = CARTESIAN_POINT('',(125.505,-51.14,0.));
#137 = DIRECTION('',(1.,0.,-0.));
#138 = DIRECTION('',(0.,-1.,0.));
#139 = ADVANCED_FACE('',(#140,#186,#197,#208,#219,#230,#241,#252,#263,
    #274,#285,#296,#307,#318,#329,#340,#351,#362,#373,#384,#395,#406,
    #417,#428,#439,#450,#461,#472,#483,#494,#505,#516,#527,#538,#549,
    #560,#571,#582,#593,#604,#615,#626,#637,#648,#659,#670,#681,#692,
    #703,#714,#725,#736,#747,#758,#769,#780,#791,#802,#813,#824,#835,
    #846,#857,#868,#879,#890,#901,#912,#923,#934,#945,#956,#967,#978,
    #989,#1000,#1011,#1022,#1033,#1044,#1055,#1066,#1077,#1088,#1099,
    #1110,#1121,#1132,#1143,#1154,#1165,#1176,#1187,#1198,#1209,#1220,
    #1231,#1242,#1253,#1264,#1275,#1286,#1297,#1308,#1319,#1330,#1341,
    #1352,#1363,#1374),#1385,.F.);
#140 = FACE_BOUND('',#141,.F.);
#141 = EDGE_LOOP('',(#142,#143,#144,#153,#161,#170,#178,#185));
#142 = ORIENTED_EDGE('',*,*,#66,.F.);
#143 = ORIENTED_EDGE('',*,*,#98,.F.);
#144 = ORIENTED_EDGE('',*,*,#145,.F.);
#145 = EDGE_CURVE('',#146,#82,#148,.T.);
#146 = VERTEX_POINT('',#147);
#147 = CARTESIAN_POINT('',(65.895,-51.14,0.));
#148 = CIRCLE('',#149,3.000001172987);
#149 = AXIS2_PLACEMENT_3D('',#150,#151,#152);
#150 = CARTESIAN_POINT('',(68.895001172987,-51.14000117298,0.));
#151 = DIRECTION('',(0.,0.,-1.));
#152 = DIRECTION('',(-1.,3.909953663434E-07,0.));
#153 = ORIENTED_EDGE('',*,*,#154,.F.);
#154 = EDGE_CURVE('',#155,#146,#157,.T.);
#155 = VERTEX_POINT('',#156);
#156 = CARTESIAN_POINT('',(65.895,-152.865,0.));
#157 = LINE('',#158,#159);
#158 = CARTESIAN_POINT('',(65.895,-152.865,0.));
#159 = VECTOR('',#160,1.);
#160 = DIRECTION('',(0.,1.,0.));
#161 = ORIENTED_EDGE('',*,*,#162,.F.);
#162 = EDGE_CURVE('',#163,#155,#165,.T.);
#163 = VERTEX_POINT('',#164);
#164 = CARTESIAN_POINT('',(68.895,-155.865,0.));
#165 = CIRCLE('',#166,3.000001172987);
#166 = AXIS2_PLACEMENT_3D('',#167,#168,#169);
#167 = CARTESIAN_POINT('',(68.895001172987,-152.864998827,0.));
#168 = DIRECTION('',(0.,0.,-1.));
#169 = DIRECTION('',(-3.909953663434E-07,-1.,-0.));
#170 = ORIENTED_EDGE('',*,*,#171,.F.);
#171 = EDGE_CURVE('',#172,#163,#174,.T.);
#172 = VERTEX_POINT('',#173);
#173 = CARTESIAN_POINT('',(122.505,-155.865,0.));
#174 = LINE('',#175,#176);
#175 = CARTESIAN_POINT('',(122.505,-155.865,0.));
#176 = VECTOR('',#177,1.);
#177 = DIRECTION('',(-1.,0.,0.));
#178 = ORIENTED_EDGE('',*,*,#179,.F.);
#179 = EDGE_CURVE('',#122,#172,#180,.T.);
#180 = CIRCLE('',#181,3.000001172987);
#181 = AXIS2_PLACEMENT_3D('',#182,#183,#184);
#182 = CARTESIAN_POINT('',(122.50499882701,-152.864998827,0.));
#183 = DIRECTION('',(0.,0.,-1.));
#184 = DIRECTION('',(1.,-3.909953616065E-07,0.));
#185 = ORIENTED_EDGE('',*,*,#129,.F.);
#186 = FACE_BOUND('',#187,.F.);
#187 = EDGE_LOOP('',(#188));
#188 = ORIENTED_EDGE('',*,*,#189,.T.);
#189 = EDGE_CURVE('',#190,#190,#192,.T.);
#190 = VERTEX_POINT('',#191);
#191 = CARTESIAN_POINT('',(68.895,-153.965,0.));
#192 = CIRCLE('',#193,1.1);
#193 = AXIS2_PLACEMENT_3D('',#194,#195,#196);
#194 = CARTESIAN_POINT('',(68.895,-152.865,0.));
#195 = DIRECTION('',(-0.,0.,-1.));
#196 = DIRECTION('',(-1.2918958832E-14,-1.,0.));
#197 = FACE_BOUND('',#198,.F.);
#198 = EDGE_LOOP('',(#199));
#199 = ORIENTED_EDGE('',*,*,#200,.T.);
#200 = EDGE_CURVE('',#201,#201,#203,.T.);
#201 = VERTEX_POINT('',#202);
#202 = CARTESIAN_POINT('',(77.935,-153.785,0.));
#203 = CIRCLE('',#204,0.5);
#204 = AXIS2_PLACEMENT_3D('',#205,#206,#207);
#205 = CARTESIAN_POINT('',(77.935,-153.285,0.));
#206 = DIRECTION('',(-0.,0.,-1.));
#207 = DIRECTION('',(-0.,-1.,0.));
#208 = FACE_BOUND('',#209,.F.);
#209 = EDGE_LOOP('',(#210));
#210 = ORIENTED_EDGE('',*,*,#211,.T.);
#211 = EDGE_CURVE('',#212,#212,#214,.T.);
#212 = VERTEX_POINT('',#213);
#213 = CARTESIAN_POINT('',(77.935,-148.785,0.));
#214 = CIRCLE('',#215,0.5);
#215 = AXIS2_PLACEMENT_3D('',#216,#217,#218);
#216 = CARTESIAN_POINT('',(77.935,-148.285,0.));
#217 = DIRECTION('',(-0.,0.,-1.));
#218 = DIRECTION('',(-0.,-1.,0.));
#219 = FACE_BOUND('',#220,.F.);
#220 = EDGE_LOOP('',(#221));
#221 = ORIENTED_EDGE('',*,*,#222,.T.);
#222 = EDGE_CURVE('',#223,#223,#225,.T.);
#223 = VERTEX_POINT('',#224);
#224 = CARTESIAN_POINT('',(77.935,-141.785,0.));
#225 = CIRCLE('',#226,0.5);
#226 = AXIS2_PLACEMENT_3D('',#227,#228,#229);
#227 = CARTESIAN_POINT('',(77.935,-141.285,0.));
#228 = DIRECTION('',(-0.,0.,-1.));
#229 = DIRECTION('',(-0.,-1.,0.));
#230 = FACE_BOUND('',#231,.F.);
#231 = EDGE_LOOP('',(#232));
#232 = ORIENTED_EDGE('',*,*,#233,.T.);
#233 = EDGE_CURVE('',#234,#234,#236,.T.);
#234 = VERTEX_POINT('',#235);
#235 = CARTESIAN_POINT('',(77.935,-136.785,0.));
#236 = CIRCLE('',#237,0.5);
#237 = AXIS2_PLACEMENT_3D('',#238,#239,#240);
#238 = CARTESIAN_POINT('',(77.935,-136.285,0.));
#239 = DIRECTION('',(-0.,0.,-1.));
#240 = DIRECTION('',(-0.,-1.,0.));
#241 = FACE_BOUND('',#242,.F.);
#242 = EDGE_LOOP('',(#243));
#243 = ORIENTED_EDGE('',*,*,#244,.T.);
#244 = EDGE_CURVE('',#245,#245,#247,.T.);
#245 = VERTEX_POINT('',#246);
#246 = CARTESIAN_POINT('',(80.91,-128.76,0.));
#247 = CIRCLE('',#248,0.5);
#248 = AXIS2_PLACEMENT_3D('',#249,#250,#251);
#249 = CARTESIAN_POINT('',(80.91,-128.26,0.));
#250 = DIRECTION('',(-0.,0.,-1.));
#251 = DIRECTION('',(-0.,-1.,0.));
#252 = FACE_BOUND('',#253,.F.);
#253 = EDGE_LOOP('',(#254));
#254 = ORIENTED_EDGE('',*,*,#255,.T.);
#255 = EDGE_CURVE('',#256,#256,#258,.T.);
#256 = VERTEX_POINT('',#257);
#257 = CARTESIAN_POINT('',(85.98,-151.565,0.));
#258 = CIRCLE('',#259,0.5);
#259 = AXIS2_PLACEMENT_3D('',#260,#261,#262);
#260 = CARTESIAN_POINT('',(85.98,-151.065,0.));
#261 = DIRECTION('',(-0.,0.,-1.));
#262 = DIRECTION('',(-0.,-1.,0.));
#263 = FACE_BOUND('',#264,.F.);
#264 = EDGE_LOOP('',(#265));
#265 = ORIENTED_EDGE('',*,*,#266,.T.);
#266 = EDGE_CURVE('',#267,#267,#269,.T.);
#267 = VERTEX_POINT('',#268);
#268 = CARTESIAN_POINT('',(85.98,-149.025,0.));
#269 = CIRCLE('',#270,0.5);
#270 = AXIS2_PLACEMENT_3D('',#271,#272,#273);
#271 = CARTESIAN_POINT('',(85.98,-148.525,0.));
#272 = DIRECTION('',(-0.,0.,-1.));
#273 = DIRECTION('',(-0.,-1.,0.));
#274 = FACE_BOUND('',#275,.F.);
#275 = EDGE_LOOP('',(#276));
#276 = ORIENTED_EDGE('',*,*,#277,.T.);
#277 = EDGE_CURVE('',#278,#278,#280,.T.);
#278 = VERTEX_POINT('',#279);
#279 = CARTESIAN_POINT('',(85.98,-146.485,0.));
#280 = CIRCLE('',#281,0.5);
#281 = AXIS2_PLACEMENT_3D('',#282,#283,#284);
#282 = CARTESIAN_POINT('',(85.98,-145.985,0.));
#283 = DIRECTION('',(-0.,0.,-1.));
#284 = DIRECTION('',(-0.,-1.,0.));
#285 = FACE_BOUND('',#286,.F.);
#286 = EDGE_LOOP('',(#287));
#287 = ORIENTED_EDGE('',*,*,#288,.T.);
#288 = EDGE_CURVE('',#289,#289,#291,.T.);
#289 = VERTEX_POINT('',#290);
#290 = CARTESIAN_POINT('',(85.98,-143.945,0.));
#291 = CIRCLE('',#292,0.5);
#292 = AXIS2_PLACEMENT_3D('',#293,#294,#295);
#293 = CARTESIAN_POINT('',(85.98,-143.445,0.));
#294 = DIRECTION('',(-0.,0.,-1.));
#295 = DIRECTION('',(-0.,-1.,0.));
#296 = FACE_BOUND('',#297,.F.);
#297 = EDGE_LOOP('',(#298));
#298 = ORIENTED_EDGE('',*,*,#299,.T.);
#299 = EDGE_CURVE('',#300,#300,#302,.T.);
#300 = VERTEX_POINT('',#301);
#301 = CARTESIAN_POINT('',(90.935,-153.785,0.));
#302 = CIRCLE('',#303,0.5);
#303 = AXIS2_PLACEMENT_3D('',#304,#305,#306);
#304 = CARTESIAN_POINT('',(90.935,-153.285,0.));
#305 = DIRECTION('',(-0.,0.,-1.));
#306 = DIRECTION('',(-0.,-1.,0.));
#307 = FACE_BOUND('',#308,.F.);
#308 = EDGE_LOOP('',(#309));
#309 = ORIENTED_EDGE('',*,*,#310,.T.);
#310 = EDGE_CURVE('',#311,#311,#313,.T.);
#311 = VERTEX_POINT('',#312);
#312 = CARTESIAN_POINT('',(90.935,-148.785,0.));
#313 = CIRCLE('',#314,0.5);
#314 = AXIS2_PLACEMENT_3D('',#315,#316,#317);
#315 = CARTESIAN_POINT('',(90.935,-148.285,0.));
#316 = DIRECTION('',(-0.,0.,-1.));
#317 = DIRECTION('',(-0.,-1.,0.));
#318 = FACE_BOUND('',#319,.F.);
#319 = EDGE_LOOP('',(#320));
#320 = ORIENTED_EDGE('',*,*,#321,.T.);
#321 = EDGE_CURVE('',#322,#322,#324,.T.);
#322 = VERTEX_POINT('',#323);
#323 = CARTESIAN_POINT('',(90.91,-141.76,0.));
#324 = CIRCLE('',#325,0.5);
#325 = AXIS2_PLACEMENT_3D('',#326,#327,#328);
#326 = CARTESIAN_POINT('',(90.91,-141.26,0.));
#327 = DIRECTION('',(-0.,0.,-1.));
#328 = DIRECTION('',(-0.,-1.,0.));
#329 = FACE_BOUND('',#330,.F.);
#330 = EDGE_LOOP('',(#331));
#331 = ORIENTED_EDGE('',*,*,#332,.T.);
#332 = EDGE_CURVE('',#333,#333,#335,.T.);
#333 = VERTEX_POINT('',#334);
#334 = CARTESIAN_POINT('',(85.98,-141.405,0.));
#335 = CIRCLE('',#336,0.5);
#336 = AXIS2_PLACEMENT_3D('',#337,#338,#339);
#337 = CARTESIAN_POINT('',(85.98,-140.905,0.));
#338 = DIRECTION('',(-0.,0.,-1.));
#339 = DIRECTION('',(-0.,-1.,0.));
#340 = FACE_BOUND('',#341,.F.);
#341 = EDGE_LOOP('',(#342));
#342 = ORIENTED_EDGE('',*,*,#343,.T.);
#343 = EDGE_CURVE('',#344,#344,#346,.T.);
#344 = VERTEX_POINT('',#345);
#345 = CARTESIAN_POINT('',(85.98,-138.865,0.));
#346 = CIRCLE('',#347,0.5);
#347 = AXIS2_PLACEMENT_3D('',#348,#349,#350);
#348 = CARTESIAN_POINT('',(85.98,-138.365,0.));
#349 = DIRECTION('',(-0.,0.,-1.));
#350 = DIRECTION('',(-0.,-1.,0.));
#351 = FACE_BOUND('',#352,.F.);
#352 = EDGE_LOOP('',(#353));
#353 = ORIENTED_EDGE('',*,*,#354,.T.);
#354 = EDGE_CURVE('',#355,#355,#357,.T.);
#355 = VERTEX_POINT('',#356);
#356 = CARTESIAN_POINT('',(85.98,-136.325,0.));
#357 = CIRCLE('',#358,0.5);
#358 = AXIS2_PLACEMENT_3D('',#359,#360,#361);
#359 = CARTESIAN_POINT('',(85.98,-135.825,0.));
#360 = DIRECTION('',(-0.,0.,-1.));
#361 = DIRECTION('',(-0.,-1.,0.));
#362 = FACE_BOUND('',#363,.F.);
#363 = EDGE_LOOP('',(#364));
#364 = ORIENTED_EDGE('',*,*,#365,.T.);
#365 = EDGE_CURVE('',#366,#366,#368,.T.);
#366 = VERTEX_POINT('',#367);
#367 = CARTESIAN_POINT('',(83.45,-128.76,0.));
#368 = CIRCLE('',#369,0.5);
#369 = AXIS2_PLACEMENT_3D('',#370,#371,#372);
#370 = CARTESIAN_POINT('',(83.45,-128.26,0.));
#371 = DIRECTION('',(-0.,0.,-1.));
#372 = DIRECTION('',(-0.,-1.,0.));
#373 = FACE_BOUND('',#374,.F.);
#374 = EDGE_LOOP('',(#375));
#375 = ORIENTED_EDGE('',*,*,#376,.T.);
#376 = EDGE_CURVE('',#377,#377,#379,.T.);
#377 = VERTEX_POINT('',#378);
#378 = CARTESIAN_POINT('',(85.98,-133.785,0.));
#379 = CIRCLE('',#380,0.5);
#380 = AXIS2_PLACEMENT_3D('',#381,#382,#383);
#381 = CARTESIAN_POINT('',(85.98,-133.285,0.));
#382 = DIRECTION('',(-0.,0.,-1.));
#383 = DIRECTION('',(-0.,-1.,0.));
#384 = FACE_BOUND('',#385,.F.);
#385 = EDGE_LOOP('',(#386));
#386 = ORIENTED_EDGE('',*,*,#387,.T.);
#387 = EDGE_CURVE('',#388,#388,#390,.T.);
#388 = VERTEX_POINT('',#389);
#389 = CARTESIAN_POINT('',(85.99,-128.76,0.));
#390 = CIRCLE('',#391,0.5);
#391 = AXIS2_PLACEMENT_3D('',#392,#393,#394);
#392 = CARTESIAN_POINT('',(85.99,-128.26,0.));
#393 = DIRECTION('',(-0.,0.,-1.));
#394 = DIRECTION('',(-0.,-1.,0.));
#395 = FACE_BOUND('',#396,.F.);
#396 = EDGE_LOOP('',(#397));
#397 = ORIENTED_EDGE('',*,*,#398,.T.);
#398 = EDGE_CURVE('',#399,#399,#401,.T.);
#399 = VERTEX_POINT('',#400);
#400 = CARTESIAN_POINT('',(88.53,-128.76,0.));
#401 = CIRCLE('',#402,0.5);
#402 = AXIS2_PLACEMENT_3D('',#403,#404,#405);
#403 = CARTESIAN_POINT('',(88.53,-128.26,0.));
#404 = DIRECTION('',(-0.,0.,-1.));
#405 = DIRECTION('',(-0.,-1.,0.));
#406 = FACE_BOUND('',#407,.F.);
#407 = EDGE_LOOP('',(#408));
#408 = ORIENTED_EDGE('',*,*,#409,.T.);
#409 = EDGE_CURVE('',#410,#410,#412,.T.);
#410 = VERTEX_POINT('',#411);
#411 = CARTESIAN_POINT('',(90.935,-136.785,0.));
#412 = CIRCLE('',#413,0.5);
#413 = AXIS2_PLACEMENT_3D('',#414,#415,#416);
#414 = CARTESIAN_POINT('',(90.935,-136.285,0.));
#415 = DIRECTION('',(-0.,0.,-1.));
#416 = DIRECTION('',(-0.,-1.,0.));
#417 = FACE_BOUND('',#418,.F.);
#418 = EDGE_LOOP('',(#419));
#419 = ORIENTED_EDGE('',*,*,#420,.T.);
#420 = EDGE_CURVE('',#421,#421,#423,.T.);
#421 = VERTEX_POINT('',#422);
#422 = CARTESIAN_POINT('',(91.07,-128.76,0.));
#423 = CIRCLE('',#424,0.5);
#424 = AXIS2_PLACEMENT_3D('',#425,#426,#427);
#425 = CARTESIAN_POINT('',(91.07,-128.26,0.));
#426 = DIRECTION('',(-0.,0.,-1.));
#427 = DIRECTION('',(-0.,-1.,0.));
#428 = FACE_BOUND('',#429,.F.);
#429 = EDGE_LOOP('',(#430));
#430 = ORIENTED_EDGE('',*,*,#431,.T.);
#431 = EDGE_CURVE('',#432,#432,#434,.T.);
#432 = VERTEX_POINT('',#433);
#433 = CARTESIAN_POINT('',(93.61,-128.76,0.));
#434 = CIRCLE('',#435,0.5);
#435 = AXIS2_PLACEMENT_3D('',#436,#437,#438);
#436 = CARTESIAN_POINT('',(93.61,-128.26,0.));
#437 = DIRECTION('',(-0.,0.,-1.));
#438 = DIRECTION('',(-0.,-1.,0.));
#439 = FACE_BOUND('',#440,.F.);
#440 = EDGE_LOOP('',(#441));
#441 = ORIENTED_EDGE('',*,*,#442,.T.);
#442 = EDGE_CURVE('',#443,#443,#445,.T.);
#443 = VERTEX_POINT('',#444);
#444 = CARTESIAN_POINT('',(87.66,-110.04,0.));
#445 = CIRCLE('',#446,0.5);
#446 = AXIS2_PLACEMENT_3D('',#447,#448,#449);
#447 = CARTESIAN_POINT('',(87.66,-109.54,0.));
#448 = DIRECTION('',(-0.,0.,-1.));
#449 = DIRECTION('',(-0.,-1.,0.));
#450 = FACE_BOUND('',#451,.F.);
#451 = EDGE_LOOP('',(#452));
#452 = ORIENTED_EDGE('',*,*,#453,.T.);
#453 = EDGE_CURVE('',#454,#454,#456,.T.);
#454 = VERTEX_POINT('',#455);
#455 = CARTESIAN_POINT('',(87.66,-104.,0.));
#456 = CIRCLE('',#457,0.5);
#457 = AXIS2_PLACEMENT_3D('',#458,#459,#460);
#458 = CARTESIAN_POINT('',(87.66,-103.5,0.));
#459 = DIRECTION('',(-0.,0.,-1.));
#460 = DIRECTION('',(-0.,-1.,0.));
#461 = FACE_BOUND('',#462,.F.);
#462 = EDGE_LOOP('',(#463));
#463 = ORIENTED_EDGE('',*,*,#464,.T.);
#464 = EDGE_CURVE('',#465,#465,#467,.T.);
#465 = VERTEX_POINT('',#466);
#466 = CARTESIAN_POINT('',(93.,-111.76,0.));
#467 = CIRCLE('',#468,0.5);
#468 = AXIS2_PLACEMENT_3D('',#469,#470,#471);
#469 = CARTESIAN_POINT('',(93.,-111.26,0.));
#470 = DIRECTION('',(-0.,0.,-1.));
#471 = DIRECTION('',(-0.,-1.,0.));
#472 = FACE_BOUND('',#473,.F.);
#473 = EDGE_LOOP('',(#474));
#474 = ORIENTED_EDGE('',*,*,#475,.T.);
#475 = EDGE_CURVE('',#476,#476,#478,.T.);
#476 = VERTEX_POINT('',#477);
#477 = CARTESIAN_POINT('',(93.,-109.22,0.));
#478 = CIRCLE('',#479,0.5);
#479 = AXIS2_PLACEMENT_3D('',#480,#481,#482);
#480 = CARTESIAN_POINT('',(93.,-108.72,0.));
#481 = DIRECTION('',(-0.,0.,-1.));
#482 = DIRECTION('',(-0.,-1.,0.));
#483 = FACE_BOUND('',#484,.F.);
#484 = EDGE_LOOP('',(#485));
#485 = ORIENTED_EDGE('',*,*,#486,.T.);
#486 = EDGE_CURVE('',#487,#487,#489,.T.);
#487 = VERTEX_POINT('',#488);
#488 = CARTESIAN_POINT('',(93.,-106.68,0.));
#489 = CIRCLE('',#490,0.5);
#490 = AXIS2_PLACEMENT_3D('',#491,#492,#493);
#491 = CARTESIAN_POINT('',(93.,-106.18,0.));
#492 = DIRECTION('',(-0.,0.,-1.));
#493 = DIRECTION('',(-0.,-1.,0.));
#494 = FACE_BOUND('',#495,.F.);
#495 = EDGE_LOOP('',(#496));
#496 = ORIENTED_EDGE('',*,*,#497,.T.);
#497 = EDGE_CURVE('',#498,#498,#500,.T.);
#498 = VERTEX_POINT('',#499);
#499 = CARTESIAN_POINT('',(93.,-104.14,0.));
#500 = CIRCLE('',#501,0.5);
#501 = AXIS2_PLACEMENT_3D('',#502,#503,#504);
#502 = CARTESIAN_POINT('',(93.,-103.64,0.));
#503 = DIRECTION('',(-0.,0.,-1.));
#504 = DIRECTION('',(-0.,-1.,0.));
#505 = FACE_BOUND('',#506,.F.);
#506 = EDGE_LOOP('',(#507));
#507 = ORIENTED_EDGE('',*,*,#508,.T.);
#508 = EDGE_CURVE('',#509,#509,#511,.T.);
#509 = VERTEX_POINT('',#510);
#510 = CARTESIAN_POINT('',(103.955,-153.785,0.));
#511 = CIRCLE('',#512,0.5);
#512 = AXIS2_PLACEMENT_3D('',#513,#514,#515);
#513 = CARTESIAN_POINT('',(103.955,-153.285,0.));
#514 = DIRECTION('',(-0.,0.,-1.));
#515 = DIRECTION('',(-0.,-1.,0.));
#516 = FACE_BOUND('',#517,.F.);
#517 = EDGE_LOOP('',(#518));
#518 = ORIENTED_EDGE('',*,*,#519,.T.);
#519 = EDGE_CURVE('',#520,#520,#522,.T.);
#520 = VERTEX_POINT('',#521);
#521 = CARTESIAN_POINT('',(103.955,-148.785,0.));
#522 = CIRCLE('',#523,0.5);
#523 = AXIS2_PLACEMENT_3D('',#524,#525,#526);
#524 = CARTESIAN_POINT('',(103.955,-148.285,0.));
#525 = DIRECTION('',(-0.,0.,-1.));
#526 = DIRECTION('',(-0.,-1.,0.));
#527 = FACE_BOUND('',#528,.F.);
#528 = EDGE_LOOP('',(#529));
#529 = ORIENTED_EDGE('',*,*,#530,.T.);
#530 = EDGE_CURVE('',#531,#531,#533,.T.);
#531 = VERTEX_POINT('',#532);
#532 = CARTESIAN_POINT('',(108.84,-151.565,0.));
#533 = CIRCLE('',#534,0.5);
#534 = AXIS2_PLACEMENT_3D('',#535,#536,#537);
#535 = CARTESIAN_POINT('',(108.84,-151.065,0.));
#536 = DIRECTION('',(-0.,0.,-1.));
#537 = DIRECTION('',(-0.,-1.,0.));
#538 = FACE_BOUND('',#539,.F.);
#539 = EDGE_LOOP('',(#540));
#540 = ORIENTED_EDGE('',*,*,#541,.T.);
#541 = EDGE_CURVE('',#542,#542,#544,.T.);
#542 = VERTEX_POINT('',#543);
#543 = CARTESIAN_POINT('',(108.84,-149.025,0.));
#544 = CIRCLE('',#545,0.5);
#545 = AXIS2_PLACEMENT_3D('',#546,#547,#548);
#546 = CARTESIAN_POINT('',(108.84,-148.525,0.));
#547 = DIRECTION('',(-0.,0.,-1.));
#548 = DIRECTION('',(-0.,-1.,0.));
#549 = FACE_BOUND('',#550,.F.);
#550 = EDGE_LOOP('',(#551));
#551 = ORIENTED_EDGE('',*,*,#552,.T.);
#552 = EDGE_CURVE('',#553,#553,#555,.T.);
#553 = VERTEX_POINT('',#554);
#554 = CARTESIAN_POINT('',(103.955,-141.785,0.));
#555 = CIRCLE('',#556,0.5);
#556 = AXIS2_PLACEMENT_3D('',#557,#558,#559);
#557 = CARTESIAN_POINT('',(103.955,-141.285,0.));
#558 = DIRECTION('',(-0.,0.,-1.));
#559 = DIRECTION('',(-0.,-1.,0.));
#560 = FACE_BOUND('',#561,.F.);
#561 = EDGE_LOOP('',(#562));
#562 = ORIENTED_EDGE('',*,*,#563,.T.);
#563 = EDGE_CURVE('',#564,#564,#566,.T.);
#564 = VERTEX_POINT('',#565);
#565 = CARTESIAN_POINT('',(108.84,-146.485,0.));
#566 = CIRCLE('',#567,0.5);
#567 = AXIS2_PLACEMENT_3D('',#568,#569,#570);
#568 = CARTESIAN_POINT('',(108.84,-145.985,0.));
#569 = DIRECTION('',(-0.,0.,-1.));
#570 = DIRECTION('',(-0.,-1.,0.));
#571 = FACE_BOUND('',#572,.F.);
#572 = EDGE_LOOP('',(#573));
#573 = ORIENTED_EDGE('',*,*,#574,.T.);
#574 = EDGE_CURVE('',#575,#575,#577,.T.);
#575 = VERTEX_POINT('',#576);
#576 = CARTESIAN_POINT('',(108.84,-143.945,0.));
#577 = CIRCLE('',#578,0.5);
#578 = AXIS2_PLACEMENT_3D('',#579,#580,#581);
#579 = CARTESIAN_POINT('',(108.84,-143.445,0.));
#580 = DIRECTION('',(-0.,0.,-1.));
#581 = DIRECTION('',(-0.,-1.,0.));
#582 = FACE_BOUND('',#583,.F.);
#583 = EDGE_LOOP('',(#584));
#584 = ORIENTED_EDGE('',*,*,#585,.T.);
#585 = EDGE_CURVE('',#586,#586,#588,.T.);
#586 = VERTEX_POINT('',#587);
#587 = CARTESIAN_POINT('',(96.15,-128.76,0.));
#588 = CIRCLE('',#589,0.5);
#589 = AXIS2_PLACEMENT_3D('',#590,#591,#592);
#590 = CARTESIAN_POINT('',(96.15,-128.26,0.));
#591 = DIRECTION('',(-0.,0.,-1.));
#592 = DIRECTION('',(-0.,-1.,0.));
#593 = FACE_BOUND('',#594,.F.);
#594 = EDGE_LOOP('',(#595));
#595 = ORIENTED_EDGE('',*,*,#596,.T.);
#596 = EDGE_CURVE('',#597,#597,#599,.T.);
#597 = VERTEX_POINT('',#598);
#598 = CARTESIAN_POINT('',(98.69,-128.76,0.));
#599 = CIRCLE('',#600,0.5);
#600 = AXIS2_PLACEMENT_3D('',#601,#602,#603);
#601 = CARTESIAN_POINT('',(98.69,-128.26,0.));
#602 = DIRECTION('',(-0.,0.,-1.));
#603 = DIRECTION('',(-0.,-1.,0.));
#604 = FACE_BOUND('',#605,.F.);
#605 = EDGE_LOOP('',(#606));
#606 = ORIENTED_EDGE('',*,*,#607,.T.);
#607 = EDGE_CURVE('',#608,#608,#610,.T.);
#608 = VERTEX_POINT('',#609);
#609 = CARTESIAN_POINT('',(101.23,-128.76,0.));
#610 = CIRCLE('',#611,0.5);
#611 = AXIS2_PLACEMENT_3D('',#612,#613,#614);
#612 = CARTESIAN_POINT('',(101.23,-128.26,0.));
#613 = DIRECTION('',(-0.,0.,-1.));
#614 = DIRECTION('',(-0.,-1.,0.));
#615 = FACE_BOUND('',#616,.F.);
#616 = EDGE_LOOP('',(#617));
#617 = ORIENTED_EDGE('',*,*,#618,.T.);
#618 = EDGE_CURVE('',#619,#619,#621,.T.);
#619 = VERTEX_POINT('',#620);
#620 = CARTESIAN_POINT('',(103.955,-136.785,0.));
#621 = CIRCLE('',#622,0.5);
#622 = AXIS2_PLACEMENT_3D('',#623,#624,#625);
#623 = CARTESIAN_POINT('',(103.955,-136.285,0.));
#624 = DIRECTION('',(-0.,0.,-1.));
#625 = DIRECTION('',(-0.,-1.,0.));
#626 = FACE_BOUND('',#627,.F.);
#627 = EDGE_LOOP('',(#628));
#628 = ORIENTED_EDGE('',*,*,#629,.T.);
#629 = EDGE_CURVE('',#630,#630,#632,.T.);
#630 = VERTEX_POINT('',#631);
#631 = CARTESIAN_POINT('',(108.84,-141.405,0.));
#632 = CIRCLE('',#633,0.5);
#633 = AXIS2_PLACEMENT_3D('',#634,#635,#636);
#634 = CARTESIAN_POINT('',(108.84,-140.905,0.));
#635 = DIRECTION('',(-0.,0.,-1.));
#636 = DIRECTION('',(-0.,-1.,0.));
#637 = FACE_BOUND('',#638,.F.);
#638 = EDGE_LOOP('',(#639));
#639 = ORIENTED_EDGE('',*,*,#640,.T.);
#640 = EDGE_CURVE('',#641,#641,#643,.T.);
#641 = VERTEX_POINT('',#642);
#642 = CARTESIAN_POINT('',(108.84,-138.865,0.));
#643 = CIRCLE('',#644,0.5);
#644 = AXIS2_PLACEMENT_3D('',#645,#646,#647);
#645 = CARTESIAN_POINT('',(108.84,-138.365,0.));
#646 = DIRECTION('',(-0.,0.,-1.));
#647 = DIRECTION('',(-0.,-1.,0.));
#648 = FACE_BOUND('',#649,.F.);
#649 = EDGE_LOOP('',(#650));
#650 = ORIENTED_EDGE('',*,*,#651,.T.);
#651 = EDGE_CURVE('',#652,#652,#654,.T.);
#652 = VERTEX_POINT('',#653);
#653 = CARTESIAN_POINT('',(108.84,-136.325,0.));
#654 = CIRCLE('',#655,0.5);
#655 = AXIS2_PLACEMENT_3D('',#656,#657,#658);
#656 = CARTESIAN_POINT('',(108.84,-135.825,0.));
#657 = DIRECTION('',(-0.,0.,-1.));
#658 = DIRECTION('',(-0.,-1.,0.));
#659 = FACE_BOUND('',#660,.F.);
#660 = EDGE_LOOP('',(#661));
#661 = ORIENTED_EDGE('',*,*,#662,.T.);
#662 = EDGE_CURVE('',#663,#663,#665,.T.);
#663 = VERTEX_POINT('',#664);
#664 = CARTESIAN_POINT('',(103.77,-128.76,0.));
#665 = CIRCLE('',#666,0.5);
#666 = AXIS2_PLACEMENT_3D('',#667,#668,#669);
#667 = CARTESIAN_POINT('',(103.77,-128.26,0.));
#668 = DIRECTION('',(-0.,0.,-1.));
#669 = DIRECTION('',(-0.,-1.,0.));
#670 = FACE_BOUND('',#671,.F.);
#671 = EDGE_LOOP('',(#672));
#672 = ORIENTED_EDGE('',*,*,#673,.T.);
#673 = EDGE_CURVE('',#674,#674,#676,.T.);
#674 = VERTEX_POINT('',#675);
#675 = CARTESIAN_POINT('',(108.84,-133.785,0.));
#676 = CIRCLE('',#677,0.5);
#677 = AXIS2_PLACEMENT_3D('',#678,#679,#680);
#678 = CARTESIAN_POINT('',(108.84,-133.285,0.));
#679 = DIRECTION('',(-0.,0.,-1.));
#680 = DIRECTION('',(-0.,-1.,0.));
#681 = FACE_BOUND('',#682,.F.);
#682 = EDGE_LOOP('',(#683));
#683 = ORIENTED_EDGE('',*,*,#684,.T.);
#684 = EDGE_CURVE('',#685,#685,#687,.T.);
#685 = VERTEX_POINT('',#686);
#686 = CARTESIAN_POINT('',(106.31,-128.76,0.));
#687 = CIRCLE('',#688,0.5);
#688 = AXIS2_PLACEMENT_3D('',#689,#690,#691);
#689 = CARTESIAN_POINT('',(106.31,-128.26,0.));
#690 = DIRECTION('',(-0.,0.,-1.));
#691 = DIRECTION('',(-0.,-1.,0.));
#692 = FACE_BOUND('',#693,.F.);
#693 = EDGE_LOOP('',(#694));
#694 = ORIENTED_EDGE('',*,*,#695,.T.);
#695 = EDGE_CURVE('',#696,#696,#698,.T.);
#696 = VERTEX_POINT('',#697);
#697 = CARTESIAN_POINT('',(108.85,-128.76,0.));
#698 = CIRCLE('',#699,0.5);
#699 = AXIS2_PLACEMENT_3D('',#700,#701,#702);
#700 = CARTESIAN_POINT('',(108.85,-128.26,0.));
#701 = DIRECTION('',(-0.,0.,-1.));
#702 = DIRECTION('',(-0.,-1.,0.));
#703 = FACE_BOUND('',#704,.F.);
#704 = EDGE_LOOP('',(#705));
#705 = ORIENTED_EDGE('',*,*,#706,.T.);
#706 = EDGE_CURVE('',#707,#707,#709,.T.);
#707 = VERTEX_POINT('',#708);
#708 = CARTESIAN_POINT('',(116.955,-153.785,0.));
#709 = CIRCLE('',#710,0.5);
#710 = AXIS2_PLACEMENT_3D('',#711,#712,#713);
#711 = CARTESIAN_POINT('',(116.955,-153.285,0.));
#712 = DIRECTION('',(-0.,0.,-1.));
#713 = DIRECTION('',(-0.,-1.,0.));
#714 = FACE_BOUND('',#715,.F.);
#715 = EDGE_LOOP('',(#716));
#716 = ORIENTED_EDGE('',*,*,#717,.T.);
#717 = EDGE_CURVE('',#718,#718,#720,.T.);
#718 = VERTEX_POINT('',#719);
#719 = CARTESIAN_POINT('',(116.955,-148.785,0.));
#720 = CIRCLE('',#721,0.5);
#721 = AXIS2_PLACEMENT_3D('',#722,#723,#724);
#722 = CARTESIAN_POINT('',(116.955,-148.285,0.));
#723 = DIRECTION('',(-0.,0.,-1.));
#724 = DIRECTION('',(-0.,-1.,0.));
#725 = FACE_BOUND('',#726,.F.);
#726 = EDGE_LOOP('',(#727));
#727 = ORIENTED_EDGE('',*,*,#728,.T.);
#728 = EDGE_CURVE('',#729,#729,#731,.T.);
#729 = VERTEX_POINT('',#730);
#730 = CARTESIAN_POINT('',(122.505,-153.965,0.));
#731 = CIRCLE('',#732,1.1);
#732 = AXIS2_PLACEMENT_3D('',#733,#734,#735);
#733 = CARTESIAN_POINT('',(122.505,-152.865,0.));
#734 = DIRECTION('',(-0.,0.,-1.));
#735 = DIRECTION('',(-0.,-1.,0.));
#736 = FACE_BOUND('',#737,.F.);
#737 = EDGE_LOOP('',(#738));
#738 = ORIENTED_EDGE('',*,*,#739,.T.);
#739 = EDGE_CURVE('',#740,#740,#742,.T.);
#740 = VERTEX_POINT('',#741);
#741 = CARTESIAN_POINT('',(116.955,-141.785,0.));
#742 = CIRCLE('',#743,0.5);
#743 = AXIS2_PLACEMENT_3D('',#744,#745,#746);
#744 = CARTESIAN_POINT('',(116.955,-141.285,0.));
#745 = DIRECTION('',(-0.,0.,-1.));
#746 = DIRECTION('',(-0.,-1.,0.));
#747 = FACE_BOUND('',#748,.F.);
#748 = EDGE_LOOP('',(#749));
#749 = ORIENTED_EDGE('',*,*,#750,.T.);
#750 = EDGE_CURVE('',#751,#751,#753,.T.);
#751 = VERTEX_POINT('',#752);
#752 = CARTESIAN_POINT('',(111.39,-128.76,0.));
#753 = CIRCLE('',#754,0.5);
#754 = AXIS2_PLACEMENT_3D('',#755,#756,#757);
#755 = CARTESIAN_POINT('',(111.39,-128.26,0.));
#756 = DIRECTION('',(-0.,0.,-1.));
#757 = DIRECTION('',(-0.,-1.,0.));
#758 = FACE_BOUND('',#759,.F.);
#759 = EDGE_LOOP('',(#760));
#760 = ORIENTED_EDGE('',*,*,#761,.T.);
#761 = EDGE_CURVE('',#762,#762,#764,.T.);
#762 = VERTEX_POINT('',#763);
#763 = CARTESIAN_POINT('',(113.93,-128.76,0.));
#764 = CIRCLE('',#765,0.5);
#765 = AXIS2_PLACEMENT_3D('',#766,#767,#768);
#766 = CARTESIAN_POINT('',(113.93,-128.26,0.));
#767 = DIRECTION('',(-0.,0.,-1.));
#768 = DIRECTION('',(-0.,-1.,0.));
#769 = FACE_BOUND('',#770,.F.);
#770 = EDGE_LOOP('',(#771));
#771 = ORIENTED_EDGE('',*,*,#772,.T.);
#772 = EDGE_CURVE('',#773,#773,#775,.T.);
#773 = VERTEX_POINT('',#774);
#774 = CARTESIAN_POINT('',(116.955,-136.785,0.));
#775 = CIRCLE('',#776,0.5);
#776 = AXIS2_PLACEMENT_3D('',#777,#778,#779);
#777 = CARTESIAN_POINT('',(116.955,-136.285,0.));
#778 = DIRECTION('',(-0.,0.,-1.));
#779 = DIRECTION('',(-0.,-1.,0.));
#780 = FACE_BOUND('',#781,.F.);
#781 = EDGE_LOOP('',(#782));
#782 = ORIENTED_EDGE('',*,*,#783,.T.);
#783 = EDGE_CURVE('',#784,#784,#786,.T.);
#784 = VERTEX_POINT('',#785);
#785 = CARTESIAN_POINT('',(107.25,-111.76,0.));
#786 = CIRCLE('',#787,0.5);
#787 = AXIS2_PLACEMENT_3D('',#788,#789,#790);
#788 = CARTESIAN_POINT('',(107.25,-111.26,0.));
#789 = DIRECTION('',(-0.,0.,-1.));
#790 = DIRECTION('',(-0.,-1.,0.));
#791 = FACE_BOUND('',#792,.F.);
#792 = EDGE_LOOP('',(#793));
#793 = ORIENTED_EDGE('',*,*,#794,.T.);
#794 = EDGE_CURVE('',#795,#795,#797,.T.);
#795 = VERTEX_POINT('',#796);
#796 = CARTESIAN_POINT('',(107.25,-109.22,0.));
#797 = CIRCLE('',#798,0.5);
#798 = AXIS2_PLACEMENT_3D('',#799,#800,#801);
#799 = CARTESIAN_POINT('',(107.25,-108.72,0.));
#800 = DIRECTION('',(-0.,0.,-1.));
#801 = DIRECTION('',(-0.,-1.,0.));
#802 = FACE_BOUND('',#803,.F.);
#803 = EDGE_LOOP('',(#804));
#804 = ORIENTED_EDGE('',*,*,#805,.T.);
#805 = EDGE_CURVE('',#806,#806,#808,.T.);
#806 = VERTEX_POINT('',#807);
#807 = CARTESIAN_POINT('',(107.25,-106.68,0.));
#808 = CIRCLE('',#809,0.5);
#809 = AXIS2_PLACEMENT_3D('',#810,#811,#812);
#810 = CARTESIAN_POINT('',(107.25,-106.18,0.));
#811 = DIRECTION('',(-0.,0.,-1.));
#812 = DIRECTION('',(-0.,-1.,0.));
#813 = FACE_BOUND('',#814,.F.);
#814 = EDGE_LOOP('',(#815));
#815 = ORIENTED_EDGE('',*,*,#816,.T.);
#816 = EDGE_CURVE('',#817,#817,#819,.T.);
#817 = VERTEX_POINT('',#818);
#818 = CARTESIAN_POINT('',(107.25,-104.14,0.));
#819 = CIRCLE('',#820,0.5);
#820 = AXIS2_PLACEMENT_3D('',#821,#822,#823);
#821 = CARTESIAN_POINT('',(107.25,-103.64,0.));
#822 = DIRECTION('',(-0.,0.,-1.));
#823 = DIRECTION('',(-0.,-1.,0.));
#824 = FACE_BOUND('',#825,.F.);
#825 = EDGE_LOOP('',(#826));
#826 = ORIENTED_EDGE('',*,*,#827,.T.);
#827 = EDGE_CURVE('',#828,#828,#830,.T.);
#828 = VERTEX_POINT('',#829);
#829 = CARTESIAN_POINT('',(68.235,-98.5,0.));
#830 = CIRCLE('',#831,0.5);
#831 = AXIS2_PLACEMENT_3D('',#832,#833,#834);
#832 = CARTESIAN_POINT('',(68.235,-98.,0.));
#833 = DIRECTION('',(-0.,0.,-1.));
#834 = DIRECTION('',(-0.,-1.,0.));
#835 = FACE_BOUND('',#836,.F.);
#836 = EDGE_LOOP('',(#837));
#837 = ORIENTED_EDGE('',*,*,#838,.T.);
#838 = EDGE_CURVE('',#839,#839,#841,.T.);
#839 = VERTEX_POINT('',#840);
#840 = CARTESIAN_POINT('',(73.91,-98.5,0.));
#841 = CIRCLE('',#842,0.5);
#842 = AXIS2_PLACEMENT_3D('',#843,#844,#845);
#843 = CARTESIAN_POINT('',(73.91,-98.,0.));
#844 = DIRECTION('',(-0.,0.,-1.));
#845 = DIRECTION('',(-0.,-1.,0.));
#846 = FACE_BOUND('',#847,.F.);
#847 = EDGE_LOOP('',(#848));
#848 = ORIENTED_EDGE('',*,*,#849,.T.);
#849 = EDGE_CURVE('',#850,#850,#852,.T.);
#850 = VERTEX_POINT('',#851);
#851 = CARTESIAN_POINT('',(93.,-101.6,0.));
#852 = CIRCLE('',#853,0.5);
#853 = AXIS2_PLACEMENT_3D('',#854,#855,#856);
#854 = CARTESIAN_POINT('',(93.,-101.1,0.));
#855 = DIRECTION('',(-0.,0.,-1.));
#856 = DIRECTION('',(-0.,-1.,0.));
#857 = FACE_BOUND('',#858,.F.);
#858 = EDGE_LOOP('',(#859));
#859 = ORIENTED_EDGE('',*,*,#860,.T.);
#860 = EDGE_CURVE('',#861,#861,#863,.T.);
#861 = VERTEX_POINT('',#862);
#862 = CARTESIAN_POINT('',(93.,-99.06,0.));
#863 = CIRCLE('',#864,0.5);
#864 = AXIS2_PLACEMENT_3D('',#865,#866,#867);
#865 = CARTESIAN_POINT('',(93.,-98.56,0.));
#866 = DIRECTION('',(-0.,0.,-1.));
#867 = DIRECTION('',(-0.,-1.,0.));
#868 = FACE_BOUND('',#869,.F.);
#869 = EDGE_LOOP('',(#870));
#870 = ORIENTED_EDGE('',*,*,#871,.T.);
#871 = EDGE_CURVE('',#872,#872,#874,.T.);
#872 = VERTEX_POINT('',#873);
#873 = CARTESIAN_POINT('',(93.,-96.52,0.));
#874 = CIRCLE('',#875,0.5);
#875 = AXIS2_PLACEMENT_3D('',#876,#877,#878);
#876 = CARTESIAN_POINT('',(93.,-96.02,0.));
#877 = DIRECTION('',(-0.,0.,-1.));
#878 = DIRECTION('',(-0.,-1.,0.));
#879 = FACE_BOUND('',#880,.F.);
#880 = EDGE_LOOP('',(#881));
#881 = ORIENTED_EDGE('',*,*,#882,.T.);
#882 = EDGE_CURVE('',#883,#883,#885,.T.);
#883 = VERTEX_POINT('',#884);
#884 = CARTESIAN_POINT('',(93.,-93.98,0.));
#885 = CIRCLE('',#886,0.5);
#886 = AXIS2_PLACEMENT_3D('',#887,#888,#889);
#887 = CARTESIAN_POINT('',(93.,-93.48,0.));
#888 = DIRECTION('',(-0.,0.,-1.));
#889 = DIRECTION('',(-0.,-1.,0.));
#890 = FACE_BOUND('',#891,.F.);
#891 = EDGE_LOOP('',(#892));
#892 = ORIENTED_EDGE('',*,*,#893,.T.);
#893 = EDGE_CURVE('',#894,#894,#896,.T.);
#894 = VERTEX_POINT('',#895);
#895 = CARTESIAN_POINT('',(93.,-91.44,0.));
#896 = CIRCLE('',#897,0.5);
#897 = AXIS2_PLACEMENT_3D('',#898,#899,#900);
#898 = CARTESIAN_POINT('',(93.,-90.94,0.));
#899 = DIRECTION('',(-0.,0.,-1.));
#900 = DIRECTION('',(-0.,-1.,0.));
#901 = FACE_BOUND('',#902,.F.);
#902 = EDGE_LOOP('',(#903));
#903 = ORIENTED_EDGE('',*,*,#904,.T.);
#904 = EDGE_CURVE('',#905,#905,#907,.T.);
#905 = VERTEX_POINT('',#906);
#906 = CARTESIAN_POINT('',(93.,-88.9,0.));
#907 = CIRCLE('',#908,0.5);
#908 = AXIS2_PLACEMENT_3D('',#909,#910,#911);
#909 = CARTESIAN_POINT('',(93.,-88.4,0.));
#910 = DIRECTION('',(-0.,0.,-1.));
#911 = DIRECTION('',(-0.,-1.,0.));
#912 = FACE_BOUND('',#913,.F.);
#913 = EDGE_LOOP('',(#914));
#914 = ORIENTED_EDGE('',*,*,#915,.T.);
#915 = EDGE_CURVE('',#916,#916,#918,.T.);
#916 = VERTEX_POINT('',#917);
#917 = CARTESIAN_POINT('',(93.,-86.36,0.));
#918 = CIRCLE('',#919,0.5);
#919 = AXIS2_PLACEMENT_3D('',#920,#921,#922);
#920 = CARTESIAN_POINT('',(93.,-85.86,0.));
#921 = DIRECTION('',(-0.,0.,-1.));
#922 = DIRECTION('',(-0.,-1.,0.));
#923 = FACE_BOUND('',#924,.F.);
#924 = EDGE_LOOP('',(#925));
#925 = ORIENTED_EDGE('',*,*,#926,.T.);
#926 = EDGE_CURVE('',#927,#927,#929,.T.);
#927 = VERTEX_POINT('',#928);
#928 = CARTESIAN_POINT('',(93.,-83.82,0.));
#929 = CIRCLE('',#930,0.5);
#930 = AXIS2_PLACEMENT_3D('',#931,#932,#933);
#931 = CARTESIAN_POINT('',(93.,-83.32,0.));
#932 = DIRECTION('',(-0.,0.,-1.));
#933 = DIRECTION('',(-0.,-1.,0.));
#934 = FACE_BOUND('',#935,.F.);
#935 = EDGE_LOOP('',(#936));
#936 = ORIENTED_EDGE('',*,*,#937,.T.);
#937 = EDGE_CURVE('',#938,#938,#940,.T.);
#938 = VERTEX_POINT('',#939);
#939 = CARTESIAN_POINT('',(93.,-81.28,0.));
#940 = CIRCLE('',#941,0.5);
#941 = AXIS2_PLACEMENT_3D('',#942,#943,#944);
#942 = CARTESIAN_POINT('',(93.,-80.78,0.));
#943 = DIRECTION('',(-0.,0.,-1.));
#944 = DIRECTION('',(-0.,-1.,0.));
#945 = FACE_BOUND('',#946,.F.);
#946 = EDGE_LOOP('',(#947));
#947 = ORIENTED_EDGE('',*,*,#948,.T.);
#948 = EDGE_CURVE('',#949,#949,#951,.T.);
#949 = VERTEX_POINT('',#950);
#950 = CARTESIAN_POINT('',(93.,-78.74,0.));
#951 = CIRCLE('',#952,0.5);
#952 = AXIS2_PLACEMENT_3D('',#953,#954,#955);
#953 = CARTESIAN_POINT('',(93.,-78.24,0.));
#954 = DIRECTION('',(-0.,0.,-1.));
#955 = DIRECTION('',(-0.,-1.,0.));
#956 = FACE_BOUND('',#957,.F.);
#957 = EDGE_LOOP('',(#958));
#958 = ORIENTED_EDGE('',*,*,#959,.T.);
#959 = EDGE_CURVE('',#960,#960,#962,.T.);
#960 = VERTEX_POINT('',#961);
#961 = CARTESIAN_POINT('',(68.895,-52.24,0.));
#962 = CIRCLE('',#963,1.1);
#963 = AXIS2_PLACEMENT_3D('',#964,#965,#966);
#964 = CARTESIAN_POINT('',(68.895,-51.14,0.));
#965 = DIRECTION('',(-0.,0.,-1.));
#966 = DIRECTION('',(-1.2918958832E-14,-1.,0.));
#967 = FACE_BOUND('',#968,.F.);
#968 = EDGE_LOOP('',(#969));
#969 = ORIENTED_EDGE('',*,*,#970,.T.);
#970 = EDGE_CURVE('',#971,#971,#973,.T.);
#971 = VERTEX_POINT('',#972);
#972 = CARTESIAN_POINT('',(93.,-76.2,0.));
#973 = CIRCLE('',#974,0.5);
#974 = AXIS2_PLACEMENT_3D('',#975,#976,#977);
#975 = CARTESIAN_POINT('',(93.,-75.7,0.));
#976 = DIRECTION('',(-0.,0.,-1.));
#977 = DIRECTION('',(-0.,-1.,0.));
#978 = FACE_BOUND('',#979,.F.);
#979 = EDGE_LOOP('',(#980));
#980 = ORIENTED_EDGE('',*,*,#981,.T.);
#981 = EDGE_CURVE('',#982,#982,#984,.T.);
#982 = VERTEX_POINT('',#983);
#983 = CARTESIAN_POINT('',(93.,-73.66,0.));
#984 = CIRCLE('',#985,0.5);
#985 = AXIS2_PLACEMENT_3D('',#986,#987,#988);
#986 = CARTESIAN_POINT('',(93.,-73.16,0.));
#987 = DIRECTION('',(-0.,0.,-1.));
#988 = DIRECTION('',(-0.,-1.,0.));
#989 = FACE_BOUND('',#990,.F.);
#990 = EDGE_LOOP('',(#991));
#991 = ORIENTED_EDGE('',*,*,#992,.T.);
#992 = EDGE_CURVE('',#993,#993,#995,.T.);
#993 = VERTEX_POINT('',#994);
#994 = CARTESIAN_POINT('',(93.,-71.12,0.));
#995 = CIRCLE('',#996,0.5);
#996 = AXIS2_PLACEMENT_3D('',#997,#998,#999);
#997 = CARTESIAN_POINT('',(93.,-70.62,0.));
#998 = DIRECTION('',(-0.,0.,-1.));
#999 = DIRECTION('',(-0.,-1.,0.));
#1000 = FACE_BOUND('',#1001,.F.);
#1001 = EDGE_LOOP('',(#1002));
#1002 = ORIENTED_EDGE('',*,*,#1003,.T.);
#1003 = EDGE_CURVE('',#1004,#1004,#1006,.T.);
#1004 = VERTEX_POINT('',#1005);
#1005 = CARTESIAN_POINT('',(93.,-68.58,0.));
#1006 = CIRCLE('',#1007,0.5);
#1007 = AXIS2_PLACEMENT_3D('',#1008,#1009,#1010);
#1008 = CARTESIAN_POINT('',(93.,-68.08,0.));
#1009 = DIRECTION('',(-0.,0.,-1.));
#1010 = DIRECTION('',(-0.,-1.,0.));
#1011 = FACE_BOUND('',#1012,.F.);
#1012 = EDGE_LOOP('',(#1013));
#1013 = ORIENTED_EDGE('',*,*,#1014,.T.);
#1014 = EDGE_CURVE('',#1015,#1015,#1017,.T.);
#1015 = VERTEX_POINT('',#1016);
#1016 = CARTESIAN_POINT('',(93.,-66.04,0.));
#1017 = CIRCLE('',#1018,0.5);
#1018 = AXIS2_PLACEMENT_3D('',#1019,#1020,#1021);
#1019 = CARTESIAN_POINT('',(93.,-65.54,0.));
#1020 = DIRECTION('',(-0.,0.,-1.));
#1021 = DIRECTION('',(-0.,-1.,0.));
#1022 = FACE_BOUND('',#1023,.F.);
#1023 = EDGE_LOOP('',(#1024));
#1024 = ORIENTED_EDGE('',*,*,#1025,.T.);
#1025 = EDGE_CURVE('',#1026,#1026,#1028,.T.);
#1026 = VERTEX_POINT('',#1027);
#1027 = CARTESIAN_POINT('',(93.,-63.5,0.));
#1028 = CIRCLE('',#1029,0.5);
#1029 = AXIS2_PLACEMENT_3D('',#1030,#1031,#1032);
#1030 = CARTESIAN_POINT('',(93.,-63.,0.));
#1031 = DIRECTION('',(-0.,0.,-1.));
#1032 = DIRECTION('',(-0.,-1.,0.));
#1033 = FACE_BOUND('',#1034,.F.);
#1034 = EDGE_LOOP('',(#1035));
#1035 = ORIENTED_EDGE('',*,*,#1036,.T.);
#1036 = EDGE_CURVE('',#1037,#1037,#1039,.T.);
#1037 = VERTEX_POINT('',#1038);
#1038 = CARTESIAN_POINT('',(91.05,-51.22,0.));
#1039 = CIRCLE('',#1040,0.5);
#1040 = AXIS2_PLACEMENT_3D('',#1041,#1042,#1043);
#1041 = CARTESIAN_POINT('',(91.05,-50.72,0.));
#1042 = DIRECTION('',(-0.,0.,-1.));
#1043 = DIRECTION('',(-0.,-1.,0.));
#1044 = FACE_BOUND('',#1045,.F.);
#1045 = EDGE_LOOP('',(#1046));
#1046 = ORIENTED_EDGE('',*,*,#1047,.T.);
#1047 = EDGE_CURVE('',#1048,#1048,#1050,.T.);
#1048 = VERTEX_POINT('',#1049);
#1049 = CARTESIAN_POINT('',(93.59,-51.22,0.));
#1050 = CIRCLE('',#1051,0.5);
#1051 = AXIS2_PLACEMENT_3D('',#1052,#1053,#1054);
#1052 = CARTESIAN_POINT('',(93.59,-50.72,0.));
#1053 = DIRECTION('',(-0.,0.,-1.));
#1054 = DIRECTION('',(-0.,-1.,0.));
#1055 = FACE_BOUND('',#1056,.F.);
#1056 = EDGE_LOOP('',(#1057));
#1057 = ORIENTED_EDGE('',*,*,#1058,.T.);
#1058 = EDGE_CURVE('',#1059,#1059,#1061,.T.);
#1059 = VERTEX_POINT('',#1060);
#1060 = CARTESIAN_POINT('',(107.25,-101.6,0.));
#1061 = CIRCLE('',#1062,0.5);
#1062 = AXIS2_PLACEMENT_3D('',#1063,#1064,#1065);
#1063 = CARTESIAN_POINT('',(107.25,-101.1,0.));
#1064 = DIRECTION('',(-0.,0.,-1.));
#1065 = DIRECTION('',(-0.,-1.,0.));
#1066 = FACE_BOUND('',#1067,.F.);
#1067 = EDGE_LOOP('',(#1068));
#1068 = ORIENTED_EDGE('',*,*,#1069,.T.);
#1069 = EDGE_CURVE('',#1070,#1070,#1072,.T.);
#1070 = VERTEX_POINT('',#1071);
#1071 = CARTESIAN_POINT('',(107.25,-99.06,0.));
#1072 = CIRCLE('',#1073,0.5);
#1073 = AXIS2_PLACEMENT_3D('',#1074,#1075,#1076);
#1074 = CARTESIAN_POINT('',(107.25,-98.56,0.));
#1075 = DIRECTION('',(-0.,0.,-1.));
#1076 = DIRECTION('',(-0.,-1.,0.));
#1077 = FACE_BOUND('',#1078,.F.);
#1078 = EDGE_LOOP('',(#1079));
#1079 = ORIENTED_EDGE('',*,*,#1080,.T.);
#1080 = EDGE_CURVE('',#1081,#1081,#1083,.T.);
#1081 = VERTEX_POINT('',#1082);
#1082 = CARTESIAN_POINT('',(107.25,-96.52,0.));
#1083 = CIRCLE('',#1084,0.5);
#1084 = AXIS2_PLACEMENT_3D('',#1085,#1086,#1087);
#1085 = CARTESIAN_POINT('',(107.25,-96.02,0.));
#1086 = DIRECTION('',(-0.,0.,-1.));
#1087 = DIRECTION('',(-0.,-1.,0.));
#1088 = FACE_BOUND('',#1089,.F.);
#1089 = EDGE_LOOP('',(#1090));
#1090 = ORIENTED_EDGE('',*,*,#1091,.T.);
#1091 = EDGE_CURVE('',#1092,#1092,#1094,.T.);
#1092 = VERTEX_POINT('',#1093);
#1093 = CARTESIAN_POINT('',(107.25,-93.98,0.));
#1094 = CIRCLE('',#1095,0.5);
#1095 = AXIS2_PLACEMENT_3D('',#1096,#1097,#1098);
#1096 = CARTESIAN_POINT('',(107.25,-93.48,0.));
#1097 = DIRECTION('',(-0.,0.,-1.));
#1098 = DIRECTION('',(-0.,-1.,0.));
#1099 = FACE_BOUND('',#1100,.F.);
#1100 = EDGE_LOOP('',(#1101));
#1101 = ORIENTED_EDGE('',*,*,#1102,.T.);
#1102 = EDGE_CURVE('',#1103,#1103,#1105,.T.);
#1103 = VERTEX_POINT('',#1104);
#1104 = CARTESIAN_POINT('',(107.25,-91.44,0.));
#1105 = CIRCLE('',#1106,0.5);
#1106 = AXIS2_PLACEMENT_3D('',#1107,#1108,#1109);
#1107 = CARTESIAN_POINT('',(107.25,-90.94,0.));
#1108 = DIRECTION('',(-0.,0.,-1.));
#1109 = DIRECTION('',(-0.,-1.,0.));
#1110 = FACE_BOUND('',#1111,.F.);
#1111 = EDGE_LOOP('',(#1112));
#1112 = ORIENTED_EDGE('',*,*,#1113,.T.);
#1113 = EDGE_CURVE('',#1114,#1114,#1116,.T.);
#1114 = VERTEX_POINT('',#1115);
#1115 = CARTESIAN_POINT('',(107.25,-88.9,0.));
#1116 = CIRCLE('',#1117,0.5);
#1117 = AXIS2_PLACEMENT_3D('',#1118,#1119,#1120);
#1118 = CARTESIAN_POINT('',(107.25,-88.4,0.));
#1119 = DIRECTION('',(-0.,0.,-1.));
#1120 = DIRECTION('',(-0.,-1.,0.));
#1121 = FACE_BOUND('',#1122,.F.);
#1122 = EDGE_LOOP('',(#1123));
#1123 = ORIENTED_EDGE('',*,*,#1124,.T.);
#1124 = EDGE_CURVE('',#1125,#1125,#1127,.T.);
#1125 = VERTEX_POINT('',#1126);
#1126 = CARTESIAN_POINT('',(107.25,-86.36,0.));
#1127 = CIRCLE('',#1128,0.5);
#1128 = AXIS2_PLACEMENT_3D('',#1129,#1130,#1131);
#1129 = CARTESIAN_POINT('',(107.25,-85.86,0.));
#1130 = DIRECTION('',(-0.,0.,-1.));
#1131 = DIRECTION('',(-0.,-1.,0.));
#1132 = FACE_BOUND('',#1133,.F.);
#1133 = EDGE_LOOP('',(#1134));
#1134 = ORIENTED_EDGE('',*,*,#1135,.T.);
#1135 = EDGE_CURVE('',#1136,#1136,#1138,.T.);
#1136 = VERTEX_POINT('',#1137);
#1137 = CARTESIAN_POINT('',(107.25,-83.82,0.));
#1138 = CIRCLE('',#1139,0.5);
#1139 = AXIS2_PLACEMENT_3D('',#1140,#1141,#1142);
#1140 = CARTESIAN_POINT('',(107.25,-83.32,0.));
#1141 = DIRECTION('',(-0.,0.,-1.));
#1142 = DIRECTION('',(-0.,-1.,0.));
#1143 = FACE_BOUND('',#1144,.F.);
#1144 = EDGE_LOOP('',(#1145));
#1145 = ORIENTED_EDGE('',*,*,#1146,.T.);
#1146 = EDGE_CURVE('',#1147,#1147,#1149,.T.);
#1147 = VERTEX_POINT('',#1148);
#1148 = CARTESIAN_POINT('',(107.25,-81.28,0.));
#1149 = CIRCLE('',#1150,0.5);
#1150 = AXIS2_PLACEMENT_3D('',#1151,#1152,#1153);
#1151 = CARTESIAN_POINT('',(107.25,-80.78,0.));
#1152 = DIRECTION('',(-0.,0.,-1.));
#1153 = DIRECTION('',(-0.,-1.,0.));
#1154 = FACE_BOUND('',#1155,.F.);
#1155 = EDGE_LOOP('',(#1156));
#1156 = ORIENTED_EDGE('',*,*,#1157,.T.);
#1157 = EDGE_CURVE('',#1158,#1158,#1160,.T.);
#1158 = VERTEX_POINT('',#1159);
#1159 = CARTESIAN_POINT('',(107.25,-78.74,0.));
#1160 = CIRCLE('',#1161,0.5);
#1161 = AXIS2_PLACEMENT_3D('',#1162,#1163,#1164);
#1162 = CARTESIAN_POINT('',(107.25,-78.24,0.));
#1163 = DIRECTION('',(-0.,0.,-1.));
#1164 = DIRECTION('',(-0.,-1.,0.));
#1165 = FACE_BOUND('',#1166,.F.);
#1166 = EDGE_LOOP('',(#1167));
#1167 = ORIENTED_EDGE('',*,*,#1168,.T.);
#1168 = EDGE_CURVE('',#1169,#1169,#1171,.T.);
#1169 = VERTEX_POINT('',#1170);
#1170 = CARTESIAN_POINT('',(114.955,-101.5,0.));
#1171 = CIRCLE('',#1172,0.5);
#1172 = AXIS2_PLACEMENT_3D('',#1173,#1174,#1175);
#1173 = CARTESIAN_POINT('',(114.955,-101.,0.));
#1174 = DIRECTION('',(-0.,0.,-1.));
#1175 = DIRECTION('',(-0.,-1.,0.));
#1176 = FACE_BOUND('',#1177,.F.);
#1177 = EDGE_LOOP('',(#1178));
#1178 = ORIENTED_EDGE('',*,*,#1179,.T.);
#1179 = EDGE_CURVE('',#1180,#1180,#1182,.T.);
#1180 = VERTEX_POINT('',#1181);
#1181 = CARTESIAN_POINT('',(114.955,-96.5,0.));
#1182 = CIRCLE('',#1183,0.5);
#1183 = AXIS2_PLACEMENT_3D('',#1184,#1185,#1186);
#1184 = CARTESIAN_POINT('',(114.955,-96.,0.));
#1185 = DIRECTION('',(-0.,0.,-1.));
#1186 = DIRECTION('',(-0.,-1.,0.));
#1187 = FACE_BOUND('',#1188,.F.);
#1188 = EDGE_LOOP('',(#1189));
#1189 = ORIENTED_EDGE('',*,*,#1190,.T.);
#1190 = EDGE_CURVE('',#1191,#1191,#1193,.T.);
#1191 = VERTEX_POINT('',#1192);
#1192 = CARTESIAN_POINT('',(114.955,-89.5,0.));
#1193 = CIRCLE('',#1194,0.5);
#1194 = AXIS2_PLACEMENT_3D('',#1195,#1196,#1197);
#1195 = CARTESIAN_POINT('',(114.955,-89.,0.));
#1196 = DIRECTION('',(-0.,0.,-1.));
#1197 = DIRECTION('',(-0.,-1.,0.));
#1198 = FACE_BOUND('',#1199,.F.);
#1199 = EDGE_LOOP('',(#1200));
#1200 = ORIENTED_EDGE('',*,*,#1201,.T.);
#1201 = EDGE_CURVE('',#1202,#1202,#1204,.T.);
#1202 = VERTEX_POINT('',#1203);
#1203 = CARTESIAN_POINT('',(114.955,-84.5,0.));
#1204 = CIRCLE('',#1205,0.5);
#1205 = AXIS2_PLACEMENT_3D('',#1206,#1207,#1208);
#1206 = CARTESIAN_POINT('',(114.955,-84.,0.));
#1207 = DIRECTION('',(-0.,0.,-1.));
#1208 = DIRECTION('',(-0.,-1.,0.));
#1209 = FACE_BOUND('',#1210,.F.);
#1210 = EDGE_LOOP('',(#1211));
#1211 = ORIENTED_EDGE('',*,*,#1212,.T.);
#1212 = EDGE_CURVE('',#1213,#1213,#1215,.T.);
#1213 = VERTEX_POINT('',#1214);
#1214 = CARTESIAN_POINT('',(114.955,-77.5,0.));
#1215 = CIRCLE('',#1216,0.5);
#1216 = AXIS2_PLACEMENT_3D('',#1217,#1218,#1219);
#1217 = CARTESIAN_POINT('',(114.955,-77.,0.));
#1218 = DIRECTION('',(-0.,0.,-1.));
#1219 = DIRECTION('',(-0.,-1.,0.));
#1220 = FACE_BOUND('',#1221,.F.);
#1221 = EDGE_LOOP('',(#1222));
#1222 = ORIENTED_EDGE('',*,*,#1223,.T.);
#1223 = EDGE_CURVE('',#1224,#1224,#1226,.T.);
#1224 = VERTEX_POINT('',#1225);
#1225 = CARTESIAN_POINT('',(107.25,-76.2,0.));
#1226 = CIRCLE('',#1227,0.5);
#1227 = AXIS2_PLACEMENT_3D('',#1228,#1229,#1230);
#1228 = CARTESIAN_POINT('',(107.25,-75.7,0.));
#1229 = DIRECTION('',(-0.,0.,-1.));
#1230 = DIRECTION('',(-0.,-1.,0.));
#1231 = FACE_BOUND('',#1232,.F.);
#1232 = EDGE_LOOP('',(#1233));
#1233 = ORIENTED_EDGE('',*,*,#1234,.T.);
#1234 = EDGE_CURVE('',#1235,#1235,#1237,.T.);
#1235 = VERTEX_POINT('',#1236);
#1236 = CARTESIAN_POINT('',(107.25,-73.66,0.));
#1237 = CIRCLE('',#1238,0.5);
#1238 = AXIS2_PLACEMENT_3D('',#1239,#1240,#1241);
#1239 = CARTESIAN_POINT('',(107.25,-73.16,0.));
#1240 = DIRECTION('',(-0.,0.,-1.));
#1241 = DIRECTION('',(-0.,-1.,0.));
#1242 = FACE_BOUND('',#1243,.F.);
#1243 = EDGE_LOOP('',(#1244));
#1244 = ORIENTED_EDGE('',*,*,#1245,.T.);
#1245 = EDGE_CURVE('',#1246,#1246,#1248,.T.);
#1246 = VERTEX_POINT('',#1247);
#1247 = CARTESIAN_POINT('',(107.25,-71.12,0.));
#1248 = CIRCLE('',#1249,0.5);
#1249 = AXIS2_PLACEMENT_3D('',#1250,#1251,#1252);
#1250 = CARTESIAN_POINT('',(107.25,-70.62,0.));
#1251 = DIRECTION('',(-0.,0.,-1.));
#1252 = DIRECTION('',(-0.,-1.,0.));
#1253 = FACE_BOUND('',#1254,.F.);
#1254 = EDGE_LOOP('',(#1255));
#1255 = ORIENTED_EDGE('',*,*,#1256,.T.);
#1256 = EDGE_CURVE('',#1257,#1257,#1259,.T.);
#1257 = VERTEX_POINT('',#1258);
#1258 = CARTESIAN_POINT('',(107.25,-68.58,0.));
#1259 = CIRCLE('',#1260,0.5);
#1260 = AXIS2_PLACEMENT_3D('',#1261,#1262,#1263);
#1261 = CARTESIAN_POINT('',(107.25,-68.08,0.));
#1262 = DIRECTION('',(-0.,0.,-1.));
#1263 = DIRECTION('',(-0.,-1.,0.));
#1264 = FACE_BOUND('',#1265,.F.);
#1265 = EDGE_LOOP('',(#1266));
#1266 = ORIENTED_EDGE('',*,*,#1267,.T.);
#1267 = EDGE_CURVE('',#1268,#1268,#1270,.T.);
#1268 = VERTEX_POINT('',#1269);
#1269 = CARTESIAN_POINT('',(107.25,-66.04,0.));
#1270 = CIRCLE('',#1271,0.5);
#1271 = AXIS2_PLACEMENT_3D('',#1272,#1273,#1274);
#1272 = CARTESIAN_POINT('',(107.25,-65.54,0.));
#1273 = DIRECTION('',(-0.,0.,-1.));
#1274 = DIRECTION('',(-0.,-1.,0.));
#1275 = FACE_BOUND('',#1276,.F.);
#1276 = EDGE_LOOP('',(#1277));
#1277 = ORIENTED_EDGE('',*,*,#1278,.T.);
#1278 = EDGE_CURVE('',#1279,#1279,#1281,.T.);
#1279 = VERTEX_POINT('',#1280);
#1280 = CARTESIAN_POINT('',(96.13,-51.22,0.));
#1281 = CIRCLE('',#1282,0.5);
#1282 = AXIS2_PLACEMENT_3D('',#1283,#1284,#1285);
#1283 = CARTESIAN_POINT('',(96.13,-50.72,0.));
#1284 = DIRECTION('',(-0.,0.,-1.));
#1285 = DIRECTION('',(-0.,-1.,0.));
#1286 = FACE_BOUND('',#1287,.F.);
#1287 = EDGE_LOOP('',(#1288));
#1288 = ORIENTED_EDGE('',*,*,#1289,.T.);
#1289 = EDGE_CURVE('',#1290,#1290,#1292,.T.);
#1290 = VERTEX_POINT('',#1291);
#1291 = CARTESIAN_POINT('',(98.67,-51.22,0.));
#1292 = CIRCLE('',#1293,0.5);
#1293 = AXIS2_PLACEMENT_3D('',#1294,#1295,#1296);
#1294 = CARTESIAN_POINT('',(98.67,-50.72,0.));
#1295 = DIRECTION('',(-0.,0.,-1.));
#1296 = DIRECTION('',(-0.,-1.,0.));
#1297 = FACE_BOUND('',#1298,.F.);
#1298 = EDGE_LOOP('',(#1299));
#1299 = ORIENTED_EDGE('',*,*,#1300,.T.);
#1300 = EDGE_CURVE('',#1301,#1301,#1303,.T.);
#1301 = VERTEX_POINT('',#1302);
#1302 = CARTESIAN_POINT('',(101.21,-51.22,0.));
#1303 = CIRCLE('',#1304,0.5);
#1304 = AXIS2_PLACEMENT_3D('',#1305,#1306,#1307);
#1305 = CARTESIAN_POINT('',(101.21,-50.72,0.));
#1306 = DIRECTION('',(-0.,0.,-1.));
#1307 = DIRECTION('',(-0.,-1.,0.));
#1308 = FACE_BOUND('',#1309,.F.);
#1309 = EDGE_LOOP('',(#1310));
#1310 = ORIENTED_EDGE('',*,*,#1311,.T.);
#1311 = EDGE_CURVE('',#1312,#1312,#1314,.T.);
#1312 = VERTEX_POINT('',#1313);
#1313 = CARTESIAN_POINT('',(107.25,-63.5,0.));
#1314 = CIRCLE('',#1315,0.5);
#1315 = AXIS2_PLACEMENT_3D('',#1316,#1317,#1318);
#1316 = CARTESIAN_POINT('',(107.25,-63.,0.));
#1317 = DIRECTION('',(-0.,0.,-1.));
#1318 = DIRECTION('',(-0.,-1.,0.));
#1319 = FACE_BOUND('',#1320,.F.);
#1320 = EDGE_LOOP('',(#1321));
#1321 = ORIENTED_EDGE('',*,*,#1322,.T.);
#1322 = EDGE_CURVE('',#1323,#1323,#1325,.T.);
#1323 = VERTEX_POINT('',#1324);
#1324 = CARTESIAN_POINT('',(103.75,-51.22,0.));
#1325 = CIRCLE('',#1326,0.5);
#1326 = AXIS2_PLACEMENT_3D('',#1327,#1328,#1329);
#1327 = CARTESIAN_POINT('',(103.75,-50.72,0.));
#1328 = DIRECTION('',(-0.,0.,-1.));
#1329 = DIRECTION('',(-0.,-1.,0.));
#1330 = FACE_BOUND('',#1331,.F.);
#1331 = EDGE_LOOP('',(#1332));
#1332 = ORIENTED_EDGE('',*,*,#1333,.T.);
#1333 = EDGE_CURVE('',#1334,#1334,#1336,.T.);
#1334 = VERTEX_POINT('',#1335);
#1335 = CARTESIAN_POINT('',(114.955,-72.5,0.));
#1336 = CIRCLE('',#1337,0.5);
#1337 = AXIS2_PLACEMENT_3D('',#1338,#1339,#1340);
#1338 = CARTESIAN_POINT('',(114.955,-72.,0.));
#1339 = DIRECTION('',(-0.,0.,-1.));
#1340 = DIRECTION('',(-0.,-1.,0.));
#1341 = FACE_BOUND('',#1342,.F.);
#1342 = EDGE_LOOP('',(#1343));
#1343 = ORIENTED_EDGE('',*,*,#1344,.T.);
#1344 = EDGE_CURVE('',#1345,#1345,#1347,.T.);
#1345 = VERTEX_POINT('',#1346);
#1346 = CARTESIAN_POINT('',(118.01,-65.58,0.));
#1347 = CIRCLE('',#1348,0.5);
#1348 = AXIS2_PLACEMENT_3D('',#1349,#1350,#1351);
#1349 = CARTESIAN_POINT('',(118.01,-65.08,0.));
#1350 = DIRECTION('',(-0.,0.,-1.));
#1351 = DIRECTION('',(-0.,-1.,0.));
#1352 = FACE_BOUND('',#1353,.F.);
#1353 = EDGE_LOOP('',(#1354));
#1354 = ORIENTED_EDGE('',*,*,#1355,.T.);
#1355 = EDGE_CURVE('',#1356,#1356,#1358,.T.);
#1356 = VERTEX_POINT('',#1357);
#1357 = CARTESIAN_POINT('',(118.01,-63.04,0.));
#1358 = CIRCLE('',#1359,0.5);
#1359 = AXIS2_PLACEMENT_3D('',#1360,#1361,#1362);
#1360 = CARTESIAN_POINT('',(118.01,-62.54,0.));
#1361 = DIRECTION('',(-0.,0.,-1.));
#1362 = DIRECTION('',(-0.,-1.,0.));
#1363 = FACE_BOUND('',#1364,.F.);
#1364 = EDGE_LOOP('',(#1365));
#1365 = ORIENTED_EDGE('',*,*,#1366,.T.);
#1366 = EDGE_CURVE('',#1367,#1367,#1369,.T.);
#1367 = VERTEX_POINT('',#1368);
#1368 = CARTESIAN_POINT('',(118.01,-60.5,0.));
#1369 = CIRCLE('',#1370,0.5);
#1370 = AXIS2_PLACEMENT_3D('',#1371,#1372,#1373);
#1371 = CARTESIAN_POINT('',(118.01,-60.,0.));
#1372 = DIRECTION('',(-0.,0.,-1.));
#1373 = DIRECTION('',(-0.,-1.,0.));
#1374 = FACE_BOUND('',#1375,.F.);
#1375 = EDGE_LOOP('',(#1376));
#1376 = ORIENTED_EDGE('',*,*,#1377,.T.);
#1377 = EDGE_CURVE('',#1378,#1378,#1380,.T.);
#1378 = VERTEX_POINT('',#1379);
#1379 = CARTESIAN_POINT('',(122.505,-52.24,0.));
#1380 = CIRCLE('',#1381,1.1);
#1381 = AXIS2_PLACEMENT_3D('',#1382,#1383,#1384);
#1382 = CARTESIAN_POINT('',(122.505,-51.14,0.));
#1383 = DIRECTION('',(-0.,0.,-1.));
#1384 = DIRECTION('',(-0.,-1.,0.));
#1385 = PLANE('',#1386);
#1386 = AXIS2_PLACEMENT_3D('',#1387,#1388,#1389);
#1387 = CARTESIAN_POINT('',(0.,0.,0.));
#1388 = DIRECTION('',(0.,0.,1.));
#1389 = DIRECTION('',(1.,0.,-0.));
#1390 = ADVANCED_FACE('',(#1391,#1437,#1448,#1459,#1470,#1481,#1492,
    #1503,#1514,#1525,#1536,#1547,#1558,#1569,#1580,#1591,#1602,#1613,
    #1624,#1635,#1646,#1657,#1668,#1679,#1690,#1701,#1712,#1723,#1734,
    #1745,#1756,#1767,#1778,#1789,#1800,#1811,#1822,#1833,#1844,#1855,
    #1866,#1877,#1888,#1899,#1910,#1921,#1932,#1943,#1954,#1965,#1976,
    #1987,#1998,#2009,#2020,#2031,#2042,#2053,#2064,#2075,#2086,#2097,
    #2108,#2119,#2130,#2141,#2152,#2163,#2174,#2185,#2196,#2207,#2218,
    #2229,#2240,#2251,#2262,#2273,#2284,#2295,#2306,#2317,#2328,#2339,
    #2350,#2361,#2372,#2383,#2394,#2405,#2416,#2427,#2438,#2449,#2460,
    #2471,#2482,#2493,#2504,#2515,#2526,#2537,#2548,#2559,#2570,#2581,
    #2592,#2603,#2614,#2625),#2636,.T.);
#1391 = FACE_BOUND('',#1392,.T.);
#1392 = EDGE_LOOP('',(#1393,#1394,#1395,#1404,#1412,#1421,#1429,#1436));
#1393 = ORIENTED_EDGE('',*,*,#49,.F.);
#1394 = ORIENTED_EDGE('',*,*,#91,.F.);
#1395 = ORIENTED_EDGE('',*,*,#1396,.F.);
#1396 = EDGE_CURVE('',#1397,#84,#1399,.T.);
#1397 = VERTEX_POINT('',#1398);
#1398 = CARTESIAN_POINT('',(65.895,-51.14,1.6));
#1399 = CIRCLE('',#1400,3.000001172987);
#1400 = AXIS2_PLACEMENT_3D('',#1401,#1402,#1403);
#1401 = CARTESIAN_POINT('',(68.895001172987,-51.14000117298,1.6));
#1402 = DIRECTION('',(0.,0.,-1.));
#1403 = DIRECTION('',(-1.,3.909953663434E-07,0.));
#1404 = ORIENTED_EDGE('',*,*,#1405,.F.);
#1405 = EDGE_CURVE('',#1406,#1397,#1408,.T.);
#1406 = VERTEX_POINT('',#1407);
#1407 = CARTESIAN_POINT('',(65.895,-152.865,1.6));
#1408 = LINE('',#1409,#1410);
#1409 = CARTESIAN_POINT('',(65.895,-152.865,1.6));
#1410 = VECTOR('',#1411,1.);
#1411 = DIRECTION('',(0.,1.,0.));
#1412 = ORIENTED_EDGE('',*,*,#1413,.F.);
#1413 = EDGE_CURVE('',#1414,#1406,#1416,.T.);
#1414 = VERTEX_POINT('',#1415);
#1415 = CARTESIAN_POINT('',(68.895,-155.865,1.6));
#1416 = CIRCLE('',#1417,3.000001172987);
#1417 = AXIS2_PLACEMENT_3D('',#1418,#1419,#1420);
#1418 = CARTESIAN_POINT('',(68.895001172987,-152.864998827,1.6));
#1419 = DIRECTION('',(0.,0.,-1.));
#1420 = DIRECTION('',(-3.909953663434E-07,-1.,-0.));
#1421 = ORIENTED_EDGE('',*,*,#1422,.F.);
#1422 = EDGE_CURVE('',#1423,#1414,#1425,.T.);
#1423 = VERTEX_POINT('',#1424);
#1424 = CARTESIAN_POINT('',(122.505,-155.865,1.6));
#1425 = LINE('',#1426,#1427);
#1426 = CARTESIAN_POINT('',(122.505,-155.865,1.6));
#1427 = VECTOR('',#1428,1.);
#1428 = DIRECTION('',(-1.,0.,0.));
#1429 = ORIENTED_EDGE('',*,*,#1430,.F.);
#1430 = EDGE_CURVE('',#114,#1423,#1431,.T.);
#1431 = CIRCLE('',#1432,3.000001172987);
#1432 = AXIS2_PLACEMENT_3D('',#1433,#1434,#1435);
#1433 = CARTESIAN_POINT('',(122.50499882701,-152.864998827,1.6));
#1434 = DIRECTION('',(0.,0.,-1.));
#1435 = DIRECTION('',(1.,-3.909953616065E-07,0.));
#1436 = ORIENTED_EDGE('',*,*,#113,.F.);
#1437 = FACE_BOUND('',#1438,.T.);
#1438 = EDGE_LOOP('',(#1439));
#1439 = ORIENTED_EDGE('',*,*,#1440,.T.);
#1440 = EDGE_CURVE('',#1441,#1441,#1443,.T.);
#1441 = VERTEX_POINT('',#1442);
#1442 = CARTESIAN_POINT('',(68.895,-153.965,1.6));
#1443 = CIRCLE('',#1444,1.1);
#1444 = AXIS2_PLACEMENT_3D('',#1445,#1446,#1447);
#1445 = CARTESIAN_POINT('',(68.895,-152.865,1.6));
#1446 = DIRECTION('',(-0.,0.,-1.));
#1447 = DIRECTION('',(-1.2918958832E-14,-1.,0.));
#1448 = FACE_BOUND('',#1449,.T.);
#1449 = EDGE_LOOP('',(#1450));
#1450 = ORIENTED_EDGE('',*,*,#1451,.T.);
#1451 = EDGE_CURVE('',#1452,#1452,#1454,.T.);
#1452 = VERTEX_POINT('',#1453);
#1453 = CARTESIAN_POINT('',(77.935,-153.785,1.6));
#1454 = CIRCLE('',#1455,0.5);
#1455 = AXIS2_PLACEMENT_3D('',#1456,#1457,#1458);
#1456 = CARTESIAN_POINT('',(77.935,-153.285,1.6));
#1457 = DIRECTION('',(-0.,0.,-1.));
#1458 = DIRECTION('',(-0.,-1.,0.));
#1459 = FACE_BOUND('',#1460,.T.);
#1460 = EDGE_LOOP('',(#1461));
#1461 = ORIENTED_EDGE('',*,*,#1462,.T.);
#1462 = EDGE_CURVE('',#1463,#1463,#1465,.T.);
#1463 = VERTEX_POINT('',#1464);
#1464 = CARTESIAN_POINT('',(77.935,-148.785,1.6));
#1465 = CIRCLE('',#1466,0.5);
#1466 = AXIS2_PLACEMENT_3D('',#1467,#1468,#1469);
#1467 = CARTESIAN_POINT('',(77.935,-148.285,1.6));
#1468 = DIRECTION('',(-0.,0.,-1.));
#1469 = DIRECTION('',(-0.,-1.,0.));
#1470 = FACE_BOUND('',#1471,.T.);
#1471 = EDGE_LOOP('',(#1472));
#1472 = ORIENTED_EDGE('',*,*,#1473,.T.);
#1473 = EDGE_CURVE('',#1474,#1474,#1476,.T.);
#1474 = VERTEX_POINT('',#1475);
#1475 = CARTESIAN_POINT('',(77.935,-141.785,1.6));
#1476 = CIRCLE('',#1477,0.5);
#1477 = AXIS2_PLACEMENT_3D('',#1478,#1479,#1480);
#1478 = CARTESIAN_POINT('',(77.935,-141.285,1.6));
#1479 = DIRECTION('',(-0.,0.,-1.));
#1480 = DIRECTION('',(-0.,-1.,0.));
#1481 = FACE_BOUND('',#1482,.T.);
#1482 = EDGE_LOOP('',(#1483));
#1483 = ORIENTED_EDGE('',*,*,#1484,.T.);
#1484 = EDGE_CURVE('',#1485,#1485,#1487,.T.);
#1485 = VERTEX_POINT('',#1486);
#1486 = CARTESIAN_POINT('',(77.935,-136.785,1.6));
#1487 = CIRCLE('',#1488,0.5);
#1488 = AXIS2_PLACEMENT_3D('',#1489,#1490,#1491);
#1489 = CARTESIAN_POINT('',(77.935,-136.285,1.6));
#1490 = DIRECTION('',(-0.,0.,-1.));
#1491 = DIRECTION('',(-0.,-1.,0.));
#1492 = FACE_BOUND('',#1493,.T.);
#1493 = EDGE_LOOP('',(#1494));
#1494 = ORIENTED_EDGE('',*,*,#1495,.T.);
#1495 = EDGE_CURVE('',#1496,#1496,#1498,.T.);
#1496 = VERTEX_POINT('',#1497);
#1497 = CARTESIAN_POINT('',(80.91,-128.76,1.6));
#1498 = CIRCLE('',#1499,0.5);
#1499 = AXIS2_PLACEMENT_3D('',#1500,#1501,#1502);
#1500 = CARTESIAN_POINT('',(80.91,-128.26,1.6));
#1501 = DIRECTION('',(-0.,0.,-1.));
#1502 = DIRECTION('',(-0.,-1.,0.));
#1503 = FACE_BOUND('',#1504,.T.);
#1504 = EDGE_LOOP('',(#1505));
#1505 = ORIENTED_EDGE('',*,*,#1506,.T.);
#1506 = EDGE_CURVE('',#1507,#1507,#1509,.T.);
#1507 = VERTEX_POINT('',#1508);
#1508 = CARTESIAN_POINT('',(85.98,-151.565,1.6));
#1509 = CIRCLE('',#1510,0.5);
#1510 = AXIS2_PLACEMENT_3D('',#1511,#1512,#1513);
#1511 = CARTESIAN_POINT('',(85.98,-151.065,1.6));
#1512 = DIRECTION('',(-0.,0.,-1.));
#1513 = DIRECTION('',(-0.,-1.,0.));
#1514 = FACE_BOUND('',#1515,.T.);
#1515 = EDGE_LOOP('',(#1516));
#1516 = ORIENTED_EDGE('',*,*,#1517,.T.);
#1517 = EDGE_CURVE('',#1518,#1518,#1520,.T.);
#1518 = VERTEX_POINT('',#1519);
#1519 = CARTESIAN_POINT('',(85.98,-149.025,1.6));
#1520 = CIRCLE('',#1521,0.5);
#1521 = AXIS2_PLACEMENT_3D('',#1522,#1523,#1524);
#1522 = CARTESIAN_POINT('',(85.98,-148.525,1.6));
#1523 = DIRECTION('',(-0.,0.,-1.));
#1524 = DIRECTION('',(-0.,-1.,0.));
#1525 = FACE_BOUND('',#1526,.T.);
#1526 = EDGE_LOOP('',(#1527));
#1527 = ORIENTED_EDGE('',*,*,#1528,.T.);
#1528 = EDGE_CURVE('',#1529,#1529,#1531,.T.);
#1529 = VERTEX_POINT('',#1530);
#1530 = CARTESIAN_POINT('',(85.98,-146.485,1.6));
#1531 = CIRCLE('',#1532,0.5);
#1532 = AXIS2_PLACEMENT_3D('',#1533,#1534,#1535);
#1533 = CARTESIAN_POINT('',(85.98,-145.985,1.6));
#1534 = DIRECTION('',(-0.,0.,-1.));
#1535 = DIRECTION('',(-0.,-1.,0.));
#1536 = FACE_BOUND('',#1537,.T.);
#1537 = EDGE_LOOP('',(#1538));
#1538 = ORIENTED_EDGE('',*,*,#1539,.T.);
#1539 = EDGE_CURVE('',#1540,#1540,#1542,.T.);
#1540 = VERTEX_POINT('',#1541);
#1541 = CARTESIAN_POINT('',(85.98,-143.945,1.6));
#1542 = CIRCLE('',#1543,0.5);
#1543 = AXIS2_PLACEMENT_3D('',#1544,#1545,#1546);
#1544 = CARTESIAN_POINT('',(85.98,-143.445,1.6));
#1545 = DIRECTION('',(-0.,0.,-1.));
#1546 = DIRECTION('',(-0.,-1.,0.));
#1547 = FACE_BOUND('',#1548,.T.);
#1548 = EDGE_LOOP('',(#1549));
#1549 = ORIENTED_EDGE('',*,*,#1550,.T.);
#1550 = EDGE_CURVE('',#1551,#1551,#1553,.T.);
#1551 = VERTEX_POINT('',#1552);
#1552 = CARTESIAN_POINT('',(90.935,-153.785,1.6));
#1553 = CIRCLE('',#1554,0.5);
#1554 = AXIS2_PLACEMENT_3D('',#1555,#1556,#1557);
#1555 = CARTESIAN_POINT('',(90.935,-153.285,1.6));
#1556 = DIRECTION('',(-0.,0.,-1.));
#1557 = DIRECTION('',(-0.,-1.,0.));
#1558 = FACE_BOUND('',#1559,.T.);
#1559 = EDGE_LOOP('',(#1560));
#1560 = ORIENTED_EDGE('',*,*,#1561,.T.);
#1561 = EDGE_CURVE('',#1562,#1562,#1564,.T.);
#1562 = VERTEX_POINT('',#1563);
#1563 = CARTESIAN_POINT('',(90.935,-148.785,1.6));
#1564 = CIRCLE('',#1565,0.5);
#1565 = AXIS2_PLACEMENT_3D('',#1566,#1567,#1568);
#1566 = CARTESIAN_POINT('',(90.935,-148.285,1.6));
#1567 = DIRECTION('',(-0.,0.,-1.));
#1568 = DIRECTION('',(-0.,-1.,0.));
#1569 = FACE_BOUND('',#1570,.T.);
#1570 = EDGE_LOOP('',(#1571));
#1571 = ORIENTED_EDGE('',*,*,#1572,.T.);
#1572 = EDGE_CURVE('',#1573,#1573,#1575,.T.);
#1573 = VERTEX_POINT('',#1574);
#1574 = CARTESIAN_POINT('',(90.91,-141.76,1.6));
#1575 = CIRCLE('',#1576,0.5);
#1576 = AXIS2_PLACEMENT_3D('',#1577,#1578,#1579);
#1577 = CARTESIAN_POINT('',(90.91,-141.26,1.6));
#1578 = DIRECTION('',(-0.,0.,-1.));
#1579 = DIRECTION('',(-0.,-1.,0.));
#1580 = FACE_BOUND('',#1581,.T.);
#1581 = EDGE_LOOP('',(#1582));
#1582 = ORIENTED_EDGE('',*,*,#1583,.T.);
#1583 = EDGE_CURVE('',#1584,#1584,#1586,.T.);
#1584 = VERTEX_POINT('',#1585);
#1585 = CARTESIAN_POINT('',(85.98,-141.405,1.6));
#1586 = CIRCLE('',#1587,0.5);
#1587 = AXIS2_PLACEMENT_3D('',#1588,#1589,#1590);
#1588 = CARTESIAN_POINT('',(85.98,-140.905,1.6));
#1589 = DIRECTION('',(-0.,0.,-1.));
#1590 = DIRECTION('',(-0.,-1.,0.));
#1591 = FACE_BOUND('',#1592,.T.);
#1592 = EDGE_LOOP('',(#1593));
#1593 = ORIENTED_EDGE('',*,*,#1594,.T.);
#1594 = EDGE_CURVE('',#1595,#1595,#1597,.T.);
#1595 = VERTEX_POINT('',#1596);
#1596 = CARTESIAN_POINT('',(85.98,-138.865,1.6));
#1597 = CIRCLE('',#1598,0.5);
#1598 = AXIS2_PLACEMENT_3D('',#1599,#1600,#1601);
#1599 = CARTESIAN_POINT('',(85.98,-138.365,1.6));
#1600 = DIRECTION('',(-0.,0.,-1.));
#1601 = DIRECTION('',(-0.,-1.,0.));
#1602 = FACE_BOUND('',#1603,.T.);
#1603 = EDGE_LOOP('',(#1604));
#1604 = ORIENTED_EDGE('',*,*,#1605,.T.);
#1605 = EDGE_CURVE('',#1606,#1606,#1608,.T.);
#1606 = VERTEX_POINT('',#1607);
#1607 = CARTESIAN_POINT('',(85.98,-136.325,1.6));
#1608 = CIRCLE('',#1609,0.5);
#1609 = AXIS2_PLACEMENT_3D('',#1610,#1611,#1612);
#1610 = CARTESIAN_POINT('',(85.98,-135.825,1.6));
#1611 = DIRECTION('',(-0.,0.,-1.));
#1612 = DIRECTION('',(-0.,-1.,0.));
#1613 = FACE_BOUND('',#1614,.T.);
#1614 = EDGE_LOOP('',(#1615));
#1615 = ORIENTED_EDGE('',*,*,#1616,.T.);
#1616 = EDGE_CURVE('',#1617,#1617,#1619,.T.);
#1617 = VERTEX_POINT('',#1618);
#1618 = CARTESIAN_POINT('',(83.45,-128.76,1.6));
#1619 = CIRCLE('',#1620,0.5);
#1620 = AXIS2_PLACEMENT_3D('',#1621,#1622,#1623);
#1621 = CARTESIAN_POINT('',(83.45,-128.26,1.6));
#1622 = DIRECTION('',(-0.,0.,-1.));
#1623 = DIRECTION('',(-0.,-1.,0.));
#1624 = FACE_BOUND('',#1625,.T.);
#1625 = EDGE_LOOP('',(#1626));
#1626 = ORIENTED_EDGE('',*,*,#1627,.T.);
#1627 = EDGE_CURVE('',#1628,#1628,#1630,.T.);
#1628 = VERTEX_POINT('',#1629);
#1629 = CARTESIAN_POINT('',(85.98,-133.785,1.6));
#1630 = CIRCLE('',#1631,0.5);
#1631 = AXIS2_PLACEMENT_3D('',#1632,#1633,#1634);
#1632 = CARTESIAN_POINT('',(85.98,-133.285,1.6));
#1633 = DIRECTION('',(-0.,0.,-1.));
#1634 = DIRECTION('',(-0.,-1.,0.));
#1635 = FACE_BOUND('',#1636,.T.);
#1636 = EDGE_LOOP('',(#1637));
#1637 = ORIENTED_EDGE('',*,*,#1638,.T.);
#1638 = EDGE_CURVE('',#1639,#1639,#1641,.T.);
#1639 = VERTEX_POINT('',#1640);
#1640 = CARTESIAN_POINT('',(85.99,-128.76,1.6));
#1641 = CIRCLE('',#1642,0.5);
#1642 = AXIS2_PLACEMENT_3D('',#1643,#1644,#1645);
#1643 = CARTESIAN_POINT('',(85.99,-128.26,1.6));
#1644 = DIRECTION('',(-0.,0.,-1.));
#1645 = DIRECTION('',(-0.,-1.,0.));
#1646 = FACE_BOUND('',#1647,.T.);
#1647 = EDGE_LOOP('',(#1648));
#1648 = ORIENTED_EDGE('',*,*,#1649,.T.);
#1649 = EDGE_CURVE('',#1650,#1650,#1652,.T.);
#1650 = VERTEX_POINT('',#1651);
#1651 = CARTESIAN_POINT('',(88.53,-128.76,1.6));
#1652 = CIRCLE('',#1653,0.5);
#1653 = AXIS2_PLACEMENT_3D('',#1654,#1655,#1656);
#1654 = CARTESIAN_POINT('',(88.53,-128.26,1.6));
#1655 = DIRECTION('',(-0.,0.,-1.));
#1656 = DIRECTION('',(-0.,-1.,0.));
#1657 = FACE_BOUND('',#1658,.T.);
#1658 = EDGE_LOOP('',(#1659));
#1659 = ORIENTED_EDGE('',*,*,#1660,.T.);
#1660 = EDGE_CURVE('',#1661,#1661,#1663,.T.);
#1661 = VERTEX_POINT('',#1662);
#1662 = CARTESIAN_POINT('',(90.935,-136.785,1.6));
#1663 = CIRCLE('',#1664,0.5);
#1664 = AXIS2_PLACEMENT_3D('',#1665,#1666,#1667);
#1665 = CARTESIAN_POINT('',(90.935,-136.285,1.6));
#1666 = DIRECTION('',(-0.,0.,-1.));
#1667 = DIRECTION('',(-0.,-1.,0.));
#1668 = FACE_BOUND('',#1669,.T.);
#1669 = EDGE_LOOP('',(#1670));
#1670 = ORIENTED_EDGE('',*,*,#1671,.T.);
#1671 = EDGE_CURVE('',#1672,#1672,#1674,.T.);
#1672 = VERTEX_POINT('',#1673);
#1673 = CARTESIAN_POINT('',(91.07,-128.76,1.6));
#1674 = CIRCLE('',#1675,0.5);
#1675 = AXIS2_PLACEMENT_3D('',#1676,#1677,#1678);
#1676 = CARTESIAN_POINT('',(91.07,-128.26,1.6));
#1677 = DIRECTION('',(-0.,0.,-1.));
#1678 = DIRECTION('',(-0.,-1.,0.));
#1679 = FACE_BOUND('',#1680,.T.);
#1680 = EDGE_LOOP('',(#1681));
#1681 = ORIENTED_EDGE('',*,*,#1682,.T.);
#1682 = EDGE_CURVE('',#1683,#1683,#1685,.T.);
#1683 = VERTEX_POINT('',#1684);
#1684 = CARTESIAN_POINT('',(93.61,-128.76,1.6));
#1685 = CIRCLE('',#1686,0.5);
#1686 = AXIS2_PLACEMENT_3D('',#1687,#1688,#1689);
#1687 = CARTESIAN_POINT('',(93.61,-128.26,1.6));
#1688 = DIRECTION('',(-0.,0.,-1.));
#1689 = DIRECTION('',(-0.,-1.,0.));
#1690 = FACE_BOUND('',#1691,.T.);
#1691 = EDGE_LOOP('',(#1692));
#1692 = ORIENTED_EDGE('',*,*,#1693,.T.);
#1693 = EDGE_CURVE('',#1694,#1694,#1696,.T.);
#1694 = VERTEX_POINT('',#1695);
#1695 = CARTESIAN_POINT('',(87.66,-110.04,1.6));
#1696 = CIRCLE('',#1697,0.5);
#1697 = AXIS2_PLACEMENT_3D('',#1698,#1699,#1700);
#1698 = CARTESIAN_POINT('',(87.66,-109.54,1.6));
#1699 = DIRECTION('',(-0.,0.,-1.));
#1700 = DIRECTION('',(-0.,-1.,0.));
#1701 = FACE_BOUND('',#1702,.T.);
#1702 = EDGE_LOOP('',(#1703));
#1703 = ORIENTED_EDGE('',*,*,#1704,.T.);
#1704 = EDGE_CURVE('',#1705,#1705,#1707,.T.);
#1705 = VERTEX_POINT('',#1706);
#1706 = CARTESIAN_POINT('',(87.66,-104.,1.6));
#1707 = CIRCLE('',#1708,0.5);
#1708 = AXIS2_PLACEMENT_3D('',#1709,#1710,#1711);
#1709 = CARTESIAN_POINT('',(87.66,-103.5,1.6));
#1710 = DIRECTION('',(-0.,0.,-1.));
#1711 = DIRECTION('',(-0.,-1.,0.));
#1712 = FACE_BOUND('',#1713,.T.);
#1713 = EDGE_LOOP('',(#1714));
#1714 = ORIENTED_EDGE('',*,*,#1715,.T.);
#1715 = EDGE_CURVE('',#1716,#1716,#1718,.T.);
#1716 = VERTEX_POINT('',#1717);
#1717 = CARTESIAN_POINT('',(93.,-111.76,1.6));
#1718 = CIRCLE('',#1719,0.5);
#1719 = AXIS2_PLACEMENT_3D('',#1720,#1721,#1722);
#1720 = CARTESIAN_POINT('',(93.,-111.26,1.6));
#1721 = DIRECTION('',(-0.,0.,-1.));
#1722 = DIRECTION('',(-0.,-1.,0.));
#1723 = FACE_BOUND('',#1724,.T.);
#1724 = EDGE_LOOP('',(#1725));
#1725 = ORIENTED_EDGE('',*,*,#1726,.T.);
#1726 = EDGE_CURVE('',#1727,#1727,#1729,.T.);
#1727 = VERTEX_POINT('',#1728);
#1728 = CARTESIAN_POINT('',(93.,-109.22,1.6));
#1729 = CIRCLE('',#1730,0.5);
#1730 = AXIS2_PLACEMENT_3D('',#1731,#1732,#1733);
#1731 = CARTESIAN_POINT('',(93.,-108.72,1.6));
#1732 = DIRECTION('',(-0.,0.,-1.));
#1733 = DIRECTION('',(-0.,-1.,0.));
#1734 = FACE_BOUND('',#1735,.T.);
#1735 = EDGE_LOOP('',(#1736));
#1736 = ORIENTED_EDGE('',*,*,#1737,.T.);
#1737 = EDGE_CURVE('',#1738,#1738,#1740,.T.);
#1738 = VERTEX_POINT('',#1739);
#1739 = CARTESIAN_POINT('',(93.,-106.68,1.6));
#1740 = CIRCLE('',#1741,0.5);
#1741 = AXIS2_PLACEMENT_3D('',#1742,#1743,#1744);
#1742 = CARTESIAN_POINT('',(93.,-106.18,1.6));
#1743 = DIRECTION('',(-0.,0.,-1.));
#1744 = DIRECTION('',(-0.,-1.,0.));
#1745 = FACE_BOUND('',#1746,.T.);
#1746 = EDGE_LOOP('',(#1747));
#1747 = ORIENTED_EDGE('',*,*,#1748,.T.);
#1748 = EDGE_CURVE('',#1749,#1749,#1751,.T.);
#1749 = VERTEX_POINT('',#1750);
#1750 = CARTESIAN_POINT('',(93.,-104.14,1.6));
#1751 = CIRCLE('',#1752,0.5);
#1752 = AXIS2_PLACEMENT_3D('',#1753,#1754,#1755);
#1753 = CARTESIAN_POINT('',(93.,-103.64,1.6));
#1754 = DIRECTION('',(-0.,0.,-1.));
#1755 = DIRECTION('',(-0.,-1.,0.));
#1756 = FACE_BOUND('',#1757,.T.);
#1757 = EDGE_LOOP('',(#1758));
#1758 = ORIENTED_EDGE('',*,*,#1759,.T.);
#1759 = EDGE_CURVE('',#1760,#1760,#1762,.T.);
#1760 = VERTEX_POINT('',#1761);
#1761 = CARTESIAN_POINT('',(103.955,-153.785,1.6));
#1762 = CIRCLE('',#1763,0.5);
#1763 = AXIS2_PLACEMENT_3D('',#1764,#1765,#1766);
#1764 = CARTESIAN_POINT('',(103.955,-153.285,1.6));
#1765 = DIRECTION('',(-0.,0.,-1.));
#1766 = DIRECTION('',(-0.,-1.,0.));
#1767 = FACE_BOUND('',#1768,.T.);
#1768 = EDGE_LOOP('',(#1769));
#1769 = ORIENTED_EDGE('',*,*,#1770,.T.);
#1770 = EDGE_CURVE('',#1771,#1771,#1773,.T.);
#1771 = VERTEX_POINT('',#1772);
#1772 = CARTESIAN_POINT('',(103.955,-148.785,1.6));
#1773 = CIRCLE('',#1774,0.5);
#1774 = AXIS2_PLACEMENT_3D('',#1775,#1776,#1777);
#1775 = CARTESIAN_POINT('',(103.955,-148.285,1.6));
#1776 = DIRECTION('',(-0.,0.,-1.));
#1777 = DIRECTION('',(-0.,-1.,0.));
#1778 = FACE_BOUND('',#1779,.T.);
#1779 = EDGE_LOOP('',(#1780));
#1780 = ORIENTED_EDGE('',*,*,#1781,.T.);
#1781 = EDGE_CURVE('',#1782,#1782,#1784,.T.);
#1782 = VERTEX_POINT('',#1783);
#1783 = CARTESIAN_POINT('',(108.84,-151.565,1.6));
#1784 = CIRCLE('',#1785,0.5);
#1785 = AXIS2_PLACEMENT_3D('',#1786,#1787,#1788);
#1786 = CARTESIAN_POINT('',(108.84,-151.065,1.6));
#1787 = DIRECTION('',(-0.,0.,-1.));
#1788 = DIRECTION('',(-0.,-1.,0.));
#1789 = FACE_BOUND('',#1790,.T.);
#1790 = EDGE_LOOP('',(#1791));
#1791 = ORIENTED_EDGE('',*,*,#1792,.T.);
#1792 = EDGE_CURVE('',#1793,#1793,#1795,.T.);
#1793 = VERTEX_POINT('',#1794);
#1794 = CARTESIAN_POINT('',(108.84,-149.025,1.6));
#1795 = CIRCLE('',#1796,0.5);
#1796 = AXIS2_PLACEMENT_3D('',#1797,#1798,#1799);
#1797 = CARTESIAN_POINT('',(108.84,-148.525,1.6));
#1798 = DIRECTION('',(-0.,0.,-1.));
#1799 = DIRECTION('',(-0.,-1.,0.));
#1800 = FACE_BOUND('',#1801,.T.);
#1801 = EDGE_LOOP('',(#1802));
#1802 = ORIENTED_EDGE('',*,*,#1803,.T.);
#1803 = EDGE_CURVE('',#1804,#1804,#1806,.T.);
#1804 = VERTEX_POINT('',#1805);
#1805 = CARTESIAN_POINT('',(103.955,-141.785,1.6));
#1806 = CIRCLE('',#1807,0.5);
#1807 = AXIS2_PLACEMENT_3D('',#1808,#1809,#1810);
#1808 = CARTESIAN_POINT('',(103.955,-141.285,1.6));
#1809 = DIRECTION('',(-0.,0.,-1.));
#1810 = DIRECTION('',(-0.,-1.,0.));
#1811 = FACE_BOUND('',#1812,.T.);
#1812 = EDGE_LOOP('',(#1813));
#1813 = ORIENTED_EDGE('',*,*,#1814,.T.);
#1814 = EDGE_CURVE('',#1815,#1815,#1817,.T.);
#1815 = VERTEX_POINT('',#1816);
#1816 = CARTESIAN_POINT('',(108.84,-146.485,1.6));
#1817 = CIRCLE('',#1818,0.5);
#1818 = AXIS2_PLACEMENT_3D('',#1819,#1820,#1821);
#1819 = CARTESIAN_POINT('',(108.84,-145.985,1.6));
#1820 = DIRECTION('',(-0.,0.,-1.));
#1821 = DIRECTION('',(-0.,-1.,0.));
#1822 = FACE_BOUND('',#1823,.T.);
#1823 = EDGE_LOOP('',(#1824));
#1824 = ORIENTED_EDGE('',*,*,#1825,.T.);
#1825 = EDGE_CURVE('',#1826,#1826,#1828,.T.);
#1826 = VERTEX_POINT('',#1827);
#1827 = CARTESIAN_POINT('',(108.84,-143.945,1.6));
#1828 = CIRCLE('',#1829,0.5);
#1829 = AXIS2_PLACEMENT_3D('',#1830,#1831,#1832);
#1830 = CARTESIAN_POINT('',(108.84,-143.445,1.6));
#1831 = DIRECTION('',(-0.,0.,-1.));
#1832 = DIRECTION('',(-0.,-1.,0.));
#1833 = FACE_BOUND('',#1834,.T.);
#1834 = EDGE_LOOP('',(#1835));
#1835 = ORIENTED_EDGE('',*,*,#1836,.T.);
#1836 = EDGE_CURVE('',#1837,#1837,#1839,.T.);
#1837 = VERTEX_POINT('',#1838);
#1838 = CARTESIAN_POINT('',(96.15,-128.76,1.6));
#1839 = CIRCLE('',#1840,0.5);
#1840 = AXIS2_PLACEMENT_3D('',#1841,#1842,#1843);
#1841 = CARTESIAN_POINT('',(96.15,-128.26,1.6));
#1842 = DIRECTION('',(-0.,0.,-1.));
#1843 = DIRECTION('',(-0.,-1.,0.));
#1844 = FACE_BOUND('',#1845,.T.);
#1845 = EDGE_LOOP('',(#1846));
#1846 = ORIENTED_EDGE('',*,*,#1847,.T.);
#1847 = EDGE_CURVE('',#1848,#1848,#1850,.T.);
#1848 = VERTEX_POINT('',#1849);
#1849 = CARTESIAN_POINT('',(98.69,-128.76,1.6));
#1850 = CIRCLE('',#1851,0.5);
#1851 = AXIS2_PLACEMENT_3D('',#1852,#1853,#1854);
#1852 = CARTESIAN_POINT('',(98.69,-128.26,1.6));
#1853 = DIRECTION('',(-0.,0.,-1.));
#1854 = DIRECTION('',(-0.,-1.,0.));
#1855 = FACE_BOUND('',#1856,.T.);
#1856 = EDGE_LOOP('',(#1857));
#1857 = ORIENTED_EDGE('',*,*,#1858,.T.);
#1858 = EDGE_CURVE('',#1859,#1859,#1861,.T.);
#1859 = VERTEX_POINT('',#1860);
#1860 = CARTESIAN_POINT('',(101.23,-128.76,1.6));
#1861 = CIRCLE('',#1862,0.5);
#1862 = AXIS2_PLACEMENT_3D('',#1863,#1864,#1865);
#1863 = CARTESIAN_POINT('',(101.23,-128.26,1.6));
#1864 = DIRECTION('',(-0.,0.,-1.));
#1865 = DIRECTION('',(-0.,-1.,0.));
#1866 = FACE_BOUND('',#1867,.T.);
#1867 = EDGE_LOOP('',(#1868));
#1868 = ORIENTED_EDGE('',*,*,#1869,.T.);
#1869 = EDGE_CURVE('',#1870,#1870,#1872,.T.);
#1870 = VERTEX_POINT('',#1871);
#1871 = CARTESIAN_POINT('',(103.955,-136.785,1.6));
#1872 = CIRCLE('',#1873,0.5);
#1873 = AXIS2_PLACEMENT_3D('',#1874,#1875,#1876);
#1874 = CARTESIAN_POINT('',(103.955,-136.285,1.6));
#1875 = DIRECTION('',(-0.,0.,-1.));
#1876 = DIRECTION('',(-0.,-1.,0.));
#1877 = FACE_BOUND('',#1878,.T.);
#1878 = EDGE_LOOP('',(#1879));
#1879 = ORIENTED_EDGE('',*,*,#1880,.T.);
#1880 = EDGE_CURVE('',#1881,#1881,#1883,.T.);
#1881 = VERTEX_POINT('',#1882);
#1882 = CARTESIAN_POINT('',(108.84,-141.405,1.6));
#1883 = CIRCLE('',#1884,0.5);
#1884 = AXIS2_PLACEMENT_3D('',#1885,#1886,#1887);
#1885 = CARTESIAN_POINT('',(108.84,-140.905,1.6));
#1886 = DIRECTION('',(-0.,0.,-1.));
#1887 = DIRECTION('',(-0.,-1.,0.));
#1888 = FACE_BOUND('',#1889,.T.);
#1889 = EDGE_LOOP('',(#1890));
#1890 = ORIENTED_EDGE('',*,*,#1891,.T.);
#1891 = EDGE_CURVE('',#1892,#1892,#1894,.T.);
#1892 = VERTEX_POINT('',#1893);
#1893 = CARTESIAN_POINT('',(108.84,-138.865,1.6));
#1894 = CIRCLE('',#1895,0.5);
#1895 = AXIS2_PLACEMENT_3D('',#1896,#1897,#1898);
#1896 = CARTESIAN_POINT('',(108.84,-138.365,1.6));
#1897 = DIRECTION('',(-0.,0.,-1.));
#1898 = DIRECTION('',(-0.,-1.,0.));
#1899 = FACE_BOUND('',#1900,.T.);
#1900 = EDGE_LOOP('',(#1901));
#1901 = ORIENTED_EDGE('',*,*,#1902,.T.);
#1902 = EDGE_CURVE('',#1903,#1903,#1905,.T.);
#1903 = VERTEX_POINT('',#1904);
#1904 = CARTESIAN_POINT('',(108.84,-136.325,1.6));
#1905 = CIRCLE('',#1906,0.5);
#1906 = AXIS2_PLACEMENT_3D('',#1907,#1908,#1909);
#1907 = CARTESIAN_POINT('',(108.84,-135.825,1.6));
#1908 = DIRECTION('',(-0.,0.,-1.));
#1909 = DIRECTION('',(-0.,-1.,0.));
#1910 = FACE_BOUND('',#1911,.T.);
#1911 = EDGE_LOOP('',(#1912));
#1912 = ORIENTED_EDGE('',*,*,#1913,.T.);
#1913 = EDGE_CURVE('',#1914,#1914,#1916,.T.);
#1914 = VERTEX_POINT('',#1915);
#1915 = CARTESIAN_POINT('',(103.77,-128.76,1.6));
#1916 = CIRCLE('',#1917,0.5);
#1917 = AXIS2_PLACEMENT_3D('',#1918,#1919,#1920);
#1918 = CARTESIAN_POINT('',(103.77,-128.26,1.6));
#1919 = DIRECTION('',(-0.,0.,-1.));
#1920 = DIRECTION('',(-0.,-1.,0.));
#1921 = FACE_BOUND('',#1922,.T.);
#1922 = EDGE_LOOP('',(#1923));
#1923 = ORIENTED_EDGE('',*,*,#1924,.T.);
#1924 = EDGE_CURVE('',#1925,#1925,#1927,.T.);
#1925 = VERTEX_POINT('',#1926);
#1926 = CARTESIAN_POINT('',(108.84,-133.785,1.6));
#1927 = CIRCLE('',#1928,0.5);
#1928 = AXIS2_PLACEMENT_3D('',#1929,#1930,#1931);
#1929 = CARTESIAN_POINT('',(108.84,-133.285,1.6));
#1930 = DIRECTION('',(-0.,0.,-1.));
#1931 = DIRECTION('',(-0.,-1.,0.));
#1932 = FACE_BOUND('',#1933,.T.);
#1933 = EDGE_LOOP('',(#1934));
#1934 = ORIENTED_EDGE('',*,*,#1935,.T.);
#1935 = EDGE_CURVE('',#1936,#1936,#1938,.T.);
#1936 = VERTEX_POINT('',#1937);
#1937 = CARTESIAN_POINT('',(106.31,-128.76,1.6));
#1938 = CIRCLE('',#1939,0.5);
#1939 = AXIS2_PLACEMENT_3D('',#1940,#1941,#1942);
#1940 = CARTESIAN_POINT('',(106.31,-128.26,1.6));
#1941 = DIRECTION('',(-0.,0.,-1.));
#1942 = DIRECTION('',(-0.,-1.,0.));
#1943 = FACE_BOUND('',#1944,.T.);
#1944 = EDGE_LOOP('',(#1945));
#1945 = ORIENTED_EDGE('',*,*,#1946,.T.);
#1946 = EDGE_CURVE('',#1947,#1947,#1949,.T.);
#1947 = VERTEX_POINT('',#1948);
#1948 = CARTESIAN_POINT('',(108.85,-128.76,1.6));
#1949 = CIRCLE('',#1950,0.5);
#1950 = AXIS2_PLACEMENT_3D('',#1951,#1952,#1953);
#1951 = CARTESIAN_POINT('',(108.85,-128.26,1.6));
#1952 = DIRECTION('',(-0.,0.,-1.));
#1953 = DIRECTION('',(-0.,-1.,0.));
#1954 = FACE_BOUND('',#1955,.T.);
#1955 = EDGE_LOOP('',(#1956));
#1956 = ORIENTED_EDGE('',*,*,#1957,.T.);
#1957 = EDGE_CURVE('',#1958,#1958,#1960,.T.);
#1958 = VERTEX_POINT('',#1959);
#1959 = CARTESIAN_POINT('',(116.955,-153.785,1.6));
#1960 = CIRCLE('',#1961,0.5);
#1961 = AXIS2_PLACEMENT_3D('',#1962,#1963,#1964);
#1962 = CARTESIAN_POINT('',(116.955,-153.285,1.6));
#1963 = DIRECTION('',(-0.,0.,-1.));
#1964 = DIRECTION('',(-0.,-1.,0.));
#1965 = FACE_BOUND('',#1966,.T.);
#1966 = EDGE_LOOP('',(#1967));
#1967 = ORIENTED_EDGE('',*,*,#1968,.T.);
#1968 = EDGE_CURVE('',#1969,#1969,#1971,.T.);
#1969 = VERTEX_POINT('',#1970);
#1970 = CARTESIAN_POINT('',(116.955,-148.785,1.6));
#1971 = CIRCLE('',#1972,0.5);
#1972 = AXIS2_PLACEMENT_3D('',#1973,#1974,#1975);
#1973 = CARTESIAN_POINT('',(116.955,-148.285,1.6));
#1974 = DIRECTION('',(-0.,0.,-1.));
#1975 = DIRECTION('',(-0.,-1.,0.));
#1976 = FACE_BOUND('',#1977,.T.);
#1977 = EDGE_LOOP('',(#1978));
#1978 = ORIENTED_EDGE('',*,*,#1979,.T.);
#1979 = EDGE_CURVE('',#1980,#1980,#1982,.T.);
#1980 = VERTEX_POINT('',#1981);
#1981 = CARTESIAN_POINT('',(122.505,-153.965,1.6));
#1982 = CIRCLE('',#1983,1.1);
#1983 = AXIS2_PLACEMENT_3D('',#1984,#1985,#1986);
#1984 = CARTESIAN_POINT('',(122.505,-152.865,1.6));
#1985 = DIRECTION('',(-0.,0.,-1.));
#1986 = DIRECTION('',(-0.,-1.,0.));
#1987 = FACE_BOUND('',#1988,.T.);
#1988 = EDGE_LOOP('',(#1989));
#1989 = ORIENTED_EDGE('',*,*,#1990,.T.);
#1990 = EDGE_CURVE('',#1991,#1991,#1993,.T.);
#1991 = VERTEX_POINT('',#1992);
#1992 = CARTESIAN_POINT('',(116.955,-141.785,1.6));
#1993 = CIRCLE('',#1994,0.5);
#1994 = AXIS2_PLACEMENT_3D('',#1995,#1996,#1997);
#1995 = CARTESIAN_POINT('',(116.955,-141.285,1.6));
#1996 = DIRECTION('',(-0.,0.,-1.));
#1997 = DIRECTION('',(-0.,-1.,0.));
#1998 = FACE_BOUND('',#1999,.T.);
#1999 = EDGE_LOOP('',(#2000));
#2000 = ORIENTED_EDGE('',*,*,#2001,.T.);
#2001 = EDGE_CURVE('',#2002,#2002,#2004,.T.);
#2002 = VERTEX_POINT('',#2003);
#2003 = CARTESIAN_POINT('',(111.39,-128.76,1.6));
#2004 = CIRCLE('',#2005,0.5);
#2005 = AXIS2_PLACEMENT_3D('',#2006,#2007,#2008);
#2006 = CARTESIAN_POINT('',(111.39,-128.26,1.6));
#2007 = DIRECTION('',(-0.,0.,-1.));
#2008 = DIRECTION('',(-0.,-1.,0.));
#2009 = FACE_BOUND('',#2010,.T.);
#2010 = EDGE_LOOP('',(#2011));
#2011 = ORIENTED_EDGE('',*,*,#2012,.T.);
#2012 = EDGE_CURVE('',#2013,#2013,#2015,.T.);
#2013 = VERTEX_POINT('',#2014);
#2014 = CARTESIAN_POINT('',(113.93,-128.76,1.6));
#2015 = CIRCLE('',#2016,0.5);
#2016 = AXIS2_PLACEMENT_3D('',#2017,#2018,#2019);
#2017 = CARTESIAN_POINT('',(113.93,-128.26,1.6));
#2018 = DIRECTION('',(-0.,0.,-1.));
#2019 = DIRECTION('',(-0.,-1.,0.));
#2020 = FACE_BOUND('',#2021,.T.);
#2021 = EDGE_LOOP('',(#2022));
#2022 = ORIENTED_EDGE('',*,*,#2023,.T.);
#2023 = EDGE_CURVE('',#2024,#2024,#2026,.T.);
#2024 = VERTEX_POINT('',#2025);
#2025 = CARTESIAN_POINT('',(116.955,-136.785,1.6));
#2026 = CIRCLE('',#2027,0.5);
#2027 = AXIS2_PLACEMENT_3D('',#2028,#2029,#2030);
#2028 = CARTESIAN_POINT('',(116.955,-136.285,1.6));
#2029 = DIRECTION('',(-0.,0.,-1.));
#2030 = DIRECTION('',(-0.,-1.,0.));
#2031 = FACE_BOUND('',#2032,.T.);
#2032 = EDGE_LOOP('',(#2033));
#2033 = ORIENTED_EDGE('',*,*,#2034,.T.);
#2034 = EDGE_CURVE('',#2035,#2035,#2037,.T.);
#2035 = VERTEX_POINT('',#2036);
#2036 = CARTESIAN_POINT('',(107.25,-111.76,1.6));
#2037 = CIRCLE('',#2038,0.5);
#2038 = AXIS2_PLACEMENT_3D('',#2039,#2040,#2041);
#2039 = CARTESIAN_POINT('',(107.25,-111.26,1.6));
#2040 = DIRECTION('',(-0.,0.,-1.));
#2041 = DIRECTION('',(-0.,-1.,0.));
#2042 = FACE_BOUND('',#2043,.T.);
#2043 = EDGE_LOOP('',(#2044));
#2044 = ORIENTED_EDGE('',*,*,#2045,.T.);
#2045 = EDGE_CURVE('',#2046,#2046,#2048,.T.);
#2046 = VERTEX_POINT('',#2047);
#2047 = CARTESIAN_POINT('',(107.25,-109.22,1.6));
#2048 = CIRCLE('',#2049,0.5);
#2049 = AXIS2_PLACEMENT_3D('',#2050,#2051,#2052);
#2050 = CARTESIAN_POINT('',(107.25,-108.72,1.6));
#2051 = DIRECTION('',(-0.,0.,-1.));
#2052 = DIRECTION('',(-0.,-1.,0.));
#2053 = FACE_BOUND('',#2054,.T.);
#2054 = EDGE_LOOP('',(#2055));
#2055 = ORIENTED_EDGE('',*,*,#2056,.T.);
#2056 = EDGE_CURVE('',#2057,#2057,#2059,.T.);
#2057 = VERTEX_POINT('',#2058);
#2058 = CARTESIAN_POINT('',(107.25,-106.68,1.6));
#2059 = CIRCLE('',#2060,0.5);
#2060 = AXIS2_PLACEMENT_3D('',#2061,#2062,#2063);
#2061 = CARTESIAN_POINT('',(107.25,-106.18,1.6));
#2062 = DIRECTION('',(-0.,0.,-1.));
#2063 = DIRECTION('',(-0.,-1.,0.));
#2064 = FACE_BOUND('',#2065,.T.);
#2065 = EDGE_LOOP('',(#2066));
#2066 = ORIENTED_EDGE('',*,*,#2067,.T.);
#2067 = EDGE_CURVE('',#2068,#2068,#2070,.T.);
#2068 = VERTEX_POINT('',#2069);
#2069 = CARTESIAN_POINT('',(107.25,-104.14,1.6));
#2070 = CIRCLE('',#2071,0.5);
#2071 = AXIS2_PLACEMENT_3D('',#2072,#2073,#2074);
#2072 = CARTESIAN_POINT('',(107.25,-103.64,1.6));
#2073 = DIRECTION('',(-0.,0.,-1.));
#2074 = DIRECTION('',(-0.,-1.,0.));
#2075 = FACE_BOUND('',#2076,.T.);
#2076 = EDGE_LOOP('',(#2077));
#2077 = ORIENTED_EDGE('',*,*,#2078,.T.);
#2078 = EDGE_CURVE('',#2079,#2079,#2081,.T.);
#2079 = VERTEX_POINT('',#2080);
#2080 = CARTESIAN_POINT('',(68.235,-98.5,1.6));
#2081 = CIRCLE('',#2082,0.5);
#2082 = AXIS2_PLACEMENT_3D('',#2083,#2084,#2085);
#2083 = CARTESIAN_POINT('',(68.235,-98.,1.6));
#2084 = DIRECTION('',(-0.,0.,-1.));
#2085 = DIRECTION('',(-0.,-1.,0.));
#2086 = FACE_BOUND('',#2087,.T.);
#2087 = EDGE_LOOP('',(#2088));
#2088 = ORIENTED_EDGE('',*,*,#2089,.T.);
#2089 = EDGE_CURVE('',#2090,#2090,#2092,.T.);
#2090 = VERTEX_POINT('',#2091);
#2091 = CARTESIAN_POINT('',(73.91,-98.5,1.6));
#2092 = CIRCLE('',#2093,0.5);
#2093 = AXIS2_PLACEMENT_3D('',#2094,#2095,#2096);
#2094 = CARTESIAN_POINT('',(73.91,-98.,1.6));
#2095 = DIRECTION('',(-0.,0.,-1.));
#2096 = DIRECTION('',(-0.,-1.,0.));
#2097 = FACE_BOUND('',#2098,.T.);
#2098 = EDGE_LOOP('',(#2099));
#2099 = ORIENTED_EDGE('',*,*,#2100,.T.);
#2100 = EDGE_CURVE('',#2101,#2101,#2103,.T.);
#2101 = VERTEX_POINT('',#2102);
#2102 = CARTESIAN_POINT('',(93.,-101.6,1.6));
#2103 = CIRCLE('',#2104,0.5);
#2104 = AXIS2_PLACEMENT_3D('',#2105,#2106,#2107);
#2105 = CARTESIAN_POINT('',(93.,-101.1,1.6));
#2106 = DIRECTION('',(-0.,0.,-1.));
#2107 = DIRECTION('',(-0.,-1.,0.));
#2108 = FACE_BOUND('',#2109,.T.);
#2109 = EDGE_LOOP('',(#2110));
#2110 = ORIENTED_EDGE('',*,*,#2111,.T.);
#2111 = EDGE_CURVE('',#2112,#2112,#2114,.T.);
#2112 = VERTEX_POINT('',#2113);
#2113 = CARTESIAN_POINT('',(93.,-99.06,1.6));
#2114 = CIRCLE('',#2115,0.5);
#2115 = AXIS2_PLACEMENT_3D('',#2116,#2117,#2118);
#2116 = CARTESIAN_POINT('',(93.,-98.56,1.6));
#2117 = DIRECTION('',(-0.,0.,-1.));
#2118 = DIRECTION('',(-0.,-1.,0.));
#2119 = FACE_BOUND('',#2120,.T.);
#2120 = EDGE_LOOP('',(#2121));
#2121 = ORIENTED_EDGE('',*,*,#2122,.T.);
#2122 = EDGE_CURVE('',#2123,#2123,#2125,.T.);
#2123 = VERTEX_POINT('',#2124);
#2124 = CARTESIAN_POINT('',(93.,-96.52,1.6));
#2125 = CIRCLE('',#2126,0.5);
#2126 = AXIS2_PLACEMENT_3D('',#2127,#2128,#2129);
#2127 = CARTESIAN_POINT('',(93.,-96.02,1.6));
#2128 = DIRECTION('',(-0.,0.,-1.));
#2129 = DIRECTION('',(-0.,-1.,0.));
#2130 = FACE_BOUND('',#2131,.T.);
#2131 = EDGE_LOOP('',(#2132));
#2132 = ORIENTED_EDGE('',*,*,#2133,.T.);
#2133 = EDGE_CURVE('',#2134,#2134,#2136,.T.);
#2134 = VERTEX_POINT('',#2135);
#2135 = CARTESIAN_POINT('',(93.,-93.98,1.6));
#2136 = CIRCLE('',#2137,0.5);
#2137 = AXIS2_PLACEMENT_3D('',#2138,#2139,#2140);
#2138 = CARTESIAN_POINT('',(93.,-93.48,1.6));
#2139 = DIRECTION('',(-0.,0.,-1.));
#2140 = DIRECTION('',(-0.,-1.,0.));
#2141 = FACE_BOUND('',#2142,.T.);
#2142 = EDGE_LOOP('',(#2143));
#2143 = ORIENTED_EDGE('',*,*,#2144,.T.);
#2144 = EDGE_CURVE('',#2145,#2145,#2147,.T.);
#2145 = VERTEX_POINT('',#2146);
#2146 = CARTESIAN_POINT('',(93.,-91.44,1.6));
#2147 = CIRCLE('',#2148,0.5);
#2148 = AXIS2_PLACEMENT_3D('',#2149,#2150,#2151);
#2149 = CARTESIAN_POINT('',(93.,-90.94,1.6));
#2150 = DIRECTION('',(-0.,0.,-1.));
#2151 = DIRECTION('',(-0.,-1.,0.));
#2152 = FACE_BOUND('',#2153,.T.);
#2153 = EDGE_LOOP('',(#2154));
#2154 = ORIENTED_EDGE('',*,*,#2155,.T.);
#2155 = EDGE_CURVE('',#2156,#2156,#2158,.T.);
#2156 = VERTEX_POINT('',#2157);
#2157 = CARTESIAN_POINT('',(93.,-88.9,1.6));
#2158 = CIRCLE('',#2159,0.5);
#2159 = AXIS2_PLACEMENT_3D('',#2160,#2161,#2162);
#2160 = CARTESIAN_POINT('',(93.,-88.4,1.6));
#2161 = DIRECTION('',(-0.,0.,-1.));
#2162 = DIRECTION('',(-0.,-1.,0.));
#2163 = FACE_BOUND('',#2164,.T.);
#2164 = EDGE_LOOP('',(#2165));
#2165 = ORIENTED_EDGE('',*,*,#2166,.T.);
#2166 = EDGE_CURVE('',#2167,#2167,#2169,.T.);
#2167 = VERTEX_POINT('',#2168);
#2168 = CARTESIAN_POINT('',(93.,-86.36,1.6));
#2169 = CIRCLE('',#2170,0.5);
#2170 = AXIS2_PLACEMENT_3D('',#2171,#2172,#2173);
#2171 = CARTESIAN_POINT('',(93.,-85.86,1.6));
#2172 = DIRECTION('',(-0.,0.,-1.));
#2173 = DIRECTION('',(-0.,-1.,0.));
#2174 = FACE_BOUND('',#2175,.T.);
#2175 = EDGE_LOOP('',(#2176));
#2176 = ORIENTED_EDGE('',*,*,#2177,.T.);
#2177 = EDGE_CURVE('',#2178,#2178,#2180,.T.);
#2178 = VERTEX_POINT('',#2179);
#2179 = CARTESIAN_POINT('',(93.,-83.82,1.6));
#2180 = CIRCLE('',#2181,0.5);
#2181 = AXIS2_PLACEMENT_3D('',#2182,#2183,#2184);
#2182 = CARTESIAN_POINT('',(93.,-83.32,1.6));
#2183 = DIRECTION('',(-0.,0.,-1.));
#2184 = DIRECTION('',(-0.,-1.,0.));
#2185 = FACE_BOUND('',#2186,.T.);
#2186 = EDGE_LOOP('',(#2187));
#2187 = ORIENTED_EDGE('',*,*,#2188,.T.);
#2188 = EDGE_CURVE('',#2189,#2189,#2191,.T.);
#2189 = VERTEX_POINT('',#2190);
#2190 = CARTESIAN_POINT('',(93.,-81.28,1.6));
#2191 = CIRCLE('',#2192,0.5);
#2192 = AXIS2_PLACEMENT_3D('',#2193,#2194,#2195);
#2193 = CARTESIAN_POINT('',(93.,-80.78,1.6));
#2194 = DIRECTION('',(-0.,0.,-1.));
#2195 = DIRECTION('',(-0.,-1.,0.));
#2196 = FACE_BOUND('',#2197,.T.);
#2197 = EDGE_LOOP('',(#2198));
#2198 = ORIENTED_EDGE('',*,*,#2199,.T.);
#2199 = EDGE_CURVE('',#2200,#2200,#2202,.T.);
#2200 = VERTEX_POINT('',#2201);
#2201 = CARTESIAN_POINT('',(93.,-78.74,1.6));
#2202 = CIRCLE('',#2203,0.5);
#2203 = AXIS2_PLACEMENT_3D('',#2204,#2205,#2206);
#2204 = CARTESIAN_POINT('',(93.,-78.24,1.6));
#2205 = DIRECTION('',(-0.,0.,-1.));
#2206 = DIRECTION('',(-0.,-1.,0.));
#2207 = FACE_BOUND('',#2208,.T.);
#2208 = EDGE_LOOP('',(#2209));
#2209 = ORIENTED_EDGE('',*,*,#2210,.T.);
#2210 = EDGE_CURVE('',#2211,#2211,#2213,.T.);
#2211 = VERTEX_POINT('',#2212);
#2212 = CARTESIAN_POINT('',(68.895,-52.24,1.6));
#2213 = CIRCLE('',#2214,1.1);
#2214 = AXIS2_PLACEMENT_3D('',#2215,#2216,#2217);
#2215 = CARTESIAN_POINT('',(68.895,-51.14,1.6));
#2216 = DIRECTION('',(-0.,0.,-1.));
#2217 = DIRECTION('',(-1.2918958832E-14,-1.,0.));
#2218 = FACE_BOUND('',#2219,.T.);
#2219 = EDGE_LOOP('',(#2220));
#2220 = ORIENTED_EDGE('',*,*,#2221,.T.);
#2221 = EDGE_CURVE('',#2222,#2222,#2224,.T.);
#2222 = VERTEX_POINT('',#2223);
#2223 = CARTESIAN_POINT('',(93.,-76.2,1.6));
#2224 = CIRCLE('',#2225,0.5);
#2225 = AXIS2_PLACEMENT_3D('',#2226,#2227,#2228);
#2226 = CARTESIAN_POINT('',(93.,-75.7,1.6));
#2227 = DIRECTION('',(-0.,0.,-1.));
#2228 = DIRECTION('',(-0.,-1.,0.));
#2229 = FACE_BOUND('',#2230,.T.);
#2230 = EDGE_LOOP('',(#2231));
#2231 = ORIENTED_EDGE('',*,*,#2232,.T.);
#2232 = EDGE_CURVE('',#2233,#2233,#2235,.T.);
#2233 = VERTEX_POINT('',#2234);
#2234 = CARTESIAN_POINT('',(93.,-73.66,1.6));
#2235 = CIRCLE('',#2236,0.5);
#2236 = AXIS2_PLACEMENT_3D('',#2237,#2238,#2239);
#2237 = CARTESIAN_POINT('',(93.,-73.16,1.6));
#2238 = DIRECTION('',(-0.,0.,-1.));
#2239 = DIRECTION('',(-0.,-1.,0.));
#2240 = FACE_BOUND('',#2241,.T.);
#2241 = EDGE_LOOP('',(#2242));
#2242 = ORIENTED_EDGE('',*,*,#2243,.T.);
#2243 = EDGE_CURVE('',#2244,#2244,#2246,.T.);
#2244 = VERTEX_POINT('',#2245);
#2245 = CARTESIAN_POINT('',(93.,-71.12,1.6));
#2246 = CIRCLE('',#2247,0.5);
#2247 = AXIS2_PLACEMENT_3D('',#2248,#2249,#2250);
#2248 = CARTESIAN_POINT('',(93.,-70.62,1.6));
#2249 = DIRECTION('',(-0.,0.,-1.));
#2250 = DIRECTION('',(-0.,-1.,0.));
#2251 = FACE_BOUND('',#2252,.T.);
#2252 = EDGE_LOOP('',(#2253));
#2253 = ORIENTED_EDGE('',*,*,#2254,.T.);
#2254 = EDGE_CURVE('',#2255,#2255,#2257,.T.);
#2255 = VERTEX_POINT('',#2256);
#2256 = CARTESIAN_POINT('',(93.,-68.58,1.6));
#2257 = CIRCLE('',#2258,0.5);
#2258 = AXIS2_PLACEMENT_3D('',#2259,#2260,#2261);
#2259 = CARTESIAN_POINT('',(93.,-68.08,1.6));
#2260 = DIRECTION('',(-0.,0.,-1.));
#2261 = DIRECTION('',(-0.,-1.,0.));
#2262 = FACE_BOUND('',#2263,.T.);
#2263 = EDGE_LOOP('',(#2264));
#2264 = ORIENTED_EDGE('',*,*,#2265,.T.);
#2265 = EDGE_CURVE('',#2266,#2266,#2268,.T.);
#2266 = VERTEX_POINT('',#2267);
#2267 = CARTESIAN_POINT('',(93.,-66.04,1.6));
#2268 = CIRCLE('',#2269,0.5);
#2269 = AXIS2_PLACEMENT_3D('',#2270,#2271,#2272);
#2270 = CARTESIAN_POINT('',(93.,-65.54,1.6));
#2271 = DIRECTION('',(-0.,0.,-1.));
#2272 = DIRECTION('',(-0.,-1.,0.));
#2273 = FACE_BOUND('',#2274,.T.);
#2274 = EDGE_LOOP('',(#2275));
#2275 = ORIENTED_EDGE('',*,*,#2276,.T.);
#2276 = EDGE_CURVE('',#2277,#2277,#2279,.T.);
#2277 = VERTEX_POINT('',#2278);
#2278 = CARTESIAN_POINT('',(93.,-63.5,1.6));
#2279 = CIRCLE('',#2280,0.5);
#2280 = AXIS2_PLACEMENT_3D('',#2281,#2282,#2283);
#2281 = CARTESIAN_POINT('',(93.,-63.,1.6));
#2282 = DIRECTION('',(-0.,0.,-1.));
#2283 = DIRECTION('',(-0.,-1.,0.));
#2284 = FACE_BOUND('',#2285,.T.);
#2285 = EDGE_LOOP('',(#2286));
#2286 = ORIENTED_EDGE('',*,*,#2287,.T.);
#2287 = EDGE_CURVE('',#2288,#2288,#2290,.T.);
#2288 = VERTEX_POINT('',#2289);
#2289 = CARTESIAN_POINT('',(91.05,-51.22,1.6));
#2290 = CIRCLE('',#2291,0.5);
#2291 = AXIS2_PLACEMENT_3D('',#2292,#2293,#2294);
#2292 = CARTESIAN_POINT('',(91.05,-50.72,1.6));
#2293 = DIRECTION('',(-0.,0.,-1.));
#2294 = DIRECTION('',(-0.,-1.,0.));
#2295 = FACE_BOUND('',#2296,.T.);
#2296 = EDGE_LOOP('',(#2297));
#2297 = ORIENTED_EDGE('',*,*,#2298,.T.);
#2298 = EDGE_CURVE('',#2299,#2299,#2301,.T.);
#2299 = VERTEX_POINT('',#2300);
#2300 = CARTESIAN_POINT('',(93.59,-51.22,1.6));
#2301 = CIRCLE('',#2302,0.5);
#2302 = AXIS2_PLACEMENT_3D('',#2303,#2304,#2305);
#2303 = CARTESIAN_POINT('',(93.59,-50.72,1.6));
#2304 = DIRECTION('',(-0.,0.,-1.));
#2305 = DIRECTION('',(-0.,-1.,0.));
#2306 = FACE_BOUND('',#2307,.T.);
#2307 = EDGE_LOOP('',(#2308));
#2308 = ORIENTED_EDGE('',*,*,#2309,.T.);
#2309 = EDGE_CURVE('',#2310,#2310,#2312,.T.);
#2310 = VERTEX_POINT('',#2311);
#2311 = CARTESIAN_POINT('',(107.25,-101.6,1.6));
#2312 = CIRCLE('',#2313,0.5);
#2313 = AXIS2_PLACEMENT_3D('',#2314,#2315,#2316);
#2314 = CARTESIAN_POINT('',(107.25,-101.1,1.6));
#2315 = DIRECTION('',(-0.,0.,-1.));
#2316 = DIRECTION('',(-0.,-1.,0.));
#2317 = FACE_BOUND('',#2318,.T.);
#2318 = EDGE_LOOP('',(#2319));
#2319 = ORIENTED_EDGE('',*,*,#2320,.T.);
#2320 = EDGE_CURVE('',#2321,#2321,#2323,.T.);
#2321 = VERTEX_POINT('',#2322);
#2322 = CARTESIAN_POINT('',(107.25,-99.06,1.6));
#2323 = CIRCLE('',#2324,0.5);
#2324 = AXIS2_PLACEMENT_3D('',#2325,#2326,#2327);
#2325 = CARTESIAN_POINT('',(107.25,-98.56,1.6));
#2326 = DIRECTION('',(-0.,0.,-1.));
#2327 = DIRECTION('',(-0.,-1.,0.));
#2328 = FACE_BOUND('',#2329,.T.);
#2329 = EDGE_LOOP('',(#2330));
#2330 = ORIENTED_EDGE('',*,*,#2331,.T.);
#2331 = EDGE_CURVE('',#2332,#2332,#2334,.T.);
#2332 = VERTEX_POINT('',#2333);
#2333 = CARTESIAN_POINT('',(107.25,-96.52,1.6));
#2334 = CIRCLE('',#2335,0.5);
#2335 = AXIS2_PLACEMENT_3D('',#2336,#2337,#2338);
#2336 = CARTESIAN_POINT('',(107.25,-96.02,1.6));
#2337 = DIRECTION('',(-0.,0.,-1.));
#2338 = DIRECTION('',(-0.,-1.,0.));
#2339 = FACE_BOUND('',#2340,.T.);
#2340 = EDGE_LOOP('',(#2341));
#2341 = ORIENTED_EDGE('',*,*,#2342,.T.);
#2342 = EDGE_CURVE('',#2343,#2343,#2345,.T.);
#2343 = VERTEX_POINT('',#2344);
#2344 = CARTESIAN_POINT('',(107.25,-93.98,1.6));
#2345 = CIRCLE('',#2346,0.5);
#2346 = AXIS2_PLACEMENT_3D('',#2347,#2348,#2349);
#2347 = CARTESIAN_POINT('',(107.25,-93.48,1.6));
#2348 = DIRECTION('',(-0.,0.,-1.));
#2349 = DIRECTION('',(-0.,-1.,0.));
#2350 = FACE_BOUND('',#2351,.T.);
#2351 = EDGE_LOOP('',(#2352));
#2352 = ORIENTED_EDGE('',*,*,#2353,.T.);
#2353 = EDGE_CURVE('',#2354,#2354,#2356,.T.);
#2354 = VERTEX_POINT('',#2355);
#2355 = CARTESIAN_POINT('',(107.25,-91.44,1.6));
#2356 = CIRCLE('',#2357,0.5);
#2357 = AXIS2_PLACEMENT_3D('',#2358,#2359,#2360);
#2358 = CARTESIAN_POINT('',(107.25,-90.94,1.6));
#2359 = DIRECTION('',(-0.,0.,-1.));
#2360 = DIRECTION('',(-0.,-1.,0.));
#2361 = FACE_BOUND('',#2362,.T.);
#2362 = EDGE_LOOP('',(#2363));
#2363 = ORIENTED_EDGE('',*,*,#2364,.T.);
#2364 = EDGE_CURVE('',#2365,#2365,#2367,.T.);
#2365 = VERTEX_POINT('',#2366);
#2366 = CARTESIAN_POINT('',(107.25,-88.9,1.6));
#2367 = CIRCLE('',#2368,0.5);
#2368 = AXIS2_PLACEMENT_3D('',#2369,#2370,#2371);
#2369 = CARTESIAN_POINT('',(107.25,-88.4,1.6));
#2370 = DIRECTION('',(-0.,0.,-1.));
#2371 = DIRECTION('',(-0.,-1.,0.));
#2372 = FACE_BOUND('',#2373,.T.);
#2373 = EDGE_LOOP('',(#2374));
#2374 = ORIENTED_EDGE('',*,*,#2375,.T.);
#2375 = EDGE_CURVE('',#2376,#2376,#2378,.T.);
#2376 = VERTEX_POINT('',#2377);
#2377 = CARTESIAN_POINT('',(107.25,-86.36,1.6));
#2378 = CIRCLE('',#2379,0.5);
#2379 = AXIS2_PLACEMENT_3D('',#2380,#2381,#2382);
#2380 = CARTESIAN_POINT('',(107.25,-85.86,1.6));
#2381 = DIRECTION('',(-0.,0.,-1.));
#2382 = DIRECTION('',(-0.,-1.,0.));
#2383 = FACE_BOUND('',#2384,.T.);
#2384 = EDGE_LOOP('',(#2385));
#2385 = ORIENTED_EDGE('',*,*,#2386,.T.);
#2386 = EDGE_CURVE('',#2387,#2387,#2389,.T.);
#2387 = VERTEX_POINT('',#2388);
#2388 = CARTESIAN_POINT('',(107.25,-83.82,1.6));
#2389 = CIRCLE('',#2390,0.5);
#2390 = AXIS2_PLACEMENT_3D('',#2391,#2392,#2393);
#2391 = CARTESIAN_POINT('',(107.25,-83.32,1.6));
#2392 = DIRECTION('',(-0.,0.,-1.));
#2393 = DIRECTION('',(-0.,-1.,0.));
#2394 = FACE_BOUND('',#2395,.T.);
#2395 = EDGE_LOOP('',(#2396));
#2396 = ORIENTED_EDGE('',*,*,#2397,.T.);
#2397 = EDGE_CURVE('',#2398,#2398,#2400,.T.);
#2398 = VERTEX_POINT('',#2399);
#2399 = CARTESIAN_POINT('',(107.25,-81.28,1.6));
#2400 = CIRCLE('',#2401,0.5);
#2401 = AXIS2_PLACEMENT_3D('',#2402,#2403,#2404);
#2402 = CARTESIAN_POINT('',(107.25,-80.78,1.6));
#2403 = DIRECTION('',(-0.,0.,-1.));
#2404 = DIRECTION('',(-0.,-1.,0.));
#2405 = FACE_BOUND('',#2406,.T.);
#2406 = EDGE_LOOP('',(#2407));
#2407 = ORIENTED_EDGE('',*,*,#2408,.T.);
#2408 = EDGE_CURVE('',#2409,#2409,#2411,.T.);
#2409 = VERTEX_POINT('',#2410);
#2410 = CARTESIAN_POINT('',(107.25,-78.74,1.6));
#2411 = CIRCLE('',#2412,0.5);
#2412 = AXIS2_PLACEMENT_3D('',#2413,#2414,#2415);
#2413 = CARTESIAN_POINT('',(107.25,-78.24,1.6));
#2414 = DIRECTION('',(-0.,0.,-1.));
#2415 = DIRECTION('',(-0.,-1.,0.));
#2416 = FACE_BOUND('',#2417,.T.);
#2417 = EDGE_LOOP('',(#2418));
#2418 = ORIENTED_EDGE('',*,*,#2419,.T.);
#2419 = EDGE_CURVE('',#2420,#2420,#2422,.T.);
#2420 = VERTEX_POINT('',#2421);
#2421 = CARTESIAN_POINT('',(114.955,-101.5,1.6));
#2422 = CIRCLE('',#2423,0.5);
#2423 = AXIS2_PLACEMENT_3D('',#2424,#2425,#2426);
#2424 = CARTESIAN_POINT('',(114.955,-101.,1.6));
#2425 = DIRECTION('',(-0.,0.,-1.));
#2426 = DIRECTION('',(-0.,-1.,0.));
#2427 = FACE_BOUND('',#2428,.T.);
#2428 = EDGE_LOOP('',(#2429));
#2429 = ORIENTED_EDGE('',*,*,#2430,.T.);
#2430 = EDGE_CURVE('',#2431,#2431,#2433,.T.);
#2431 = VERTEX_POINT('',#2432);
#2432 = CARTESIAN_POINT('',(114.955,-96.5,1.6));
#2433 = CIRCLE('',#2434,0.5);
#2434 = AXIS2_PLACEMENT_3D('',#2435,#2436,#2437);
#2435 = CARTESIAN_POINT('',(114.955,-96.,1.6));
#2436 = DIRECTION('',(-0.,0.,-1.));
#2437 = DIRECTION('',(-0.,-1.,0.));
#2438 = FACE_BOUND('',#2439,.T.);
#2439 = EDGE_LOOP('',(#2440));
#2440 = ORIENTED_EDGE('',*,*,#2441,.T.);
#2441 = EDGE_CURVE('',#2442,#2442,#2444,.T.);
#2442 = VERTEX_POINT('',#2443);
#2443 = CARTESIAN_POINT('',(114.955,-89.5,1.6));
#2444 = CIRCLE('',#2445,0.5);
#2445 = AXIS2_PLACEMENT_3D('',#2446,#2447,#2448);
#2446 = CARTESIAN_POINT('',(114.955,-89.,1.6));
#2447 = DIRECTION('',(-0.,0.,-1.));
#2448 = DIRECTION('',(-0.,-1.,0.));
#2449 = FACE_BOUND('',#2450,.T.);
#2450 = EDGE_LOOP('',(#2451));
#2451 = ORIENTED_EDGE('',*,*,#2452,.T.);
#2452 = EDGE_CURVE('',#2453,#2453,#2455,.T.);
#2453 = VERTEX_POINT('',#2454);
#2454 = CARTESIAN_POINT('',(114.955,-84.5,1.6));
#2455 = CIRCLE('',#2456,0.5);
#2456 = AXIS2_PLACEMENT_3D('',#2457,#2458,#2459);
#2457 = CARTESIAN_POINT('',(114.955,-84.,1.6));
#2458 = DIRECTION('',(-0.,0.,-1.));
#2459 = DIRECTION('',(-0.,-1.,0.));
#2460 = FACE_BOUND('',#2461,.T.);
#2461 = EDGE_LOOP('',(#2462));
#2462 = ORIENTED_EDGE('',*,*,#2463,.T.);
#2463 = EDGE_CURVE('',#2464,#2464,#2466,.T.);
#2464 = VERTEX_POINT('',#2465);
#2465 = CARTESIAN_POINT('',(114.955,-77.5,1.6));
#2466 = CIRCLE('',#2467,0.5);
#2467 = AXIS2_PLACEMENT_3D('',#2468,#2469,#2470);
#2468 = CARTESIAN_POINT('',(114.955,-77.,1.6));
#2469 = DIRECTION('',(-0.,0.,-1.));
#2470 = DIRECTION('',(-0.,-1.,0.));
#2471 = FACE_BOUND('',#2472,.T.);
#2472 = EDGE_LOOP('',(#2473));
#2473 = ORIENTED_EDGE('',*,*,#2474,.T.);
#2474 = EDGE_CURVE('',#2475,#2475,#2477,.T.);
#2475 = VERTEX_POINT('',#2476);
#2476 = CARTESIAN_POINT('',(107.25,-76.2,1.6));
#2477 = CIRCLE('',#2478,0.5);
#2478 = AXIS2_PLACEMENT_3D('',#2479,#2480,#2481);
#2479 = CARTESIAN_POINT('',(107.25,-75.7,1.6));
#2480 = DIRECTION('',(-0.,0.,-1.));
#2481 = DIRECTION('',(-0.,-1.,0.));
#2482 = FACE_BOUND('',#2483,.T.);
#2483 = EDGE_LOOP('',(#2484));
#2484 = ORIENTED_EDGE('',*,*,#2485,.T.);
#2485 = EDGE_CURVE('',#2486,#2486,#2488,.T.);
#2486 = VERTEX_POINT('',#2487);
#2487 = CARTESIAN_POINT('',(107.25,-73.66,1.6));
#2488 = CIRCLE('',#2489,0.5);
#2489 = AXIS2_PLACEMENT_3D('',#2490,#2491,#2492);
#2490 = CARTESIAN_POINT('',(107.25,-73.16,1.6));
#2491 = DIRECTION('',(-0.,0.,-1.));
#2492 = DIRECTION('',(-0.,-1.,0.));
#2493 = FACE_BOUND('',#2494,.T.);
#2494 = EDGE_LOOP('',(#2495));
#2495 = ORIENTED_EDGE('',*,*,#2496,.T.);
#2496 = EDGE_CURVE('',#2497,#2497,#2499,.T.);
#2497 = VERTEX_POINT('',#2498);
#2498 = CARTESIAN_POINT('',(107.25,-71.12,1.6));
#2499 = CIRCLE('',#2500,0.5);
#2500 = AXIS2_PLACEMENT_3D('',#2501,#2502,#2503);
#2501 = CARTESIAN_POINT('',(107.25,-70.62,1.6));
#2502 = DIRECTION('',(-0.,0.,-1.));
#2503 = DIRECTION('',(-0.,-1.,0.));
#2504 = FACE_BOUND('',#2505,.T.);
#2505 = EDGE_LOOP('',(#2506));
#2506 = ORIENTED_EDGE('',*,*,#2507,.T.);
#2507 = EDGE_CURVE('',#2508,#2508,#2510,.T.);
#2508 = VERTEX_POINT('',#2509);
#2509 = CARTESIAN_POINT('',(107.25,-68.58,1.6));
#2510 = CIRCLE('',#2511,0.5);
#2511 = AXIS2_PLACEMENT_3D('',#2512,#2513,#2514);
#2512 = CARTESIAN_POINT('',(107.25,-68.08,1.6));
#2513 = DIRECTION('',(-0.,0.,-1.));
#2514 = DIRECTION('',(-0.,-1.,0.));
#2515 = FACE_BOUND('',#2516,.T.);
#2516 = EDGE_LOOP('',(#2517));
#2517 = ORIENTED_EDGE('',*,*,#2518,.T.);
#2518 = EDGE_CURVE('',#2519,#2519,#2521,.T.);
#2519 = VERTEX_POINT('',#2520);
#2520 = CARTESIAN_POINT('',(107.25,-66.04,1.6));
#2521 = CIRCLE('',#2522,0.5);
#2522 = AXIS2_PLACEMENT_3D('',#2523,#2524,#2525);
#2523 = CARTESIAN_POINT('',(107.25,-65.54,1.6));
#2524 = DIRECTION('',(-0.,0.,-1.));
#2525 = DIRECTION('',(-0.,-1.,0.));
#2526 = FACE_BOUND('',#2527,.T.);
#2527 = EDGE_LOOP('',(#2528));
#2528 = ORIENTED_EDGE('',*,*,#2529,.T.);
#2529 = EDGE_CURVE('',#2530,#2530,#2532,.T.);
#2530 = VERTEX_POINT('',#2531);
#2531 = CARTESIAN_POINT('',(96.13,-51.22,1.6));
#2532 = CIRCLE('',#2533,0.5);
#2533 = AXIS2_PLACEMENT_3D('',#2534,#2535,#2536);
#2534 = CARTESIAN_POINT('',(96.13,-50.72,1.6));
#2535 = DIRECTION('',(-0.,0.,-1.));
#2536 = DIRECTION('',(-0.,-1.,0.));
#2537 = FACE_BOUND('',#2538,.T.);
#2538 = EDGE_LOOP('',(#2539));
#2539 = ORIENTED_EDGE('',*,*,#2540,.T.);
#2540 = EDGE_CURVE('',#2541,#2541,#2543,.T.);
#2541 = VERTEX_POINT('',#2542);
#2542 = CARTESIAN_POINT('',(98.67,-51.22,1.6));
#2543 = CIRCLE('',#2544,0.5);
#2544 = AXIS2_PLACEMENT_3D('',#2545,#2546,#2547);
#2545 = CARTESIAN_POINT('',(98.67,-50.72,1.6));
#2546 = DIRECTION('',(-0.,0.,-1.));
#2547 = DIRECTION('',(-0.,-1.,0.));
#2548 = FACE_BOUND('',#2549,.T.);
#2549 = EDGE_LOOP('',(#2550));
#2550 = ORIENTED_EDGE('',*,*,#2551,.T.);
#2551 = EDGE_CURVE('',#2552,#2552,#2554,.T.);
#2552 = VERTEX_POINT('',#2553);
#2553 = CARTESIAN_POINT('',(101.21,-51.22,1.6));
#2554 = CIRCLE('',#2555,0.5);
#2555 = AXIS2_PLACEMENT_3D('',#2556,#2557,#2558);
#2556 = CARTESIAN_POINT('',(101.21,-50.72,1.6));
#2557 = DIRECTION('',(-0.,0.,-1.));
#2558 = DIRECTION('',(-0.,-1.,0.));
#2559 = FACE_BOUND('',#2560,.T.);
#2560 = EDGE_LOOP('',(#2561));
#2561 = ORIENTED_EDGE('',*,*,#2562,.T.);
#2562 = EDGE_CURVE('',#2563,#2563,#2565,.T.);
#2563 = VERTEX_POINT('',#2564);
#2564 = CARTESIAN_POINT('',(107.25,-63.5,1.6));
#2565 = CIRCLE('',#2566,0.5);
#2566 = AXIS2_PLACEMENT_3D('',#2567,#2568,#2569);
#2567 = CARTESIAN_POINT('',(107.25,-63.,1.6));
#2568 = DIRECTION('',(-0.,0.,-1.));
#2569 = DIRECTION('',(-0.,-1.,0.));
#2570 = FACE_BOUND('',#2571,.T.);
#2571 = EDGE_LOOP('',(#2572));
#2572 = ORIENTED_EDGE('',*,*,#2573,.T.);
#2573 = EDGE_CURVE('',#2574,#2574,#2576,.T.);
#2574 = VERTEX_POINT('',#2575);
#2575 = CARTESIAN_POINT('',(103.75,-51.22,1.6));
#2576 = CIRCLE('',#2577,0.5);
#2577 = AXIS2_PLACEMENT_3D('',#2578,#2579,#2580);
#2578 = CARTESIAN_POINT('',(103.75,-50.72,1.6));
#2579 = DIRECTION('',(-0.,0.,-1.));
#2580 = DIRECTION('',(-0.,-1.,0.));
#2581 = FACE_BOUND('',#2582,.T.);
#2582 = EDGE_LOOP('',(#2583));
#2583 = ORIENTED_EDGE('',*,*,#2584,.T.);
#2584 = EDGE_CURVE('',#2585,#2585,#2587,.T.);
#2585 = VERTEX_POINT('',#2586);
#2586 = CARTESIAN_POINT('',(114.955,-72.5,1.6));
#2587 = CIRCLE('',#2588,0.5);
#2588 = AXIS2_PLACEMENT_3D('',#2589,#2590,#2591);
#2589 = CARTESIAN_POINT('',(114.955,-72.,1.6));
#2590 = DIRECTION('',(-0.,0.,-1.));
#2591 = DIRECTION('',(-0.,-1.,0.));
#2592 = FACE_BOUND('',#2593,.T.);
#2593 = EDGE_LOOP('',(#2594));
#2594 = ORIENTED_EDGE('',*,*,#2595,.T.);
#2595 = EDGE_CURVE('',#2596,#2596,#2598,.T.);
#2596 = VERTEX_POINT('',#2597);
#2597 = CARTESIAN_POINT('',(118.01,-65.58,1.6));
#2598 = CIRCLE('',#2599,0.5);
#2599 = AXIS2_PLACEMENT_3D('',#2600,#2601,#2602);
#2600 = CARTESIAN_POINT('',(118.01,-65.08,1.6));
#2601 = DIRECTION('',(-0.,0.,-1.));
#2602 = DIRECTION('',(-0.,-1.,0.));
#2603 = FACE_BOUND('',#2604,.T.);
#2604 = EDGE_LOOP('',(#2605));
#2605 = ORIENTED_EDGE('',*,*,#2606,.T.);
#2606 = EDGE_CURVE('',#2607,#2607,#2609,.T.);
#2607 = VERTEX_POINT('',#2608);
#2608 = CARTESIAN_POINT('',(118.01,-63.04,1.6));
#2609 = CIRCLE('',#2610,0.5);
#2610 = AXIS2_PLACEMENT_3D('',#2611,#2612,#2613);
#2611 = CARTESIAN_POINT('',(118.01,-62.54,1.6));
#2612 = DIRECTION('',(-0.,0.,-1.));
#2613 = DIRECTION('',(-0.,-1.,0.));
#2614 = FACE_BOUND('',#2615,.T.);
#2615 = EDGE_LOOP('',(#2616));
#2616 = ORIENTED_EDGE('',*,*,#2617,.T.);
#2617 = EDGE_CURVE('',#2618,#2618,#2620,.T.);
#2618 = VERTEX_POINT('',#2619);
#2619 = CARTESIAN_POINT('',(118.01,-60.5,1.6));
#2620 = CIRCLE('',#2621,0.5);
#2621 = AXIS2_PLACEMENT_3D('',#2622,#2623,#2624);
#2622 = CARTESIAN_POINT('',(118.01,-60.,1.6));
#2623 = DIRECTION('',(-0.,0.,-1.));
#2624 = DIRECTION('',(-0.,-1.,0.));
#2625 = FACE_BOUND('',#2626,.T.);
#2626 = EDGE_LOOP('',(#2627));
#2627 = ORIENTED_EDGE('',*,*,#2628,.T.);
#2628 = EDGE_CURVE('',#2629,#2629,#2631,.T.);
#2629 = VERTEX_POINT('',#2630);
#2630 = CARTESIAN_POINT('',(122.505,-52.24,1.6));
#2631 = CIRCLE('',#2632,1.1);
#2632 = AXIS2_PLACEMENT_3D('',#2633,#2634,#2635);
#2633 = CARTESIAN_POINT('',(122.505,-51.14,1.6));
#2634 = DIRECTION('',(-0.,0.,-1.));
#2635 = DIRECTION('',(-0.,-1.,0.));
#2636 = PLANE('',#2637);
#2637 = AXIS2_PLACEMENT_3D('',#2638,#2639,#2640);
#2638 = CARTESIAN_POINT('',(0.,0.,1.6));
#2639 = DIRECTION('',(0.,0.,1.));
#2640 = DIRECTION('',(1.,0.,-0.));
#2641 = ADVANCED_FACE('',(#2642),#2653,.T.);
#2642 = FACE_BOUND('',#2643,.T.);
#2643 = EDGE_LOOP('',(#2644,#2650,#2651,#2652));
#2644 = ORIENTED_EDGE('',*,*,#2645,.T.);
#2645 = EDGE_CURVE('',#146,#1397,#2646,.T.);
#2646 = LINE('',#2647,#2648);
#2647 = CARTESIAN_POINT('',(65.895,-51.14,0.));
#2648 = VECTOR('',#2649,1.);
#2649 = DIRECTION('',(0.,0.,1.));
#2650 = ORIENTED_EDGE('',*,*,#1396,.T.);
#2651 = ORIENTED_EDGE('',*,*,#81,.F.);
#2652 = ORIENTED_EDGE('',*,*,#145,.F.);
#2653 = CYLINDRICAL_SURFACE('',#2654,3.000001172987);
#2654 = AXIS2_PLACEMENT_3D('',#2655,#2656,#2657);
#2655 = CARTESIAN_POINT('',(68.895001172987,-51.14000117298,0.));
#2656 = DIRECTION('',(0.,0.,-1.));
#2657 = DIRECTION('',(-1.,3.909953663434E-07,0.));
#2658 = ADVANCED_FACE('',(#2659),#2670,.T.);
#2659 = FACE_BOUND('',#2660,.T.);
#2660 = EDGE_LOOP('',(#2661,#2662,#2663,#2669));
#2661 = ORIENTED_EDGE('',*,*,#121,.T.);
#2662 = ORIENTED_EDGE('',*,*,#1430,.T.);
#2663 = ORIENTED_EDGE('',*,*,#2664,.F.);
#2664 = EDGE_CURVE('',#172,#1423,#2665,.T.);
#2665 = LINE('',#2666,#2667);
#2666 = CARTESIAN_POINT('',(122.505,-155.865,0.));
#2667 = VECTOR('',#2668,1.);
#2668 = DIRECTION('',(0.,0.,1.));
#2669 = ORIENTED_EDGE('',*,*,#179,.F.);
#2670 = CYLINDRICAL_SURFACE('',#2671,3.000001172987);
#2671 = AXIS2_PLACEMENT_3D('',#2672,#2673,#2674);
#2672 = CARTESIAN_POINT('',(122.50499882701,-152.864998827,0.));
#2673 = DIRECTION('',(0.,0.,-1.));
#2674 = DIRECTION('',(1.,-3.909953616065E-07,0.));
#2675 = ADVANCED_FACE('',(#2676),#2687,.T.);
#2676 = FACE_BOUND('',#2677,.T.);
#2677 = EDGE_LOOP('',(#2678,#2684,#2685,#2686));
#2678 = ORIENTED_EDGE('',*,*,#2679,.T.);
#2679 = EDGE_CURVE('',#155,#1406,#2680,.T.);
#2680 = LINE('',#2681,#2682);
#2681 = CARTESIAN_POINT('',(65.895,-152.865,0.));
#2682 = VECTOR('',#2683,1.);
#2683 = DIRECTION('',(0.,0.,1.));
#2684 = ORIENTED_EDGE('',*,*,#1405,.T.);
#2685 = ORIENTED_EDGE('',*,*,#2645,.F.);
#2686 = ORIENTED_EDGE('',*,*,#154,.F.);
#2687 = PLANE('',#2688);
#2688 = AXIS2_PLACEMENT_3D('',#2689,#2690,#2691);
#2689 = CARTESIAN_POINT('',(65.895,-152.865,0.));
#2690 = DIRECTION('',(-1.,0.,0.));
#2691 = DIRECTION('',(0.,1.,0.));
#2692 = ADVANCED_FACE('',(#2693),#2704,.T.);
#2693 = FACE_BOUND('',#2694,.T.);
#2694 = EDGE_LOOP('',(#2695,#2696,#2697,#2703));
#2695 = ORIENTED_EDGE('',*,*,#2664,.T.);
#2696 = ORIENTED_EDGE('',*,*,#1422,.T.);
#2697 = ORIENTED_EDGE('',*,*,#2698,.F.);
#2698 = EDGE_CURVE('',#163,#1414,#2699,.T.);
#2699 = LINE('',#2700,#2701);
#2700 = CARTESIAN_POINT('',(68.895,-155.865,0.));
#2701 = VECTOR('',#2702,1.);
#2702 = DIRECTION('',(0.,0.,1.));
#2703 = ORIENTED_EDGE('',*,*,#171,.F.);
#2704 = PLANE('',#2705);
#2705 = AXIS2_PLACEMENT_3D('',#2706,#2707,#2708);
#2706 = CARTESIAN_POINT('',(122.505,-155.865,0.));
#2707 = DIRECTION('',(0.,-1.,0.));
#2708 = DIRECTION('',(-1.,0.,0.));
#2709 = ADVANCED_FACE('',(#2710),#2716,.T.);
#2710 = FACE_BOUND('',#2711,.T.);
#2711 = EDGE_LOOP('',(#2712,#2713,#2714,#2715));
#2712 = ORIENTED_EDGE('',*,*,#2698,.T.);
#2713 = ORIENTED_EDGE('',*,*,#1413,.T.);
#2714 = ORIENTED_EDGE('',*,*,#2679,.F.);
#2715 = ORIENTED_EDGE('',*,*,#162,.F.);
#2716 = CYLINDRICAL_SURFACE('',#2717,3.000001172987);
#2717 = AXIS2_PLACEMENT_3D('',#2718,#2719,#2720);
#2718 = CARTESIAN_POINT('',(68.895001172987,-152.864998827,0.));
#2719 = DIRECTION('',(0.,0.,-1.));
#2720 = DIRECTION('',(-3.909953663434E-07,-1.,-0.));
#2721 = ADVANCED_FACE('',(#2722),#2733,.F.);
#2722 = FACE_BOUND('',#2723,.T.);
#2723 = EDGE_LOOP('',(#2724,#2725,#2731,#2732));
#2724 = ORIENTED_EDGE('',*,*,#189,.T.);
#2725 = ORIENTED_EDGE('',*,*,#2726,.T.);
#2726 = EDGE_CURVE('',#190,#1441,#2727,.T.);
#2727 = LINE('',#2728,#2729);
#2728 = CARTESIAN_POINT('',(68.895,-153.965,-4.5E-02));
#2729 = VECTOR('',#2730,1.);
#2730 = DIRECTION('',(0.,0.,1.));
#2731 = ORIENTED_EDGE('',*,*,#1440,.F.);
#2732 = ORIENTED_EDGE('',*,*,#2726,.F.);
#2733 = CYLINDRICAL_SURFACE('',#2734,1.1);
#2734 = AXIS2_PLACEMENT_3D('',#2735,#2736,#2737);
#2735 = CARTESIAN_POINT('',(68.895,-152.865,-4.5E-02));
#2736 = DIRECTION('',(-0.,-0.,-1.));
#2737 = DIRECTION('',(-1.2918958832E-14,-1.,0.));
#2738 = ADVANCED_FACE('',(#2739),#2750,.F.);
#2739 = FACE_BOUND('',#2740,.T.);
#2740 = EDGE_LOOP('',(#2741,#2742,#2748,#2749));
#2741 = ORIENTED_EDGE('',*,*,#200,.T.);
#2742 = ORIENTED_EDGE('',*,*,#2743,.T.);
#2743 = EDGE_CURVE('',#201,#1452,#2744,.T.);
#2744 = LINE('',#2745,#2746);
#2745 = CARTESIAN_POINT('',(77.935,-153.785,-4.5E-02));
#2746 = VECTOR('',#2747,1.);
#2747 = DIRECTION('',(0.,0.,1.));
#2748 = ORIENTED_EDGE('',*,*,#1451,.F.);
#2749 = ORIENTED_EDGE('',*,*,#2743,.F.);
#2750 = CYLINDRICAL_SURFACE('',#2751,0.5);
#2751 = AXIS2_PLACEMENT_3D('',#2752,#2753,#2754);
#2752 = CARTESIAN_POINT('',(77.935,-153.285,-4.5E-02));
#2753 = DIRECTION('',(-0.,-0.,-1.));
#2754 = DIRECTION('',(-0.,-1.,0.));
#2755 = ADVANCED_FACE('',(#2756),#2767,.F.);
#2756 = FACE_BOUND('',#2757,.T.);
#2757 = EDGE_LOOP('',(#2758,#2759,#2765,#2766));
#2758 = ORIENTED_EDGE('',*,*,#211,.T.);
#2759 = ORIENTED_EDGE('',*,*,#2760,.T.);
#2760 = EDGE_CURVE('',#212,#1463,#2761,.T.);
#2761 = LINE('',#2762,#2763);
#2762 = CARTESIAN_POINT('',(77.935,-148.785,-4.5E-02));
#2763 = VECTOR('',#2764,1.);
#2764 = DIRECTION('',(0.,0.,1.));
#2765 = ORIENTED_EDGE('',*,*,#1462,.F.);
#2766 = ORIENTED_EDGE('',*,*,#2760,.F.);
#2767 = CYLINDRICAL_SURFACE('',#2768,0.5);
#2768 = AXIS2_PLACEMENT_3D('',#2769,#2770,#2771);
#2769 = CARTESIAN_POINT('',(77.935,-148.285,-4.5E-02));
#2770 = DIRECTION('',(-0.,-0.,-1.));
#2771 = DIRECTION('',(-0.,-1.,0.));
#2772 = ADVANCED_FACE('',(#2773),#2784,.F.);
#2773 = FACE_BOUND('',#2774,.T.);
#2774 = EDGE_LOOP('',(#2775,#2776,#2782,#2783));
#2775 = ORIENTED_EDGE('',*,*,#222,.T.);
#2776 = ORIENTED_EDGE('',*,*,#2777,.T.);
#2777 = EDGE_CURVE('',#223,#1474,#2778,.T.);
#2778 = LINE('',#2779,#2780);
#2779 = CARTESIAN_POINT('',(77.935,-141.785,-4.5E-02));
#2780 = VECTOR('',#2781,1.);
#2781 = DIRECTION('',(0.,0.,1.));
#2782 = ORIENTED_EDGE('',*,*,#1473,.F.);
#2783 = ORIENTED_EDGE('',*,*,#2777,.F.);
#2784 = CYLINDRICAL_SURFACE('',#2785,0.5);
#2785 = AXIS2_PLACEMENT_3D('',#2786,#2787,#2788);
#2786 = CARTESIAN_POINT('',(77.935,-141.285,-4.5E-02));
#2787 = DIRECTION('',(-0.,-0.,-1.));
#2788 = DIRECTION('',(-0.,-1.,0.));
#2789 = ADVANCED_FACE('',(#2790),#2801,.F.);
#2790 = FACE_BOUND('',#2791,.T.);
#2791 = EDGE_LOOP('',(#2792,#2793,#2799,#2800));
#2792 = ORIENTED_EDGE('',*,*,#233,.T.);
#2793 = ORIENTED_EDGE('',*,*,#2794,.T.);
#2794 = EDGE_CURVE('',#234,#1485,#2795,.T.);
#2795 = LINE('',#2796,#2797);
#2796 = CARTESIAN_POINT('',(77.935,-136.785,-4.5E-02));
#2797 = VECTOR('',#2798,1.);
#2798 = DIRECTION('',(0.,0.,1.));
#2799 = ORIENTED_EDGE('',*,*,#1484,.F.);
#2800 = ORIENTED_EDGE('',*,*,#2794,.F.);
#2801 = CYLINDRICAL_SURFACE('',#2802,0.5);
#2802 = AXIS2_PLACEMENT_3D('',#2803,#2804,#2805);
#2803 = CARTESIAN_POINT('',(77.935,-136.285,-4.5E-02));
#2804 = DIRECTION('',(-0.,-0.,-1.));
#2805 = DIRECTION('',(-0.,-1.,0.));
#2806 = ADVANCED_FACE('',(#2807),#2818,.F.);
#2807 = FACE_BOUND('',#2808,.T.);
#2808 = EDGE_LOOP('',(#2809,#2810,#2816,#2817));
#2809 = ORIENTED_EDGE('',*,*,#244,.T.);
#2810 = ORIENTED_EDGE('',*,*,#2811,.T.);
#2811 = EDGE_CURVE('',#245,#1496,#2812,.T.);
#2812 = LINE('',#2813,#2814);
#2813 = CARTESIAN_POINT('',(80.91,-128.76,-4.5E-02));
#2814 = VECTOR('',#2815,1.);
#2815 = DIRECTION('',(0.,0.,1.));
#2816 = ORIENTED_EDGE('',*,*,#1495,.F.);
#2817 = ORIENTED_EDGE('',*,*,#2811,.F.);
#2818 = CYLINDRICAL_SURFACE('',#2819,0.5);
#2819 = AXIS2_PLACEMENT_3D('',#2820,#2821,#2822);
#2820 = CARTESIAN_POINT('',(80.91,-128.26,-4.5E-02));
#2821 = DIRECTION('',(-0.,-0.,-1.));
#2822 = DIRECTION('',(-0.,-1.,0.));
#2823 = ADVANCED_FACE('',(#2824),#2835,.F.);
#2824 = FACE_BOUND('',#2825,.T.);
#2825 = EDGE_LOOP('',(#2826,#2827,#2833,#2834));
#2826 = ORIENTED_EDGE('',*,*,#255,.T.);
#2827 = ORIENTED_EDGE('',*,*,#2828,.T.);
#2828 = EDGE_CURVE('',#256,#1507,#2829,.T.);
#2829 = LINE('',#2830,#2831);
#2830 = CARTESIAN_POINT('',(85.98,-151.565,-4.5E-02));
#2831 = VECTOR('',#2832,1.);
#2832 = DIRECTION('',(0.,0.,1.));
#2833 = ORIENTED_EDGE('',*,*,#1506,.F.);
#2834 = ORIENTED_EDGE('',*,*,#2828,.F.);
#2835 = CYLINDRICAL_SURFACE('',#2836,0.5);
#2836 = AXIS2_PLACEMENT_3D('',#2837,#2838,#2839);
#2837 = CARTESIAN_POINT('',(85.98,-151.065,-4.5E-02));
#2838 = DIRECTION('',(-0.,-0.,-1.));
#2839 = DIRECTION('',(-0.,-1.,0.));
#2840 = ADVANCED_FACE('',(#2841),#2852,.F.);
#2841 = FACE_BOUND('',#2842,.T.);
#2842 = EDGE_LOOP('',(#2843,#2844,#2850,#2851));
#2843 = ORIENTED_EDGE('',*,*,#266,.T.);
#2844 = ORIENTED_EDGE('',*,*,#2845,.T.);
#2845 = EDGE_CURVE('',#267,#1518,#2846,.T.);
#2846 = LINE('',#2847,#2848);
#2847 = CARTESIAN_POINT('',(85.98,-149.025,-4.5E-02));
#2848 = VECTOR('',#2849,1.);
#2849 = DIRECTION('',(0.,0.,1.));
#2850 = ORIENTED_EDGE('',*,*,#1517,.F.);
#2851 = ORIENTED_EDGE('',*,*,#2845,.F.);
#2852 = CYLINDRICAL_SURFACE('',#2853,0.5);
#2853 = AXIS2_PLACEMENT_3D('',#2854,#2855,#2856);
#2854 = CARTESIAN_POINT('',(85.98,-148.525,-4.5E-02));
#2855 = DIRECTION('',(-0.,-0.,-1.));
#2856 = DIRECTION('',(-0.,-1.,0.));
#2857 = ADVANCED_FACE('',(#2858),#2869,.F.);
#2858 = FACE_BOUND('',#2859,.T.);
#2859 = EDGE_LOOP('',(#2860,#2861,#2867,#2868));
#2860 = ORIENTED_EDGE('',*,*,#277,.T.);
#2861 = ORIENTED_EDGE('',*,*,#2862,.T.);
#2862 = EDGE_CURVE('',#278,#1529,#2863,.T.);
#2863 = LINE('',#2864,#2865);
#2864 = CARTESIAN_POINT('',(85.98,-146.485,-4.5E-02));
#2865 = VECTOR('',#2866,1.);
#2866 = DIRECTION('',(0.,0.,1.));
#2867 = ORIENTED_EDGE('',*,*,#1528,.F.);
#2868 = ORIENTED_EDGE('',*,*,#2862,.F.);
#2869 = CYLINDRICAL_SURFACE('',#2870,0.5);
#2870 = AXIS2_PLACEMENT_3D('',#2871,#2872,#2873);
#2871 = CARTESIAN_POINT('',(85.98,-145.985,-4.5E-02));
#2872 = DIRECTION('',(-0.,-0.,-1.));
#2873 = DIRECTION('',(-0.,-1.,0.));
#2874 = ADVANCED_FACE('',(#2875),#2886,.F.);
#2875 = FACE_BOUND('',#2876,.T.);
#2876 = EDGE_LOOP('',(#2877,#2878,#2884,#2885));
#2877 = ORIENTED_EDGE('',*,*,#288,.T.);
#2878 = ORIENTED_EDGE('',*,*,#2879,.T.);
#2879 = EDGE_CURVE('',#289,#1540,#2880,.T.);
#2880 = LINE('',#2881,#2882);
#2881 = CARTESIAN_POINT('',(85.98,-143.945,-4.5E-02));
#2882 = VECTOR('',#2883,1.);
#2883 = DIRECTION('',(0.,0.,1.));
#2884 = ORIENTED_EDGE('',*,*,#1539,.F.);
#2885 = ORIENTED_EDGE('',*,*,#2879,.F.);
#2886 = CYLINDRICAL_SURFACE('',#2887,0.5);
#2887 = AXIS2_PLACEMENT_3D('',#2888,#2889,#2890);
#2888 = CARTESIAN_POINT('',(85.98,-143.445,-4.5E-02));
#2889 = DIRECTION('',(-0.,-0.,-1.));
#2890 = DIRECTION('',(-0.,-1.,0.));
#2891 = ADVANCED_FACE('',(#2892),#2903,.F.);
#2892 = FACE_BOUND('',#2893,.T.);
#2893 = EDGE_LOOP('',(#2894,#2895,#2901,#2902));
#2894 = ORIENTED_EDGE('',*,*,#299,.T.);
#2895 = ORIENTED_EDGE('',*,*,#2896,.T.);
#2896 = EDGE_CURVE('',#300,#1551,#2897,.T.);
#2897 = LINE('',#2898,#2899);
#2898 = CARTESIAN_POINT('',(90.935,-153.785,-4.5E-02));
#2899 = VECTOR('',#2900,1.);
#2900 = DIRECTION('',(0.,0.,1.));
#2901 = ORIENTED_EDGE('',*,*,#1550,.F.);
#2902 = ORIENTED_EDGE('',*,*,#2896,.F.);
#2903 = CYLINDRICAL_SURFACE('',#2904,0.5);
#2904 = AXIS2_PLACEMENT_3D('',#2905,#2906,#2907);
#2905 = CARTESIAN_POINT('',(90.935,-153.285,-4.5E-02));
#2906 = DIRECTION('',(-0.,-0.,-1.));
#2907 = DIRECTION('',(-0.,-1.,0.));
#2908 = ADVANCED_FACE('',(#2909),#2920,.F.);
#2909 = FACE_BOUND('',#2910,.T.);
#2910 = EDGE_LOOP('',(#2911,#2912,#2918,#2919));
#2911 = ORIENTED_EDGE('',*,*,#310,.T.);
#2912 = ORIENTED_EDGE('',*,*,#2913,.T.);
#2913 = EDGE_CURVE('',#311,#1562,#2914,.T.);
#2914 = LINE('',#2915,#2916);
#2915 = CARTESIAN_POINT('',(90.935,-148.785,-4.5E-02));
#2916 = VECTOR('',#2917,1.);
#2917 = DIRECTION('',(0.,0.,1.));
#2918 = ORIENTED_EDGE('',*,*,#1561,.F.);
#2919 = ORIENTED_EDGE('',*,*,#2913,.F.);
#2920 = CYLINDRICAL_SURFACE('',#2921,0.5);
#2921 = AXIS2_PLACEMENT_3D('',#2922,#2923,#2924);
#2922 = CARTESIAN_POINT('',(90.935,-148.285,-4.5E-02));
#2923 = DIRECTION('',(-0.,-0.,-1.));
#2924 = DIRECTION('',(-0.,-1.,0.));
#2925 = ADVANCED_FACE('',(#2926),#2937,.F.);
#2926 = FACE_BOUND('',#2927,.T.);
#2927 = EDGE_LOOP('',(#2928,#2929,#2935,#2936));
#2928 = ORIENTED_EDGE('',*,*,#321,.T.);
#2929 = ORIENTED_EDGE('',*,*,#2930,.T.);
#2930 = EDGE_CURVE('',#322,#1573,#2931,.T.);
#2931 = LINE('',#2932,#2933);
#2932 = CARTESIAN_POINT('',(90.91,-141.76,-4.5E-02));
#2933 = VECTOR('',#2934,1.);
#2934 = DIRECTION('',(0.,0.,1.));
#2935 = ORIENTED_EDGE('',*,*,#1572,.F.);
#2936 = ORIENTED_EDGE('',*,*,#2930,.F.);
#2937 = CYLINDRICAL_SURFACE('',#2938,0.5);
#2938 = AXIS2_PLACEMENT_3D('',#2939,#2940,#2941);
#2939 = CARTESIAN_POINT('',(90.91,-141.26,-4.5E-02));
#2940 = DIRECTION('',(-0.,-0.,-1.));
#2941 = DIRECTION('',(-0.,-1.,0.));
#2942 = ADVANCED_FACE('',(#2943),#2954,.F.);
#2943 = FACE_BOUND('',#2944,.T.);
#2944 = EDGE_LOOP('',(#2945,#2946,#2952,#2953));
#2945 = ORIENTED_EDGE('',*,*,#332,.T.);
#2946 = ORIENTED_EDGE('',*,*,#2947,.T.);
#2947 = EDGE_CURVE('',#333,#1584,#2948,.T.);
#2948 = LINE('',#2949,#2950);
#2949 = CARTESIAN_POINT('',(85.98,-141.405,-4.5E-02));
#2950 = VECTOR('',#2951,1.);
#2951 = DIRECTION('',(0.,0.,1.));
#2952 = ORIENTED_EDGE('',*,*,#1583,.F.);
#2953 = ORIENTED_EDGE('',*,*,#2947,.F.);
#2954 = CYLINDRICAL_SURFACE('',#2955,0.5);
#2955 = AXIS2_PLACEMENT_3D('',#2956,#2957,#2958);
#2956 = CARTESIAN_POINT('',(85.98,-140.905,-4.5E-02));
#2957 = DIRECTION('',(-0.,-0.,-1.));
#2958 = DIRECTION('',(-0.,-1.,0.));
#2959 = ADVANCED_FACE('',(#2960),#2971,.F.);
#2960 = FACE_BOUND('',#2961,.T.);
#2961 = EDGE_LOOP('',(#2962,#2963,#2969,#2970));
#2962 = ORIENTED_EDGE('',*,*,#343,.T.);
#2963 = ORIENTED_EDGE('',*,*,#2964,.T.);
#2964 = EDGE_CURVE('',#344,#1595,#2965,.T.);
#2965 = LINE('',#2966,#2967);
#2966 = CARTESIAN_POINT('',(85.98,-138.865,-4.5E-02));
#2967 = VECTOR('',#2968,1.);
#2968 = DIRECTION('',(0.,0.,1.));
#2969 = ORIENTED_EDGE('',*,*,#1594,.F.);
#2970 = ORIENTED_EDGE('',*,*,#2964,.F.);
#2971 = CYLINDRICAL_SURFACE('',#2972,0.5);
#2972 = AXIS2_PLACEMENT_3D('',#2973,#2974,#2975);
#2973 = CARTESIAN_POINT('',(85.98,-138.365,-4.5E-02));
#2974 = DIRECTION('',(-0.,-0.,-1.));
#2975 = DIRECTION('',(-0.,-1.,0.));
#2976 = ADVANCED_FACE('',(#2977),#2988,.F.);
#2977 = FACE_BOUND('',#2978,.T.);
#2978 = EDGE_LOOP('',(#2979,#2980,#2986,#2987));
#2979 = ORIENTED_EDGE('',*,*,#354,.T.);
#2980 = ORIENTED_EDGE('',*,*,#2981,.T.);
#2981 = EDGE_CURVE('',#355,#1606,#2982,.T.);
#2982 = LINE('',#2983,#2984);
#2983 = CARTESIAN_POINT('',(85.98,-136.325,-4.5E-02));
#2984 = VECTOR('',#2985,1.);
#2985 = DIRECTION('',(0.,0.,1.));
#2986 = ORIENTED_EDGE('',*,*,#1605,.F.);
#2987 = ORIENTED_EDGE('',*,*,#2981,.F.);
#2988 = CYLINDRICAL_SURFACE('',#2989,0.5);
#2989 = AXIS2_PLACEMENT_3D('',#2990,#2991,#2992);
#2990 = CARTESIAN_POINT('',(85.98,-135.825,-4.5E-02));
#2991 = DIRECTION('',(-0.,-0.,-1.));
#2992 = DIRECTION('',(-0.,-1.,0.));
#2993 = ADVANCED_FACE('',(#2994),#3005,.F.);
#2994 = FACE_BOUND('',#2995,.T.);
#2995 = EDGE_LOOP('',(#2996,#2997,#3003,#3004));
#2996 = ORIENTED_EDGE('',*,*,#365,.T.);
#2997 = ORIENTED_EDGE('',*,*,#2998,.T.);
#2998 = EDGE_CURVE('',#366,#1617,#2999,.T.);
#2999 = LINE('',#3000,#3001);
#3000 = CARTESIAN_POINT('',(83.45,-128.76,-4.5E-02));
#3001 = VECTOR('',#3002,1.);
#3002 = DIRECTION('',(0.,0.,1.));
#3003 = ORIENTED_EDGE('',*,*,#1616,.F.);
#3004 = ORIENTED_EDGE('',*,*,#2998,.F.);
#3005 = CYLINDRICAL_SURFACE('',#3006,0.5);
#3006 = AXIS2_PLACEMENT_3D('',#3007,#3008,#3009);
#3007 = CARTESIAN_POINT('',(83.45,-128.26,-4.5E-02));
#3008 = DIRECTION('',(-0.,-0.,-1.));
#3009 = DIRECTION('',(-0.,-1.,0.));
#3010 = ADVANCED_FACE('',(#3011),#3022,.F.);
#3011 = FACE_BOUND('',#3012,.T.);
#3012 = EDGE_LOOP('',(#3013,#3014,#3020,#3021));
#3013 = ORIENTED_EDGE('',*,*,#376,.T.);
#3014 = ORIENTED_EDGE('',*,*,#3015,.T.);
#3015 = EDGE_CURVE('',#377,#1628,#3016,.T.);
#3016 = LINE('',#3017,#3018);
#3017 = CARTESIAN_POINT('',(85.98,-133.785,-4.5E-02));
#3018 = VECTOR('',#3019,1.);
#3019 = DIRECTION('',(0.,0.,1.));
#3020 = ORIENTED_EDGE('',*,*,#1627,.F.);
#3021 = ORIENTED_EDGE('',*,*,#3015,.F.);
#3022 = CYLINDRICAL_SURFACE('',#3023,0.5);
#3023 = AXIS2_PLACEMENT_3D('',#3024,#3025,#3026);
#3024 = CARTESIAN_POINT('',(85.98,-133.285,-4.5E-02));
#3025 = DIRECTION('',(-0.,-0.,-1.));
#3026 = DIRECTION('',(-0.,-1.,0.));
#3027 = ADVANCED_FACE('',(#3028),#3039,.F.);
#3028 = FACE_BOUND('',#3029,.T.);
#3029 = EDGE_LOOP('',(#3030,#3031,#3037,#3038));
#3030 = ORIENTED_EDGE('',*,*,#387,.T.);
#3031 = ORIENTED_EDGE('',*,*,#3032,.T.);
#3032 = EDGE_CURVE('',#388,#1639,#3033,.T.);
#3033 = LINE('',#3034,#3035);
#3034 = CARTESIAN_POINT('',(85.99,-128.76,-4.5E-02));
#3035 = VECTOR('',#3036,1.);
#3036 = DIRECTION('',(0.,0.,1.));
#3037 = ORIENTED_EDGE('',*,*,#1638,.F.);
#3038 = ORIENTED_EDGE('',*,*,#3032,.F.);
#3039 = CYLINDRICAL_SURFACE('',#3040,0.5);
#3040 = AXIS2_PLACEMENT_3D('',#3041,#3042,#3043);
#3041 = CARTESIAN_POINT('',(85.99,-128.26,-4.5E-02));
#3042 = DIRECTION('',(-0.,-0.,-1.));
#3043 = DIRECTION('',(-0.,-1.,0.));
#3044 = ADVANCED_FACE('',(#3045),#3056,.F.);
#3045 = FACE_BOUND('',#3046,.T.);
#3046 = EDGE_LOOP('',(#3047,#3048,#3054,#3055));
#3047 = ORIENTED_EDGE('',*,*,#398,.T.);
#3048 = ORIENTED_EDGE('',*,*,#3049,.T.);
#3049 = EDGE_CURVE('',#399,#1650,#3050,.T.);
#3050 = LINE('',#3051,#3052);
#3051 = CARTESIAN_POINT('',(88.53,-128.76,-4.5E-02));
#3052 = VECTOR('',#3053,1.);
#3053 = DIRECTION('',(0.,0.,1.));
#3054 = ORIENTED_EDGE('',*,*,#1649,.F.);
#3055 = ORIENTED_EDGE('',*,*,#3049,.F.);
#3056 = CYLINDRICAL_SURFACE('',#3057,0.5);
#3057 = AXIS2_PLACEMENT_3D('',#3058,#3059,#3060);
#3058 = CARTESIAN_POINT('',(88.53,-128.26,-4.5E-02));
#3059 = DIRECTION('',(-0.,-0.,-1.));
#3060 = DIRECTION('',(-0.,-1.,0.));
#3061 = ADVANCED_FACE('',(#3062),#3073,.F.);
#3062 = FACE_BOUND('',#3063,.T.);
#3063 = EDGE_LOOP('',(#3064,#3065,#3071,#3072));
#3064 = ORIENTED_EDGE('',*,*,#409,.T.);
#3065 = ORIENTED_EDGE('',*,*,#3066,.T.);
#3066 = EDGE_CURVE('',#410,#1661,#3067,.T.);
#3067 = LINE('',#3068,#3069);
#3068 = CARTESIAN_POINT('',(90.935,-136.785,-4.5E-02));
#3069 = VECTOR('',#3070,1.);
#3070 = DIRECTION('',(0.,0.,1.));
#3071 = ORIENTED_EDGE('',*,*,#1660,.F.);
#3072 = ORIENTED_EDGE('',*,*,#3066,.F.);
#3073 = CYLINDRICAL_SURFACE('',#3074,0.5);
#3074 = AXIS2_PLACEMENT_3D('',#3075,#3076,#3077);
#3075 = CARTESIAN_POINT('',(90.935,-136.285,-4.5E-02));
#3076 = DIRECTION('',(-0.,-0.,-1.));
#3077 = DIRECTION('',(-0.,-1.,0.));
#3078 = ADVANCED_FACE('',(#3079),#3090,.F.);
#3079 = FACE_BOUND('',#3080,.T.);
#3080 = EDGE_LOOP('',(#3081,#3082,#3088,#3089));
#3081 = ORIENTED_EDGE('',*,*,#420,.T.);
#3082 = ORIENTED_EDGE('',*,*,#3083,.T.);
#3083 = EDGE_CURVE('',#421,#1672,#3084,.T.);
#3084 = LINE('',#3085,#3086);
#3085 = CARTESIAN_POINT('',(91.07,-128.76,-4.5E-02));
#3086 = VECTOR('',#3087,1.);
#3087 = DIRECTION('',(0.,0.,1.));
#3088 = ORIENTED_EDGE('',*,*,#1671,.F.);
#3089 = ORIENTED_EDGE('',*,*,#3083,.F.);
#3090 = CYLINDRICAL_SURFACE('',#3091,0.5);
#3091 = AXIS2_PLACEMENT_3D('',#3092,#3093,#3094);
#3092 = CARTESIAN_POINT('',(91.07,-128.26,-4.5E-02));
#3093 = DIRECTION('',(-0.,-0.,-1.));
#3094 = DIRECTION('',(-0.,-1.,0.));
#3095 = ADVANCED_FACE('',(#3096),#3107,.F.);
#3096 = FACE_BOUND('',#3097,.T.);
#3097 = EDGE_LOOP('',(#3098,#3099,#3105,#3106));
#3098 = ORIENTED_EDGE('',*,*,#431,.T.);
#3099 = ORIENTED_EDGE('',*,*,#3100,.T.);
#3100 = EDGE_CURVE('',#432,#1683,#3101,.T.);
#3101 = LINE('',#3102,#3103);
#3102 = CARTESIAN_POINT('',(93.61,-128.76,-4.5E-02));
#3103 = VECTOR('',#3104,1.);
#3104 = DIRECTION('',(0.,0.,1.));
#3105 = ORIENTED_EDGE('',*,*,#1682,.F.);
#3106 = ORIENTED_EDGE('',*,*,#3100,.F.);
#3107 = CYLINDRICAL_SURFACE('',#3108,0.5);
#3108 = AXIS2_PLACEMENT_3D('',#3109,#3110,#3111);
#3109 = CARTESIAN_POINT('',(93.61,-128.26,-4.5E-02));
#3110 = DIRECTION('',(-0.,-0.,-1.));
#3111 = DIRECTION('',(-0.,-1.,0.));
#3112 = ADVANCED_FACE('',(#3113),#3124,.F.);
#3113 = FACE_BOUND('',#3114,.T.);
#3114 = EDGE_LOOP('',(#3115,#3116,#3122,#3123));
#3115 = ORIENTED_EDGE('',*,*,#442,.T.);
#3116 = ORIENTED_EDGE('',*,*,#3117,.T.);
#3117 = EDGE_CURVE('',#443,#1694,#3118,.T.);
#3118 = LINE('',#3119,#3120);
#3119 = CARTESIAN_POINT('',(87.66,-110.04,-4.5E-02));
#3120 = VECTOR('',#3121,1.);
#3121 = DIRECTION('',(0.,0.,1.));
#3122 = ORIENTED_EDGE('',*,*,#1693,.F.);
#3123 = ORIENTED_EDGE('',*,*,#3117,.F.);
#3124 = CYLINDRICAL_SURFACE('',#3125,0.5);
#3125 = AXIS2_PLACEMENT_3D('',#3126,#3127,#3128);
#3126 = CARTESIAN_POINT('',(87.66,-109.54,-4.5E-02));
#3127 = DIRECTION('',(-0.,-0.,-1.));
#3128 = DIRECTION('',(-0.,-1.,0.));
#3129 = ADVANCED_FACE('',(#3130),#3141,.F.);
#3130 = FACE_BOUND('',#3131,.T.);
#3131 = EDGE_LOOP('',(#3132,#3133,#3139,#3140));
#3132 = ORIENTED_EDGE('',*,*,#453,.T.);
#3133 = ORIENTED_EDGE('',*,*,#3134,.T.);
#3134 = EDGE_CURVE('',#454,#1705,#3135,.T.);
#3135 = LINE('',#3136,#3137);
#3136 = CARTESIAN_POINT('',(87.66,-104.,-4.5E-02));
#3137 = VECTOR('',#3138,1.);
#3138 = DIRECTION('',(0.,0.,1.));
#3139 = ORIENTED_EDGE('',*,*,#1704,.F.);
#3140 = ORIENTED_EDGE('',*,*,#3134,.F.);
#3141 = CYLINDRICAL_SURFACE('',#3142,0.5);
#3142 = AXIS2_PLACEMENT_3D('',#3143,#3144,#3145);
#3143 = CARTESIAN_POINT('',(87.66,-103.5,-4.5E-02));
#3144 = DIRECTION('',(-0.,-0.,-1.));
#3145 = DIRECTION('',(-0.,-1.,0.));
#3146 = ADVANCED_FACE('',(#3147),#3158,.F.);
#3147 = FACE_BOUND('',#3148,.T.);
#3148 = EDGE_LOOP('',(#3149,#3150,#3156,#3157));
#3149 = ORIENTED_EDGE('',*,*,#464,.T.);
#3150 = ORIENTED_EDGE('',*,*,#3151,.T.);
#3151 = EDGE_CURVE('',#465,#1716,#3152,.T.);
#3152 = LINE('',#3153,#3154);
#3153 = CARTESIAN_POINT('',(93.,-111.76,-4.5E-02));
#3154 = VECTOR('',#3155,1.);
#3155 = DIRECTION('',(0.,0.,1.));
#3156 = ORIENTED_EDGE('',*,*,#1715,.F.);
#3157 = ORIENTED_EDGE('',*,*,#3151,.F.);
#3158 = CYLINDRICAL_SURFACE('',#3159,0.5);
#3159 = AXIS2_PLACEMENT_3D('',#3160,#3161,#3162);
#3160 = CARTESIAN_POINT('',(93.,-111.26,-4.5E-02));
#3161 = DIRECTION('',(-0.,-0.,-1.));
#3162 = DIRECTION('',(-0.,-1.,0.));
#3163 = ADVANCED_FACE('',(#3164),#3175,.F.);
#3164 = FACE_BOUND('',#3165,.T.);
#3165 = EDGE_LOOP('',(#3166,#3167,#3173,#3174));
#3166 = ORIENTED_EDGE('',*,*,#475,.T.);
#3167 = ORIENTED_EDGE('',*,*,#3168,.T.);
#3168 = EDGE_CURVE('',#476,#1727,#3169,.T.);
#3169 = LINE('',#3170,#3171);
#3170 = CARTESIAN_POINT('',(93.,-109.22,-4.5E-02));
#3171 = VECTOR('',#3172,1.);
#3172 = DIRECTION('',(0.,0.,1.));
#3173 = ORIENTED_EDGE('',*,*,#1726,.F.);
#3174 = ORIENTED_EDGE('',*,*,#3168,.F.);
#3175 = CYLINDRICAL_SURFACE('',#3176,0.5);
#3176 = AXIS2_PLACEMENT_3D('',#3177,#3178,#3179);
#3177 = CARTESIAN_POINT('',(93.,-108.72,-4.5E-02));
#3178 = DIRECTION('',(-0.,-0.,-1.));
#3179 = DIRECTION('',(-0.,-1.,0.));
#3180 = ADVANCED_FACE('',(#3181),#3192,.F.);
#3181 = FACE_BOUND('',#3182,.T.);
#3182 = EDGE_LOOP('',(#3183,#3184,#3190,#3191));
#3183 = ORIENTED_EDGE('',*,*,#486,.T.);
#3184 = ORIENTED_EDGE('',*,*,#3185,.T.);
#3185 = EDGE_CURVE('',#487,#1738,#3186,.T.);
#3186 = LINE('',#3187,#3188);
#3187 = CARTESIAN_POINT('',(93.,-106.68,-4.5E-02));
#3188 = VECTOR('',#3189,1.);
#3189 = DIRECTION('',(0.,0.,1.));
#3190 = ORIENTED_EDGE('',*,*,#1737,.F.);
#3191 = ORIENTED_EDGE('',*,*,#3185,.F.);
#3192 = CYLINDRICAL_SURFACE('',#3193,0.5);
#3193 = AXIS2_PLACEMENT_3D('',#3194,#3195,#3196);
#3194 = CARTESIAN_POINT('',(93.,-106.18,-4.5E-02));
#3195 = DIRECTION('',(-0.,-0.,-1.));
#3196 = DIRECTION('',(-0.,-1.,0.));
#3197 = ADVANCED_FACE('',(#3198),#3209,.F.);
#3198 = FACE_BOUND('',#3199,.T.);
#3199 = EDGE_LOOP('',(#3200,#3201,#3207,#3208));
#3200 = ORIENTED_EDGE('',*,*,#497,.T.);
#3201 = ORIENTED_EDGE('',*,*,#3202,.T.);
#3202 = EDGE_CURVE('',#498,#1749,#3203,.T.);
#3203 = LINE('',#3204,#3205);
#3204 = CARTESIAN_POINT('',(93.,-104.14,-4.5E-02));
#3205 = VECTOR('',#3206,1.);
#3206 = DIRECTION('',(0.,0.,1.));
#3207 = ORIENTED_EDGE('',*,*,#1748,.F.);
#3208 = ORIENTED_EDGE('',*,*,#3202,.F.);
#3209 = CYLINDRICAL_SURFACE('',#3210,0.5);
#3210 = AXIS2_PLACEMENT_3D('',#3211,#3212,#3213);
#3211 = CARTESIAN_POINT('',(93.,-103.64,-4.5E-02));
#3212 = DIRECTION('',(-0.,-0.,-1.));
#3213 = DIRECTION('',(-0.,-1.,0.));
#3214 = ADVANCED_FACE('',(#3215),#3226,.F.);
#3215 = FACE_BOUND('',#3216,.T.);
#3216 = EDGE_LOOP('',(#3217,#3218,#3224,#3225));
#3217 = ORIENTED_EDGE('',*,*,#508,.T.);
#3218 = ORIENTED_EDGE('',*,*,#3219,.T.);
#3219 = EDGE_CURVE('',#509,#1760,#3220,.T.);
#3220 = LINE('',#3221,#3222);
#3221 = CARTESIAN_POINT('',(103.955,-153.785,-4.5E-02));
#3222 = VECTOR('',#3223,1.);
#3223 = DIRECTION('',(0.,0.,1.));
#3224 = ORIENTED_EDGE('',*,*,#1759,.F.);
#3225 = ORIENTED_EDGE('',*,*,#3219,.F.);
#3226 = CYLINDRICAL_SURFACE('',#3227,0.5);
#3227 = AXIS2_PLACEMENT_3D('',#3228,#3229,#3230);
#3228 = CARTESIAN_POINT('',(103.955,-153.285,-4.5E-02));
#3229 = DIRECTION('',(-0.,-0.,-1.));
#3230 = DIRECTION('',(-0.,-1.,0.));
#3231 = ADVANCED_FACE('',(#3232),#3243,.F.);
#3232 = FACE_BOUND('',#3233,.T.);
#3233 = EDGE_LOOP('',(#3234,#3235,#3241,#3242));
#3234 = ORIENTED_EDGE('',*,*,#519,.T.);
#3235 = ORIENTED_EDGE('',*,*,#3236,.T.);
#3236 = EDGE_CURVE('',#520,#1771,#3237,.T.);
#3237 = LINE('',#3238,#3239);
#3238 = CARTESIAN_POINT('',(103.955,-148.785,-4.5E-02));
#3239 = VECTOR('',#3240,1.);
#3240 = DIRECTION('',(0.,0.,1.));
#3241 = ORIENTED_EDGE('',*,*,#1770,.F.);
#3242 = ORIENTED_EDGE('',*,*,#3236,.F.);
#3243 = CYLINDRICAL_SURFACE('',#3244,0.5);
#3244 = AXIS2_PLACEMENT_3D('',#3245,#3246,#3247);
#3245 = CARTESIAN_POINT('',(103.955,-148.285,-4.5E-02));
#3246 = DIRECTION('',(-0.,-0.,-1.));
#3247 = DIRECTION('',(-0.,-1.,0.));
#3248 = ADVANCED_FACE('',(#3249),#3260,.F.);
#3249 = FACE_BOUND('',#3250,.T.);
#3250 = EDGE_LOOP('',(#3251,#3252,#3258,#3259));
#3251 = ORIENTED_EDGE('',*,*,#530,.T.);
#3252 = ORIENTED_EDGE('',*,*,#3253,.T.);
#3253 = EDGE_CURVE('',#531,#1782,#3254,.T.);
#3254 = LINE('',#3255,#3256);
#3255 = CARTESIAN_POINT('',(108.84,-151.565,-4.5E-02));
#3256 = VECTOR('',#3257,1.);
#3257 = DIRECTION('',(0.,0.,1.));
#3258 = ORIENTED_EDGE('',*,*,#1781,.F.);
#3259 = ORIENTED_EDGE('',*,*,#3253,.F.);
#3260 = CYLINDRICAL_SURFACE('',#3261,0.5);
#3261 = AXIS2_PLACEMENT_3D('',#3262,#3263,#3264);
#3262 = CARTESIAN_POINT('',(108.84,-151.065,-4.5E-02));
#3263 = DIRECTION('',(-0.,-0.,-1.));
#3264 = DIRECTION('',(-0.,-1.,0.));
#3265 = ADVANCED_FACE('',(#3266),#3277,.F.);
#3266 = FACE_BOUND('',#3267,.T.);
#3267 = EDGE_LOOP('',(#3268,#3269,#3275,#3276));
#3268 = ORIENTED_EDGE('',*,*,#541,.T.);
#3269 = ORIENTED_EDGE('',*,*,#3270,.T.);
#3270 = EDGE_CURVE('',#542,#1793,#3271,.T.);
#3271 = LINE('',#3272,#3273);
#3272 = CARTESIAN_POINT('',(108.84,-149.025,-4.5E-02));
#3273 = VECTOR('',#3274,1.);
#3274 = DIRECTION('',(0.,0.,1.));
#3275 = ORIENTED_EDGE('',*,*,#1792,.F.);
#3276 = ORIENTED_EDGE('',*,*,#3270,.F.);
#3277 = CYLINDRICAL_SURFACE('',#3278,0.5);
#3278 = AXIS2_PLACEMENT_3D('',#3279,#3280,#3281);
#3279 = CARTESIAN_POINT('',(108.84,-148.525,-4.5E-02));
#3280 = DIRECTION('',(-0.,-0.,-1.));
#3281 = DIRECTION('',(-0.,-1.,0.));
#3282 = ADVANCED_FACE('',(#3283),#3294,.F.);
#3283 = FACE_BOUND('',#3284,.T.);
#3284 = EDGE_LOOP('',(#3285,#3286,#3292,#3293));
#3285 = ORIENTED_EDGE('',*,*,#552,.T.);
#3286 = ORIENTED_EDGE('',*,*,#3287,.T.);
#3287 = EDGE_CURVE('',#553,#1804,#3288,.T.);
#3288 = LINE('',#3289,#3290);
#3289 = CARTESIAN_POINT('',(103.955,-141.785,-4.5E-02));
#3290 = VECTOR('',#3291,1.);
#3291 = DIRECTION('',(0.,0.,1.));
#3292 = ORIENTED_EDGE('',*,*,#1803,.F.);
#3293 = ORIENTED_EDGE('',*,*,#3287,.F.);
#3294 = CYLINDRICAL_SURFACE('',#3295,0.5);
#3295 = AXIS2_PLACEMENT_3D('',#3296,#3297,#3298);
#3296 = CARTESIAN_POINT('',(103.955,-141.285,-4.5E-02));
#3297 = DIRECTION('',(-0.,-0.,-1.));
#3298 = DIRECTION('',(-0.,-1.,0.));
#3299 = ADVANCED_FACE('',(#3300),#3311,.F.);
#3300 = FACE_BOUND('',#3301,.T.);
#3301 = EDGE_LOOP('',(#3302,#3303,#3309,#3310));
#3302 = ORIENTED_EDGE('',*,*,#563,.T.);
#3303 = ORIENTED_EDGE('',*,*,#3304,.T.);
#3304 = EDGE_CURVE('',#564,#1815,#3305,.T.);
#3305 = LINE('',#3306,#3307);
#3306 = CARTESIAN_POINT('',(108.84,-146.485,-4.5E-02));
#3307 = VECTOR('',#3308,1.);
#3308 = DIRECTION('',(0.,0.,1.));
#3309 = ORIENTED_EDGE('',*,*,#1814,.F.);
#3310 = ORIENTED_EDGE('',*,*,#3304,.F.);
#3311 = CYLINDRICAL_SURFACE('',#3312,0.5);
#3312 = AXIS2_PLACEMENT_3D('',#3313,#3314,#3315);
#3313 = CARTESIAN_POINT('',(108.84,-145.985,-4.5E-02));
#3314 = DIRECTION('',(-0.,-0.,-1.));
#3315 = DIRECTION('',(-0.,-1.,0.));
#3316 = ADVANCED_FACE('',(#3317),#3328,.F.);
#3317 = FACE_BOUND('',#3318,.T.);
#3318 = EDGE_LOOP('',(#3319,#3320,#3326,#3327));
#3319 = ORIENTED_EDGE('',*,*,#574,.T.);
#3320 = ORIENTED_EDGE('',*,*,#3321,.T.);
#3321 = EDGE_CURVE('',#575,#1826,#3322,.T.);
#3322 = LINE('',#3323,#3324);
#3323 = CARTESIAN_POINT('',(108.84,-143.945,-4.5E-02));
#3324 = VECTOR('',#3325,1.);
#3325 = DIRECTION('',(0.,0.,1.));
#3326 = ORIENTED_EDGE('',*,*,#1825,.F.);
#3327 = ORIENTED_EDGE('',*,*,#3321,.F.);
#3328 = CYLINDRICAL_SURFACE('',#3329,0.5);
#3329 = AXIS2_PLACEMENT_3D('',#3330,#3331,#3332);
#3330 = CARTESIAN_POINT('',(108.84,-143.445,-4.5E-02));
#3331 = DIRECTION('',(-0.,-0.,-1.));
#3332 = DIRECTION('',(-0.,-1.,0.));
#3333 = ADVANCED_FACE('',(#3334),#3345,.F.);
#3334 = FACE_BOUND('',#3335,.T.);
#3335 = EDGE_LOOP('',(#3336,#3337,#3343,#3344));
#3336 = ORIENTED_EDGE('',*,*,#585,.T.);
#3337 = ORIENTED_EDGE('',*,*,#3338,.T.);
#3338 = EDGE_CURVE('',#586,#1837,#3339,.T.);
#3339 = LINE('',#3340,#3341);
#3340 = CARTESIAN_POINT('',(96.15,-128.76,-4.5E-02));
#3341 = VECTOR('',#3342,1.);
#3342 = DIRECTION('',(0.,0.,1.));
#3343 = ORIENTED_EDGE('',*,*,#1836,.F.);
#3344 = ORIENTED_EDGE('',*,*,#3338,.F.);
#3345 = CYLINDRICAL_SURFACE('',#3346,0.5);
#3346 = AXIS2_PLACEMENT_3D('',#3347,#3348,#3349);
#3347 = CARTESIAN_POINT('',(96.15,-128.26,-4.5E-02));
#3348 = DIRECTION('',(-0.,-0.,-1.));
#3349 = DIRECTION('',(-0.,-1.,0.));
#3350 = ADVANCED_FACE('',(#3351),#3362,.F.);
#3351 = FACE_BOUND('',#3352,.T.);
#3352 = EDGE_LOOP('',(#3353,#3354,#3360,#3361));
#3353 = ORIENTED_EDGE('',*,*,#596,.T.);
#3354 = ORIENTED_EDGE('',*,*,#3355,.T.);
#3355 = EDGE_CURVE('',#597,#1848,#3356,.T.);
#3356 = LINE('',#3357,#3358);
#3357 = CARTESIAN_POINT('',(98.69,-128.76,-4.5E-02));
#3358 = VECTOR('',#3359,1.);
#3359 = DIRECTION('',(0.,0.,1.));
#3360 = ORIENTED_EDGE('',*,*,#1847,.F.);
#3361 = ORIENTED_EDGE('',*,*,#3355,.F.);
#3362 = CYLINDRICAL_SURFACE('',#3363,0.5);
#3363 = AXIS2_PLACEMENT_3D('',#3364,#3365,#3366);
#3364 = CARTESIAN_POINT('',(98.69,-128.26,-4.5E-02));
#3365 = DIRECTION('',(-0.,-0.,-1.));
#3366 = DIRECTION('',(-0.,-1.,0.));
#3367 = ADVANCED_FACE('',(#3368),#3379,.F.);
#3368 = FACE_BOUND('',#3369,.T.);
#3369 = EDGE_LOOP('',(#3370,#3371,#3377,#3378));
#3370 = ORIENTED_EDGE('',*,*,#607,.T.);
#3371 = ORIENTED_EDGE('',*,*,#3372,.T.);
#3372 = EDGE_CURVE('',#608,#1859,#3373,.T.);
#3373 = LINE('',#3374,#3375);
#3374 = CARTESIAN_POINT('',(101.23,-128.76,-4.5E-02));
#3375 = VECTOR('',#3376,1.);
#3376 = DIRECTION('',(0.,0.,1.));
#3377 = ORIENTED_EDGE('',*,*,#1858,.F.);
#3378 = ORIENTED_EDGE('',*,*,#3372,.F.);
#3379 = CYLINDRICAL_SURFACE('',#3380,0.5);
#3380 = AXIS2_PLACEMENT_3D('',#3381,#3382,#3383);
#3381 = CARTESIAN_POINT('',(101.23,-128.26,-4.5E-02));
#3382 = DIRECTION('',(-0.,-0.,-1.));
#3383 = DIRECTION('',(-0.,-1.,0.));
#3384 = ADVANCED_FACE('',(#3385),#3396,.F.);
#3385 = FACE_BOUND('',#3386,.T.);
#3386 = EDGE_LOOP('',(#3387,#3388,#3394,#3395));
#3387 = ORIENTED_EDGE('',*,*,#618,.T.);
#3388 = ORIENTED_EDGE('',*,*,#3389,.T.);
#3389 = EDGE_CURVE('',#619,#1870,#3390,.T.);
#3390 = LINE('',#3391,#3392);
#3391 = CARTESIAN_POINT('',(103.955,-136.785,-4.5E-02));
#3392 = VECTOR('',#3393,1.);
#3393 = DIRECTION('',(0.,0.,1.));
#3394 = ORIENTED_EDGE('',*,*,#1869,.F.);
#3395 = ORIENTED_EDGE('',*,*,#3389,.F.);
#3396 = CYLINDRICAL_SURFACE('',#3397,0.5);
#3397 = AXIS2_PLACEMENT_3D('',#3398,#3399,#3400);
#3398 = CARTESIAN_POINT('',(103.955,-136.285,-4.5E-02));
#3399 = DIRECTION('',(-0.,-0.,-1.));
#3400 = DIRECTION('',(-0.,-1.,0.));
#3401 = ADVANCED_FACE('',(#3402),#3413,.F.);
#3402 = FACE_BOUND('',#3403,.T.);
#3403 = EDGE_LOOP('',(#3404,#3405,#3411,#3412));
#3404 = ORIENTED_EDGE('',*,*,#629,.T.);
#3405 = ORIENTED_EDGE('',*,*,#3406,.T.);
#3406 = EDGE_CURVE('',#630,#1881,#3407,.T.);
#3407 = LINE('',#3408,#3409);
#3408 = CARTESIAN_POINT('',(108.84,-141.405,-4.5E-02));
#3409 = VECTOR('',#3410,1.);
#3410 = DIRECTION('',(0.,0.,1.));
#3411 = ORIENTED_EDGE('',*,*,#1880,.F.);
#3412 = ORIENTED_EDGE('',*,*,#3406,.F.);
#3413 = CYLINDRICAL_SURFACE('',#3414,0.5);
#3414 = AXIS2_PLACEMENT_3D('',#3415,#3416,#3417);
#3415 = CARTESIAN_POINT('',(108.84,-140.905,-4.5E-02));
#3416 = DIRECTION('',(-0.,-0.,-1.));
#3417 = DIRECTION('',(-0.,-1.,0.));
#3418 = ADVANCED_FACE('',(#3419),#3430,.F.);
#3419 = FACE_BOUND('',#3420,.T.);
#3420 = EDGE_LOOP('',(#3421,#3422,#3428,#3429));
#3421 = ORIENTED_EDGE('',*,*,#640,.T.);
#3422 = ORIENTED_EDGE('',*,*,#3423,.T.);
#3423 = EDGE_CURVE('',#641,#1892,#3424,.T.);
#3424 = LINE('',#3425,#3426);
#3425 = CARTESIAN_POINT('',(108.84,-138.865,-4.5E-02));
#3426 = VECTOR('',#3427,1.);
#3427 = DIRECTION('',(0.,0.,1.));
#3428 = ORIENTED_EDGE('',*,*,#1891,.F.);
#3429 = ORIENTED_EDGE('',*,*,#3423,.F.);
#3430 = CYLINDRICAL_SURFACE('',#3431,0.5);
#3431 = AXIS2_PLACEMENT_3D('',#3432,#3433,#3434);
#3432 = CARTESIAN_POINT('',(108.84,-138.365,-4.5E-02));
#3433 = DIRECTION('',(-0.,-0.,-1.));
#3434 = DIRECTION('',(-0.,-1.,0.));
#3435 = ADVANCED_FACE('',(#3436),#3447,.F.);
#3436 = FACE_BOUND('',#3437,.T.);
#3437 = EDGE_LOOP('',(#3438,#3439,#3445,#3446));
#3438 = ORIENTED_EDGE('',*,*,#651,.T.);
#3439 = ORIENTED_EDGE('',*,*,#3440,.T.);
#3440 = EDGE_CURVE('',#652,#1903,#3441,.T.);
#3441 = LINE('',#3442,#3443);
#3442 = CARTESIAN_POINT('',(108.84,-136.325,-4.5E-02));
#3443 = VECTOR('',#3444,1.);
#3444 = DIRECTION('',(0.,0.,1.));
#3445 = ORIENTED_EDGE('',*,*,#1902,.F.);
#3446 = ORIENTED_EDGE('',*,*,#3440,.F.);
#3447 = CYLINDRICAL_SURFACE('',#3448,0.5);
#3448 = AXIS2_PLACEMENT_3D('',#3449,#3450,#3451);
#3449 = CARTESIAN_POINT('',(108.84,-135.825,-4.5E-02));
#3450 = DIRECTION('',(-0.,-0.,-1.));
#3451 = DIRECTION('',(-0.,-1.,0.));
#3452 = ADVANCED_FACE('',(#3453),#3464,.F.);
#3453 = FACE_BOUND('',#3454,.T.);
#3454 = EDGE_LOOP('',(#3455,#3456,#3462,#3463));
#3455 = ORIENTED_EDGE('',*,*,#662,.T.);
#3456 = ORIENTED_EDGE('',*,*,#3457,.T.);
#3457 = EDGE_CURVE('',#663,#1914,#3458,.T.);
#3458 = LINE('',#3459,#3460);
#3459 = CARTESIAN_POINT('',(103.77,-128.76,-4.5E-02));
#3460 = VECTOR('',#3461,1.);
#3461 = DIRECTION('',(0.,0.,1.));
#3462 = ORIENTED_EDGE('',*,*,#1913,.F.);
#3463 = ORIENTED_EDGE('',*,*,#3457,.F.);
#3464 = CYLINDRICAL_SURFACE('',#3465,0.5);
#3465 = AXIS2_PLACEMENT_3D('',#3466,#3467,#3468);
#3466 = CARTESIAN_POINT('',(103.77,-128.26,-4.5E-02));
#3467 = DIRECTION('',(-0.,-0.,-1.));
#3468 = DIRECTION('',(-0.,-1.,0.));
#3469 = ADVANCED_FACE('',(#3470),#3481,.F.);
#3470 = FACE_BOUND('',#3471,.T.);
#3471 = EDGE_LOOP('',(#3472,#3473,#3479,#3480));
#3472 = ORIENTED_EDGE('',*,*,#673,.T.);
#3473 = ORIENTED_EDGE('',*,*,#3474,.T.);
#3474 = EDGE_CURVE('',#674,#1925,#3475,.T.);
#3475 = LINE('',#3476,#3477);
#3476 = CARTESIAN_POINT('',(108.84,-133.785,-4.5E-02));
#3477 = VECTOR('',#3478,1.);
#3478 = DIRECTION('',(0.,0.,1.));
#3479 = ORIENTED_EDGE('',*,*,#1924,.F.);
#3480 = ORIENTED_EDGE('',*,*,#3474,.F.);
#3481 = CYLINDRICAL_SURFACE('',#3482,0.5);
#3482 = AXIS2_PLACEMENT_3D('',#3483,#3484,#3485);
#3483 = CARTESIAN_POINT('',(108.84,-133.285,-4.5E-02));
#3484 = DIRECTION('',(-0.,-0.,-1.));
#3485 = DIRECTION('',(-0.,-1.,0.));
#3486 = ADVANCED_FACE('',(#3487),#3498,.F.);
#3487 = FACE_BOUND('',#3488,.T.);
#3488 = EDGE_LOOP('',(#3489,#3490,#3496,#3497));
#3489 = ORIENTED_EDGE('',*,*,#684,.T.);
#3490 = ORIENTED_EDGE('',*,*,#3491,.T.);
#3491 = EDGE_CURVE('',#685,#1936,#3492,.T.);
#3492 = LINE('',#3493,#3494);
#3493 = CARTESIAN_POINT('',(106.31,-128.76,-4.5E-02));
#3494 = VECTOR('',#3495,1.);
#3495 = DIRECTION('',(0.,0.,1.));
#3496 = ORIENTED_EDGE('',*,*,#1935,.F.);
#3497 = ORIENTED_EDGE('',*,*,#3491,.F.);
#3498 = CYLINDRICAL_SURFACE('',#3499,0.5);
#3499 = AXIS2_PLACEMENT_3D('',#3500,#3501,#3502);
#3500 = CARTESIAN_POINT('',(106.31,-128.26,-4.5E-02));
#3501 = DIRECTION('',(-0.,-0.,-1.));
#3502 = DIRECTION('',(-0.,-1.,0.));
#3503 = ADVANCED_FACE('',(#3504),#3515,.F.);
#3504 = FACE_BOUND('',#3505,.T.);
#3505 = EDGE_LOOP('',(#3506,#3507,#3513,#3514));
#3506 = ORIENTED_EDGE('',*,*,#695,.T.);
#3507 = ORIENTED_EDGE('',*,*,#3508,.T.);
#3508 = EDGE_CURVE('',#696,#1947,#3509,.T.);
#3509 = LINE('',#3510,#3511);
#3510 = CARTESIAN_POINT('',(108.85,-128.76,-4.5E-02));
#3511 = VECTOR('',#3512,1.);
#3512 = DIRECTION('',(0.,0.,1.));
#3513 = ORIENTED_EDGE('',*,*,#1946,.F.);
#3514 = ORIENTED_EDGE('',*,*,#3508,.F.);
#3515 = CYLINDRICAL_SURFACE('',#3516,0.5);
#3516 = AXIS2_PLACEMENT_3D('',#3517,#3518,#3519);
#3517 = CARTESIAN_POINT('',(108.85,-128.26,-4.5E-02));
#3518 = DIRECTION('',(-0.,-0.,-1.));
#3519 = DIRECTION('',(-0.,-1.,0.));
#3520 = ADVANCED_FACE('',(#3521),#3532,.F.);
#3521 = FACE_BOUND('',#3522,.T.);
#3522 = EDGE_LOOP('',(#3523,#3524,#3530,#3531));
#3523 = ORIENTED_EDGE('',*,*,#706,.T.);
#3524 = ORIENTED_EDGE('',*,*,#3525,.T.);
#3525 = EDGE_CURVE('',#707,#1958,#3526,.T.);
#3526 = LINE('',#3527,#3528);
#3527 = CARTESIAN_POINT('',(116.955,-153.785,-4.5E-02));
#3528 = VECTOR('',#3529,1.);
#3529 = DIRECTION('',(0.,0.,1.));
#3530 = ORIENTED_EDGE('',*,*,#1957,.F.);
#3531 = ORIENTED_EDGE('',*,*,#3525,.F.);
#3532 = CYLINDRICAL_SURFACE('',#3533,0.5);
#3533 = AXIS2_PLACEMENT_3D('',#3534,#3535,#3536);
#3534 = CARTESIAN_POINT('',(116.955,-153.285,-4.5E-02));
#3535 = DIRECTION('',(-0.,-0.,-1.));
#3536 = DIRECTION('',(-0.,-1.,0.));
#3537 = ADVANCED_FACE('',(#3538),#3549,.F.);
#3538 = FACE_BOUND('',#3539,.T.);
#3539 = EDGE_LOOP('',(#3540,#3541,#3547,#3548));
#3540 = ORIENTED_EDGE('',*,*,#717,.T.);
#3541 = ORIENTED_EDGE('',*,*,#3542,.T.);
#3542 = EDGE_CURVE('',#718,#1969,#3543,.T.);
#3543 = LINE('',#3544,#3545);
#3544 = CARTESIAN_POINT('',(116.955,-148.785,-4.5E-02));
#3545 = VECTOR('',#3546,1.);
#3546 = DIRECTION('',(0.,0.,1.));
#3547 = ORIENTED_EDGE('',*,*,#1968,.F.);
#3548 = ORIENTED_EDGE('',*,*,#3542,.F.);
#3549 = CYLINDRICAL_SURFACE('',#3550,0.5);
#3550 = AXIS2_PLACEMENT_3D('',#3551,#3552,#3553);
#3551 = CARTESIAN_POINT('',(116.955,-148.285,-4.5E-02));
#3552 = DIRECTION('',(-0.,-0.,-1.));
#3553 = DIRECTION('',(-0.,-1.,0.));
#3554 = ADVANCED_FACE('',(#3555),#3566,.F.);
#3555 = FACE_BOUND('',#3556,.T.);
#3556 = EDGE_LOOP('',(#3557,#3558,#3564,#3565));
#3557 = ORIENTED_EDGE('',*,*,#728,.T.);
#3558 = ORIENTED_EDGE('',*,*,#3559,.T.);
#3559 = EDGE_CURVE('',#729,#1980,#3560,.T.);
#3560 = LINE('',#3561,#3562);
#3561 = CARTESIAN_POINT('',(122.505,-153.965,-4.5E-02));
#3562 = VECTOR('',#3563,1.);
#3563 = DIRECTION('',(0.,0.,1.));
#3564 = ORIENTED_EDGE('',*,*,#1979,.F.);
#3565 = ORIENTED_EDGE('',*,*,#3559,.F.);
#3566 = CYLINDRICAL_SURFACE('',#3567,1.1);
#3567 = AXIS2_PLACEMENT_3D('',#3568,#3569,#3570);
#3568 = CARTESIAN_POINT('',(122.505,-152.865,-4.5E-02));
#3569 = DIRECTION('',(-0.,-0.,-1.));
#3570 = DIRECTION('',(-0.,-1.,0.));
#3571 = ADVANCED_FACE('',(#3572),#3583,.F.);
#3572 = FACE_BOUND('',#3573,.T.);
#3573 = EDGE_LOOP('',(#3574,#3575,#3581,#3582));
#3574 = ORIENTED_EDGE('',*,*,#739,.T.);
#3575 = ORIENTED_EDGE('',*,*,#3576,.T.);
#3576 = EDGE_CURVE('',#740,#1991,#3577,.T.);
#3577 = LINE('',#3578,#3579);
#3578 = CARTESIAN_POINT('',(116.955,-141.785,-4.5E-02));
#3579 = VECTOR('',#3580,1.);
#3580 = DIRECTION('',(0.,0.,1.));
#3581 = ORIENTED_EDGE('',*,*,#1990,.F.);
#3582 = ORIENTED_EDGE('',*,*,#3576,.F.);
#3583 = CYLINDRICAL_SURFACE('',#3584,0.5);
#3584 = AXIS2_PLACEMENT_3D('',#3585,#3586,#3587);
#3585 = CARTESIAN_POINT('',(116.955,-141.285,-4.5E-02));
#3586 = DIRECTION('',(-0.,-0.,-1.));
#3587 = DIRECTION('',(-0.,-1.,0.));
#3588 = ADVANCED_FACE('',(#3589),#3600,.F.);
#3589 = FACE_BOUND('',#3590,.T.);
#3590 = EDGE_LOOP('',(#3591,#3592,#3598,#3599));
#3591 = ORIENTED_EDGE('',*,*,#750,.T.);
#3592 = ORIENTED_EDGE('',*,*,#3593,.T.);
#3593 = EDGE_CURVE('',#751,#2002,#3594,.T.);
#3594 = LINE('',#3595,#3596);
#3595 = CARTESIAN_POINT('',(111.39,-128.76,-4.5E-02));
#3596 = VECTOR('',#3597,1.);
#3597 = DIRECTION('',(0.,0.,1.));
#3598 = ORIENTED_EDGE('',*,*,#2001,.F.);
#3599 = ORIENTED_EDGE('',*,*,#3593,.F.);
#3600 = CYLINDRICAL_SURFACE('',#3601,0.5);
#3601 = AXIS2_PLACEMENT_3D('',#3602,#3603,#3604);
#3602 = CARTESIAN_POINT('',(111.39,-128.26,-4.5E-02));
#3603 = DIRECTION('',(-0.,-0.,-1.));
#3604 = DIRECTION('',(-0.,-1.,0.));
#3605 = ADVANCED_FACE('',(#3606),#3617,.F.);
#3606 = FACE_BOUND('',#3607,.T.);
#3607 = EDGE_LOOP('',(#3608,#3609,#3615,#3616));
#3608 = ORIENTED_EDGE('',*,*,#761,.T.);
#3609 = ORIENTED_EDGE('',*,*,#3610,.T.);
#3610 = EDGE_CURVE('',#762,#2013,#3611,.T.);
#3611 = LINE('',#3612,#3613);
#3612 = CARTESIAN_POINT('',(113.93,-128.76,-4.5E-02));
#3613 = VECTOR('',#3614,1.);
#3614 = DIRECTION('',(0.,0.,1.));
#3615 = ORIENTED_EDGE('',*,*,#2012,.F.);
#3616 = ORIENTED_EDGE('',*,*,#3610,.F.);
#3617 = CYLINDRICAL_SURFACE('',#3618,0.5);
#3618 = AXIS2_PLACEMENT_3D('',#3619,#3620,#3621);
#3619 = CARTESIAN_POINT('',(113.93,-128.26,-4.5E-02));
#3620 = DIRECTION('',(-0.,-0.,-1.));
#3621 = DIRECTION('',(-0.,-1.,0.));
#3622 = ADVANCED_FACE('',(#3623),#3634,.F.);
#3623 = FACE_BOUND('',#3624,.T.);
#3624 = EDGE_LOOP('',(#3625,#3626,#3632,#3633));
#3625 = ORIENTED_EDGE('',*,*,#772,.T.);
#3626 = ORIENTED_EDGE('',*,*,#3627,.T.);
#3627 = EDGE_CURVE('',#773,#2024,#3628,.T.);
#3628 = LINE('',#3629,#3630);
#3629 = CARTESIAN_POINT('',(116.955,-136.785,-4.5E-02));
#3630 = VECTOR('',#3631,1.);
#3631 = DIRECTION('',(0.,0.,1.));
#3632 = ORIENTED_EDGE('',*,*,#2023,.F.);
#3633 = ORIENTED_EDGE('',*,*,#3627,.F.);
#3634 = CYLINDRICAL_SURFACE('',#3635,0.5);
#3635 = AXIS2_PLACEMENT_3D('',#3636,#3637,#3638);
#3636 = CARTESIAN_POINT('',(116.955,-136.285,-4.5E-02));
#3637 = DIRECTION('',(-0.,-0.,-1.));
#3638 = DIRECTION('',(-0.,-1.,0.));
#3639 = ADVANCED_FACE('',(#3640),#3651,.F.);
#3640 = FACE_BOUND('',#3641,.T.);
#3641 = EDGE_LOOP('',(#3642,#3643,#3649,#3650));
#3642 = ORIENTED_EDGE('',*,*,#783,.T.);
#3643 = ORIENTED_EDGE('',*,*,#3644,.T.);
#3644 = EDGE_CURVE('',#784,#2035,#3645,.T.);
#3645 = LINE('',#3646,#3647);
#3646 = CARTESIAN_POINT('',(107.25,-111.76,-4.5E-02));
#3647 = VECTOR('',#3648,1.);
#3648 = DIRECTION('',(0.,0.,1.));
#3649 = ORIENTED_EDGE('',*,*,#2034,.F.);
#3650 = ORIENTED_EDGE('',*,*,#3644,.F.);
#3651 = CYLINDRICAL_SURFACE('',#3652,0.5);
#3652 = AXIS2_PLACEMENT_3D('',#3653,#3654,#3655);
#3653 = CARTESIAN_POINT('',(107.25,-111.26,-4.5E-02));
#3654 = DIRECTION('',(-0.,-0.,-1.));
#3655 = DIRECTION('',(-0.,-1.,0.));
#3656 = ADVANCED_FACE('',(#3657),#3668,.F.);
#3657 = FACE_BOUND('',#3658,.T.);
#3658 = EDGE_LOOP('',(#3659,#3660,#3666,#3667));
#3659 = ORIENTED_EDGE('',*,*,#794,.T.);
#3660 = ORIENTED_EDGE('',*,*,#3661,.T.);
#3661 = EDGE_CURVE('',#795,#2046,#3662,.T.);
#3662 = LINE('',#3663,#3664);
#3663 = CARTESIAN_POINT('',(107.25,-109.22,-4.5E-02));
#3664 = VECTOR('',#3665,1.);
#3665 = DIRECTION('',(0.,0.,1.));
#3666 = ORIENTED_EDGE('',*,*,#2045,.F.);
#3667 = ORIENTED_EDGE('',*,*,#3661,.F.);
#3668 = CYLINDRICAL_SURFACE('',#3669,0.5);
#3669 = AXIS2_PLACEMENT_3D('',#3670,#3671,#3672);
#3670 = CARTESIAN_POINT('',(107.25,-108.72,-4.5E-02));
#3671 = DIRECTION('',(-0.,-0.,-1.));
#3672 = DIRECTION('',(-0.,-1.,0.));
#3673 = ADVANCED_FACE('',(#3674),#3685,.F.);
#3674 = FACE_BOUND('',#3675,.T.);
#3675 = EDGE_LOOP('',(#3676,#3677,#3683,#3684));
#3676 = ORIENTED_EDGE('',*,*,#805,.T.);
#3677 = ORIENTED_EDGE('',*,*,#3678,.T.);
#3678 = EDGE_CURVE('',#806,#2057,#3679,.T.);
#3679 = LINE('',#3680,#3681);
#3680 = CARTESIAN_POINT('',(107.25,-106.68,-4.5E-02));
#3681 = VECTOR('',#3682,1.);
#3682 = DIRECTION('',(0.,0.,1.));
#3683 = ORIENTED_EDGE('',*,*,#2056,.F.);
#3684 = ORIENTED_EDGE('',*,*,#3678,.F.);
#3685 = CYLINDRICAL_SURFACE('',#3686,0.5);
#3686 = AXIS2_PLACEMENT_3D('',#3687,#3688,#3689);
#3687 = CARTESIAN_POINT('',(107.25,-106.18,-4.5E-02));
#3688 = DIRECTION('',(-0.,-0.,-1.));
#3689 = DIRECTION('',(-0.,-1.,0.));
#3690 = ADVANCED_FACE('',(#3691),#3702,.F.);
#3691 = FACE_BOUND('',#3692,.T.);
#3692 = EDGE_LOOP('',(#3693,#3694,#3700,#3701));
#3693 = ORIENTED_EDGE('',*,*,#816,.T.);
#3694 = ORIENTED_EDGE('',*,*,#3695,.T.);
#3695 = EDGE_CURVE('',#817,#2068,#3696,.T.);
#3696 = LINE('',#3697,#3698);
#3697 = CARTESIAN_POINT('',(107.25,-104.14,-4.5E-02));
#3698 = VECTOR('',#3699,1.);
#3699 = DIRECTION('',(0.,0.,1.));
#3700 = ORIENTED_EDGE('',*,*,#2067,.F.);
#3701 = ORIENTED_EDGE('',*,*,#3695,.F.);
#3702 = CYLINDRICAL_SURFACE('',#3703,0.5);
#3703 = AXIS2_PLACEMENT_3D('',#3704,#3705,#3706);
#3704 = CARTESIAN_POINT('',(107.25,-103.64,-4.5E-02));
#3705 = DIRECTION('',(-0.,-0.,-1.));
#3706 = DIRECTION('',(-0.,-1.,0.));
#3707 = ADVANCED_FACE('',(#3708),#3719,.F.);
#3708 = FACE_BOUND('',#3709,.T.);
#3709 = EDGE_LOOP('',(#3710,#3711,#3717,#3718));
#3710 = ORIENTED_EDGE('',*,*,#827,.T.);
#3711 = ORIENTED_EDGE('',*,*,#3712,.T.);
#3712 = EDGE_CURVE('',#828,#2079,#3713,.T.);
#3713 = LINE('',#3714,#3715);
#3714 = CARTESIAN_POINT('',(68.235,-98.5,-4.5E-02));
#3715 = VECTOR('',#3716,1.);
#3716 = DIRECTION('',(0.,0.,1.));
#3717 = ORIENTED_EDGE('',*,*,#2078,.F.);
#3718 = ORIENTED_EDGE('',*,*,#3712,.F.);
#3719 = CYLINDRICAL_SURFACE('',#3720,0.5);
#3720 = AXIS2_PLACEMENT_3D('',#3721,#3722,#3723);
#3721 = CARTESIAN_POINT('',(68.235,-98.,-4.5E-02));
#3722 = DIRECTION('',(-0.,-0.,-1.));
#3723 = DIRECTION('',(-0.,-1.,0.));
#3724 = ADVANCED_FACE('',(#3725),#3736,.F.);
#3725 = FACE_BOUND('',#3726,.T.);
#3726 = EDGE_LOOP('',(#3727,#3728,#3734,#3735));
#3727 = ORIENTED_EDGE('',*,*,#838,.T.);
#3728 = ORIENTED_EDGE('',*,*,#3729,.T.);
#3729 = EDGE_CURVE('',#839,#2090,#3730,.T.);
#3730 = LINE('',#3731,#3732);
#3731 = CARTESIAN_POINT('',(73.91,-98.5,-4.5E-02));
#3732 = VECTOR('',#3733,1.);
#3733 = DIRECTION('',(0.,0.,1.));
#3734 = ORIENTED_EDGE('',*,*,#2089,.F.);
#3735 = ORIENTED_EDGE('',*,*,#3729,.F.);
#3736 = CYLINDRICAL_SURFACE('',#3737,0.5);
#3737 = AXIS2_PLACEMENT_3D('',#3738,#3739,#3740);
#3738 = CARTESIAN_POINT('',(73.91,-98.,-4.5E-02));
#3739 = DIRECTION('',(-0.,-0.,-1.));
#3740 = DIRECTION('',(-0.,-1.,0.));
#3741 = ADVANCED_FACE('',(#3742),#3753,.F.);
#3742 = FACE_BOUND('',#3743,.T.);
#3743 = EDGE_LOOP('',(#3744,#3745,#3751,#3752));
#3744 = ORIENTED_EDGE('',*,*,#849,.T.);
#3745 = ORIENTED_EDGE('',*,*,#3746,.T.);
#3746 = EDGE_CURVE('',#850,#2101,#3747,.T.);
#3747 = LINE('',#3748,#3749);
#3748 = CARTESIAN_POINT('',(93.,-101.6,-4.5E-02));
#3749 = VECTOR('',#3750,1.);
#3750 = DIRECTION('',(0.,0.,1.));
#3751 = ORIENTED_EDGE('',*,*,#2100,.F.);
#3752 = ORIENTED_EDGE('',*,*,#3746,.F.);
#3753 = CYLINDRICAL_SURFACE('',#3754,0.5);
#3754 = AXIS2_PLACEMENT_3D('',#3755,#3756,#3757);
#3755 = CARTESIAN_POINT('',(93.,-101.1,-4.5E-02));
#3756 = DIRECTION('',(-0.,-0.,-1.));
#3757 = DIRECTION('',(-0.,-1.,0.));
#3758 = ADVANCED_FACE('',(#3759),#3770,.F.);
#3759 = FACE_BOUND('',#3760,.T.);
#3760 = EDGE_LOOP('',(#3761,#3762,#3768,#3769));
#3761 = ORIENTED_EDGE('',*,*,#860,.T.);
#3762 = ORIENTED_EDGE('',*,*,#3763,.T.);
#3763 = EDGE_CURVE('',#861,#2112,#3764,.T.);
#3764 = LINE('',#3765,#3766);
#3765 = CARTESIAN_POINT('',(93.,-99.06,-4.5E-02));
#3766 = VECTOR('',#3767,1.);
#3767 = DIRECTION('',(0.,0.,1.));
#3768 = ORIENTED_EDGE('',*,*,#2111,.F.);
#3769 = ORIENTED_EDGE('',*,*,#3763,.F.);
#3770 = CYLINDRICAL_SURFACE('',#3771,0.5);
#3771 = AXIS2_PLACEMENT_3D('',#3772,#3773,#3774);
#3772 = CARTESIAN_POINT('',(93.,-98.56,-4.5E-02));
#3773 = DIRECTION('',(-0.,-0.,-1.));
#3774 = DIRECTION('',(-0.,-1.,0.));
#3775 = ADVANCED_FACE('',(#3776),#3787,.F.);
#3776 = FACE_BOUND('',#3777,.T.);
#3777 = EDGE_LOOP('',(#3778,#3779,#3785,#3786));
#3778 = ORIENTED_EDGE('',*,*,#871,.T.);
#3779 = ORIENTED_EDGE('',*,*,#3780,.T.);
#3780 = EDGE_CURVE('',#872,#2123,#3781,.T.);
#3781 = LINE('',#3782,#3783);
#3782 = CARTESIAN_POINT('',(93.,-96.52,-4.5E-02));
#3783 = VECTOR('',#3784,1.);
#3784 = DIRECTION('',(0.,0.,1.));
#3785 = ORIENTED_EDGE('',*,*,#2122,.F.);
#3786 = ORIENTED_EDGE('',*,*,#3780,.F.);
#3787 = CYLINDRICAL_SURFACE('',#3788,0.5);
#3788 = AXIS2_PLACEMENT_3D('',#3789,#3790,#3791);
#3789 = CARTESIAN_POINT('',(93.,-96.02,-4.5E-02));
#3790 = DIRECTION('',(-0.,-0.,-1.));
#3791 = DIRECTION('',(-0.,-1.,0.));
#3792 = ADVANCED_FACE('',(#3793),#3804,.F.);
#3793 = FACE_BOUND('',#3794,.T.);
#3794 = EDGE_LOOP('',(#3795,#3796,#3802,#3803));
#3795 = ORIENTED_EDGE('',*,*,#882,.T.);
#3796 = ORIENTED_EDGE('',*,*,#3797,.T.);
#3797 = EDGE_CURVE('',#883,#2134,#3798,.T.);
#3798 = LINE('',#3799,#3800);
#3799 = CARTESIAN_POINT('',(93.,-93.98,-4.5E-02));
#3800 = VECTOR('',#3801,1.);
#3801 = DIRECTION('',(0.,0.,1.));
#3802 = ORIENTED_EDGE('',*,*,#2133,.F.);
#3803 = ORIENTED_EDGE('',*,*,#3797,.F.);
#3804 = CYLINDRICAL_SURFACE('',#3805,0.5);
#3805 = AXIS2_PLACEMENT_3D('',#3806,#3807,#3808);
#3806 = CARTESIAN_POINT('',(93.,-93.48,-4.5E-02));
#3807 = DIRECTION('',(-0.,-0.,-1.));
#3808 = DIRECTION('',(-0.,-1.,0.));
#3809 = ADVANCED_FACE('',(#3810),#3821,.F.);
#3810 = FACE_BOUND('',#3811,.T.);
#3811 = EDGE_LOOP('',(#3812,#3813,#3819,#3820));
#3812 = ORIENTED_EDGE('',*,*,#893,.T.);
#3813 = ORIENTED_EDGE('',*,*,#3814,.T.);
#3814 = EDGE_CURVE('',#894,#2145,#3815,.T.);
#3815 = LINE('',#3816,#3817);
#3816 = CARTESIAN_POINT('',(93.,-91.44,-4.5E-02));
#3817 = VECTOR('',#3818,1.);
#3818 = DIRECTION('',(0.,0.,1.));
#3819 = ORIENTED_EDGE('',*,*,#2144,.F.);
#3820 = ORIENTED_EDGE('',*,*,#3814,.F.);
#3821 = CYLINDRICAL_SURFACE('',#3822,0.5);
#3822 = AXIS2_PLACEMENT_3D('',#3823,#3824,#3825);
#3823 = CARTESIAN_POINT('',(93.,-90.94,-4.5E-02));
#3824 = DIRECTION('',(-0.,-0.,-1.));
#3825 = DIRECTION('',(-0.,-1.,0.));
#3826 = ADVANCED_FACE('',(#3827),#3838,.F.);
#3827 = FACE_BOUND('',#3828,.T.);
#3828 = EDGE_LOOP('',(#3829,#3830,#3836,#3837));
#3829 = ORIENTED_EDGE('',*,*,#904,.T.);
#3830 = ORIENTED_EDGE('',*,*,#3831,.T.);
#3831 = EDGE_CURVE('',#905,#2156,#3832,.T.);
#3832 = LINE('',#3833,#3834);
#3833 = CARTESIAN_POINT('',(93.,-88.9,-4.5E-02));
#3834 = VECTOR('',#3835,1.);
#3835 = DIRECTION('',(0.,0.,1.));
#3836 = ORIENTED_EDGE('',*,*,#2155,.F.);
#3837 = ORIENTED_EDGE('',*,*,#3831,.F.);
#3838 = CYLINDRICAL_SURFACE('',#3839,0.5);
#3839 = AXIS2_PLACEMENT_3D('',#3840,#3841,#3842);
#3840 = CARTESIAN_POINT('',(93.,-88.4,-4.5E-02));
#3841 = DIRECTION('',(-0.,-0.,-1.));
#3842 = DIRECTION('',(-0.,-1.,0.));
#3843 = ADVANCED_FACE('',(#3844),#3855,.F.);
#3844 = FACE_BOUND('',#3845,.T.);
#3845 = EDGE_LOOP('',(#3846,#3847,#3853,#3854));
#3846 = ORIENTED_EDGE('',*,*,#915,.T.);
#3847 = ORIENTED_EDGE('',*,*,#3848,.T.);
#3848 = EDGE_CURVE('',#916,#2167,#3849,.T.);
#3849 = LINE('',#3850,#3851);
#3850 = CARTESIAN_POINT('',(93.,-86.36,-4.5E-02));
#3851 = VECTOR('',#3852,1.);
#3852 = DIRECTION('',(0.,0.,1.));
#3853 = ORIENTED_EDGE('',*,*,#2166,.F.);
#3854 = ORIENTED_EDGE('',*,*,#3848,.F.);
#3855 = CYLINDRICAL_SURFACE('',#3856,0.5);
#3856 = AXIS2_PLACEMENT_3D('',#3857,#3858,#3859);
#3857 = CARTESIAN_POINT('',(93.,-85.86,-4.5E-02));
#3858 = DIRECTION('',(-0.,-0.,-1.));
#3859 = DIRECTION('',(-0.,-1.,0.));
#3860 = ADVANCED_FACE('',(#3861),#3872,.F.);
#3861 = FACE_BOUND('',#3862,.T.);
#3862 = EDGE_LOOP('',(#3863,#3864,#3870,#3871));
#3863 = ORIENTED_EDGE('',*,*,#926,.T.);
#3864 = ORIENTED_EDGE('',*,*,#3865,.T.);
#3865 = EDGE_CURVE('',#927,#2178,#3866,.T.);
#3866 = LINE('',#3867,#3868);
#3867 = CARTESIAN_POINT('',(93.,-83.82,-4.5E-02));
#3868 = VECTOR('',#3869,1.);
#3869 = DIRECTION('',(0.,0.,1.));
#3870 = ORIENTED_EDGE('',*,*,#2177,.F.);
#3871 = ORIENTED_EDGE('',*,*,#3865,.F.);
#3872 = CYLINDRICAL_SURFACE('',#3873,0.5);
#3873 = AXIS2_PLACEMENT_3D('',#3874,#3875,#3876);
#3874 = CARTESIAN_POINT('',(93.,-83.32,-4.5E-02));
#3875 = DIRECTION('',(-0.,-0.,-1.));
#3876 = DIRECTION('',(-0.,-1.,0.));
#3877 = ADVANCED_FACE('',(#3878),#3889,.F.);
#3878 = FACE_BOUND('',#3879,.T.);
#3879 = EDGE_LOOP('',(#3880,#3881,#3887,#3888));
#3880 = ORIENTED_EDGE('',*,*,#937,.T.);
#3881 = ORIENTED_EDGE('',*,*,#3882,.T.);
#3882 = EDGE_CURVE('',#938,#2189,#3883,.T.);
#3883 = LINE('',#3884,#3885);
#3884 = CARTESIAN_POINT('',(93.,-81.28,-4.5E-02));
#3885 = VECTOR('',#3886,1.);
#3886 = DIRECTION('',(0.,0.,1.));
#3887 = ORIENTED_EDGE('',*,*,#2188,.F.);
#3888 = ORIENTED_EDGE('',*,*,#3882,.F.);
#3889 = CYLINDRICAL_SURFACE('',#3890,0.5);
#3890 = AXIS2_PLACEMENT_3D('',#3891,#3892,#3893);
#3891 = CARTESIAN_POINT('',(93.,-80.78,-4.5E-02));
#3892 = DIRECTION('',(-0.,-0.,-1.));
#3893 = DIRECTION('',(-0.,-1.,0.));
#3894 = ADVANCED_FACE('',(#3895),#3906,.F.);
#3895 = FACE_BOUND('',#3896,.T.);
#3896 = EDGE_LOOP('',(#3897,#3898,#3904,#3905));
#3897 = ORIENTED_EDGE('',*,*,#948,.T.);
#3898 = ORIENTED_EDGE('',*,*,#3899,.T.);
#3899 = EDGE_CURVE('',#949,#2200,#3900,.T.);
#3900 = LINE('',#3901,#3902);
#3901 = CARTESIAN_POINT('',(93.,-78.74,-4.5E-02));
#3902 = VECTOR('',#3903,1.);
#3903 = DIRECTION('',(0.,0.,1.));
#3904 = ORIENTED_EDGE('',*,*,#2199,.F.);
#3905 = ORIENTED_EDGE('',*,*,#3899,.F.);
#3906 = CYLINDRICAL_SURFACE('',#3907,0.5);
#3907 = AXIS2_PLACEMENT_3D('',#3908,#3909,#3910);
#3908 = CARTESIAN_POINT('',(93.,-78.24,-4.5E-02));
#3909 = DIRECTION('',(-0.,-0.,-1.));
#3910 = DIRECTION('',(-0.,-1.,0.));
#3911 = ADVANCED_FACE('',(#3912),#3923,.F.);
#3912 = FACE_BOUND('',#3913,.T.);
#3913 = EDGE_LOOP('',(#3914,#3915,#3921,#3922));
#3914 = ORIENTED_EDGE('',*,*,#959,.T.);
#3915 = ORIENTED_EDGE('',*,*,#3916,.T.);
#3916 = EDGE_CURVE('',#960,#2211,#3917,.T.);
#3917 = LINE('',#3918,#3919);
#3918 = CARTESIAN_POINT('',(68.895,-52.24,-4.5E-02));
#3919 = VECTOR('',#3920,1.);
#3920 = DIRECTION('',(0.,0.,1.));
#3921 = ORIENTED_EDGE('',*,*,#2210,.F.);
#3922 = ORIENTED_EDGE('',*,*,#3916,.F.);
#3923 = CYLINDRICAL_SURFACE('',#3924,1.1);
#3924 = AXIS2_PLACEMENT_3D('',#3925,#3926,#3927);
#3925 = CARTESIAN_POINT('',(68.895,-51.14,-4.5E-02));
#3926 = DIRECTION('',(-0.,-0.,-1.));
#3927 = DIRECTION('',(-1.2918958832E-14,-1.,0.));
#3928 = ADVANCED_FACE('',(#3929),#3940,.F.);
#3929 = FACE_BOUND('',#3930,.T.);
#3930 = EDGE_LOOP('',(#3931,#3932,#3938,#3939));
#3931 = ORIENTED_EDGE('',*,*,#970,.T.);
#3932 = ORIENTED_EDGE('',*,*,#3933,.T.);
#3933 = EDGE_CURVE('',#971,#2222,#3934,.T.);
#3934 = LINE('',#3935,#3936);
#3935 = CARTESIAN_POINT('',(93.,-76.2,-4.5E-02));
#3936 = VECTOR('',#3937,1.);
#3937 = DIRECTION('',(0.,0.,1.));
#3938 = ORIENTED_EDGE('',*,*,#2221,.F.);
#3939 = ORIENTED_EDGE('',*,*,#3933,.F.);
#3940 = CYLINDRICAL_SURFACE('',#3941,0.5);
#3941 = AXIS2_PLACEMENT_3D('',#3942,#3943,#3944);
#3942 = CARTESIAN_POINT('',(93.,-75.7,-4.5E-02));
#3943 = DIRECTION('',(-0.,-0.,-1.));
#3944 = DIRECTION('',(-0.,-1.,0.));
#3945 = ADVANCED_FACE('',(#3946),#3957,.F.);
#3946 = FACE_BOUND('',#3947,.T.);
#3947 = EDGE_LOOP('',(#3948,#3949,#3955,#3956));
#3948 = ORIENTED_EDGE('',*,*,#981,.T.);
#3949 = ORIENTED_EDGE('',*,*,#3950,.T.);
#3950 = EDGE_CURVE('',#982,#2233,#3951,.T.);
#3951 = LINE('',#3952,#3953);
#3952 = CARTESIAN_POINT('',(93.,-73.66,-4.5E-02));
#3953 = VECTOR('',#3954,1.);
#3954 = DIRECTION('',(0.,0.,1.));
#3955 = ORIENTED_EDGE('',*,*,#2232,.F.);
#3956 = ORIENTED_EDGE('',*,*,#3950,.F.);
#3957 = CYLINDRICAL_SURFACE('',#3958,0.5);
#3958 = AXIS2_PLACEMENT_3D('',#3959,#3960,#3961);
#3959 = CARTESIAN_POINT('',(93.,-73.16,-4.5E-02));
#3960 = DIRECTION('',(-0.,-0.,-1.));
#3961 = DIRECTION('',(-0.,-1.,0.));
#3962 = ADVANCED_FACE('',(#3963),#3974,.F.);
#3963 = FACE_BOUND('',#3964,.T.);
#3964 = EDGE_LOOP('',(#3965,#3966,#3972,#3973));
#3965 = ORIENTED_EDGE('',*,*,#992,.T.);
#3966 = ORIENTED_EDGE('',*,*,#3967,.T.);
#3967 = EDGE_CURVE('',#993,#2244,#3968,.T.);
#3968 = LINE('',#3969,#3970);
#3969 = CARTESIAN_POINT('',(93.,-71.12,-4.5E-02));
#3970 = VECTOR('',#3971,1.);
#3971 = DIRECTION('',(0.,0.,1.));
#3972 = ORIENTED_EDGE('',*,*,#2243,.F.);
#3973 = ORIENTED_EDGE('',*,*,#3967,.F.);
#3974 = CYLINDRICAL_SURFACE('',#3975,0.5);
#3975 = AXIS2_PLACEMENT_3D('',#3976,#3977,#3978);
#3976 = CARTESIAN_POINT('',(93.,-70.62,-4.5E-02));
#3977 = DIRECTION('',(-0.,-0.,-1.));
#3978 = DIRECTION('',(-0.,-1.,0.));
#3979 = ADVANCED_FACE('',(#3980),#3991,.F.);
#3980 = FACE_BOUND('',#3981,.T.);
#3981 = EDGE_LOOP('',(#3982,#3983,#3989,#3990));
#3982 = ORIENTED_EDGE('',*,*,#1003,.T.);
#3983 = ORIENTED_EDGE('',*,*,#3984,.T.);
#3984 = EDGE_CURVE('',#1004,#2255,#3985,.T.);
#3985 = LINE('',#3986,#3987);
#3986 = CARTESIAN_POINT('',(93.,-68.58,-4.5E-02));
#3987 = VECTOR('',#3988,1.);
#3988 = DIRECTION('',(0.,0.,1.));
#3989 = ORIENTED_EDGE('',*,*,#2254,.F.);
#3990 = ORIENTED_EDGE('',*,*,#3984,.F.);
#3991 = CYLINDRICAL_SURFACE('',#3992,0.5);
#3992 = AXIS2_PLACEMENT_3D('',#3993,#3994,#3995);
#3993 = CARTESIAN_POINT('',(93.,-68.08,-4.5E-02));
#3994 = DIRECTION('',(-0.,-0.,-1.));
#3995 = DIRECTION('',(-0.,-1.,0.));
#3996 = ADVANCED_FACE('',(#3997),#4008,.F.);
#3997 = FACE_BOUND('',#3998,.T.);
#3998 = EDGE_LOOP('',(#3999,#4000,#4006,#4007));
#3999 = ORIENTED_EDGE('',*,*,#1014,.T.);
#4000 = ORIENTED_EDGE('',*,*,#4001,.T.);
#4001 = EDGE_CURVE('',#1015,#2266,#4002,.T.);
#4002 = LINE('',#4003,#4004);
#4003 = CARTESIAN_POINT('',(93.,-66.04,-4.5E-02));
#4004 = VECTOR('',#4005,1.);
#4005 = DIRECTION('',(0.,0.,1.));
#4006 = ORIENTED_EDGE('',*,*,#2265,.F.);
#4007 = ORIENTED_EDGE('',*,*,#4001,.F.);
#4008 = CYLINDRICAL_SURFACE('',#4009,0.5);
#4009 = AXIS2_PLACEMENT_3D('',#4010,#4011,#4012);
#4010 = CARTESIAN_POINT('',(93.,-65.54,-4.5E-02));
#4011 = DIRECTION('',(-0.,-0.,-1.));
#4012 = DIRECTION('',(-0.,-1.,0.));
#4013 = ADVANCED_FACE('',(#4014),#4025,.F.);
#4014 = FACE_BOUND('',#4015,.T.);
#4015 = EDGE_LOOP('',(#4016,#4017,#4023,#4024));
#4016 = ORIENTED_EDGE('',*,*,#1025,.T.);
#4017 = ORIENTED_EDGE('',*,*,#4018,.T.);
#4018 = EDGE_CURVE('',#1026,#2277,#4019,.T.);
#4019 = LINE('',#4020,#4021);
#4020 = CARTESIAN_POINT('',(93.,-63.5,-4.5E-02));
#4021 = VECTOR('',#4022,1.);
#4022 = DIRECTION('',(0.,0.,1.));
#4023 = ORIENTED_EDGE('',*,*,#2276,.F.);
#4024 = ORIENTED_EDGE('',*,*,#4018,.F.);
#4025 = CYLINDRICAL_SURFACE('',#4026,0.5);
#4026 = AXIS2_PLACEMENT_3D('',#4027,#4028,#4029);
#4027 = CARTESIAN_POINT('',(93.,-63.,-4.5E-02));
#4028 = DIRECTION('',(-0.,-0.,-1.));
#4029 = DIRECTION('',(-0.,-1.,0.));
#4030 = ADVANCED_FACE('',(#4031),#4042,.F.);
#4031 = FACE_BOUND('',#4032,.T.);
#4032 = EDGE_LOOP('',(#4033,#4034,#4040,#4041));
#4033 = ORIENTED_EDGE('',*,*,#1036,.T.);
#4034 = ORIENTED_EDGE('',*,*,#4035,.T.);
#4035 = EDGE_CURVE('',#1037,#2288,#4036,.T.);
#4036 = LINE('',#4037,#4038);
#4037 = CARTESIAN_POINT('',(91.05,-51.22,-4.5E-02));
#4038 = VECTOR('',#4039,1.);
#4039 = DIRECTION('',(0.,0.,1.));
#4040 = ORIENTED_EDGE('',*,*,#2287,.F.);
#4041 = ORIENTED_EDGE('',*,*,#4035,.F.);
#4042 = CYLINDRICAL_SURFACE('',#4043,0.5);
#4043 = AXIS2_PLACEMENT_3D('',#4044,#4045,#4046);
#4044 = CARTESIAN_POINT('',(91.05,-50.72,-4.5E-02));
#4045 = DIRECTION('',(-0.,-0.,-1.));
#4046 = DIRECTION('',(-0.,-1.,0.));
#4047 = ADVANCED_FACE('',(#4048),#4059,.F.);
#4048 = FACE_BOUND('',#4049,.T.);
#4049 = EDGE_LOOP('',(#4050,#4051,#4057,#4058));
#4050 = ORIENTED_EDGE('',*,*,#1047,.T.);
#4051 = ORIENTED_EDGE('',*,*,#4052,.T.);
#4052 = EDGE_CURVE('',#1048,#2299,#4053,.T.);
#4053 = LINE('',#4054,#4055);
#4054 = CARTESIAN_POINT('',(93.59,-51.22,-4.5E-02));
#4055 = VECTOR('',#4056,1.);
#4056 = DIRECTION('',(0.,0.,1.));
#4057 = ORIENTED_EDGE('',*,*,#2298,.F.);
#4058 = ORIENTED_EDGE('',*,*,#4052,.F.);
#4059 = CYLINDRICAL_SURFACE('',#4060,0.5);
#4060 = AXIS2_PLACEMENT_3D('',#4061,#4062,#4063);
#4061 = CARTESIAN_POINT('',(93.59,-50.72,-4.5E-02));
#4062 = DIRECTION('',(-0.,-0.,-1.));
#4063 = DIRECTION('',(-0.,-1.,0.));
#4064 = ADVANCED_FACE('',(#4065),#4076,.F.);
#4065 = FACE_BOUND('',#4066,.T.);
#4066 = EDGE_LOOP('',(#4067,#4068,#4074,#4075));
#4067 = ORIENTED_EDGE('',*,*,#1058,.T.);
#4068 = ORIENTED_EDGE('',*,*,#4069,.T.);
#4069 = EDGE_CURVE('',#1059,#2310,#4070,.T.);
#4070 = LINE('',#4071,#4072);
#4071 = CARTESIAN_POINT('',(107.25,-101.6,-4.5E-02));
#4072 = VECTOR('',#4073,1.);
#4073 = DIRECTION('',(0.,0.,1.));
#4074 = ORIENTED_EDGE('',*,*,#2309,.F.);
#4075 = ORIENTED_EDGE('',*,*,#4069,.F.);
#4076 = CYLINDRICAL_SURFACE('',#4077,0.5);
#4077 = AXIS2_PLACEMENT_3D('',#4078,#4079,#4080);
#4078 = CARTESIAN_POINT('',(107.25,-101.1,-4.5E-02));
#4079 = DIRECTION('',(-0.,-0.,-1.));
#4080 = DIRECTION('',(-0.,-1.,0.));
#4081 = ADVANCED_FACE('',(#4082),#4093,.F.);
#4082 = FACE_BOUND('',#4083,.T.);
#4083 = EDGE_LOOP('',(#4084,#4085,#4091,#4092));
#4084 = ORIENTED_EDGE('',*,*,#1069,.T.);
#4085 = ORIENTED_EDGE('',*,*,#4086,.T.);
#4086 = EDGE_CURVE('',#1070,#2321,#4087,.T.);
#4087 = LINE('',#4088,#4089);
#4088 = CARTESIAN_POINT('',(107.25,-99.06,-4.5E-02));
#4089 = VECTOR('',#4090,1.);
#4090 = DIRECTION('',(0.,0.,1.));
#4091 = ORIENTED_EDGE('',*,*,#2320,.F.);
#4092 = ORIENTED_EDGE('',*,*,#4086,.F.);
#4093 = CYLINDRICAL_SURFACE('',#4094,0.5);
#4094 = AXIS2_PLACEMENT_3D('',#4095,#4096,#4097);
#4095 = CARTESIAN_POINT('',(107.25,-98.56,-4.5E-02));
#4096 = DIRECTION('',(-0.,-0.,-1.));
#4097 = DIRECTION('',(-0.,-1.,0.));
#4098 = ADVANCED_FACE('',(#4099),#4110,.F.);
#4099 = FACE_BOUND('',#4100,.T.);
#4100 = EDGE_LOOP('',(#4101,#4102,#4108,#4109));
#4101 = ORIENTED_EDGE('',*,*,#1080,.T.);
#4102 = ORIENTED_EDGE('',*,*,#4103,.T.);
#4103 = EDGE_CURVE('',#1081,#2332,#4104,.T.);
#4104 = LINE('',#4105,#4106);
#4105 = CARTESIAN_POINT('',(107.25,-96.52,-4.5E-02));
#4106 = VECTOR('',#4107,1.);
#4107 = DIRECTION('',(0.,0.,1.));
#4108 = ORIENTED_EDGE('',*,*,#2331,.F.);
#4109 = ORIENTED_EDGE('',*,*,#4103,.F.);
#4110 = CYLINDRICAL_SURFACE('',#4111,0.5);
#4111 = AXIS2_PLACEMENT_3D('',#4112,#4113,#4114);
#4112 = CARTESIAN_POINT('',(107.25,-96.02,-4.5E-02));
#4113 = DIRECTION('',(-0.,-0.,-1.));
#4114 = DIRECTION('',(-0.,-1.,0.));
#4115 = ADVANCED_FACE('',(#4116),#4127,.F.);
#4116 = FACE_BOUND('',#4117,.T.);
#4117 = EDGE_LOOP('',(#4118,#4119,#4125,#4126));
#4118 = ORIENTED_EDGE('',*,*,#1091,.T.);
#4119 = ORIENTED_EDGE('',*,*,#4120,.T.);
#4120 = EDGE_CURVE('',#1092,#2343,#4121,.T.);
#4121 = LINE('',#4122,#4123);
#4122 = CARTESIAN_POINT('',(107.25,-93.98,-4.5E-02));
#4123 = VECTOR('',#4124,1.);
#4124 = DIRECTION('',(0.,0.,1.));
#4125 = ORIENTED_EDGE('',*,*,#2342,.F.);
#4126 = ORIENTED_EDGE('',*,*,#4120,.F.);
#4127 = CYLINDRICAL_SURFACE('',#4128,0.5);
#4128 = AXIS2_PLACEMENT_3D('',#4129,#4130,#4131);
#4129 = CARTESIAN_POINT('',(107.25,-93.48,-4.5E-02));
#4130 = DIRECTION('',(-0.,-0.,-1.));
#4131 = DIRECTION('',(-0.,-1.,0.));
#4132 = ADVANCED_FACE('',(#4133),#4144,.F.);
#4133 = FACE_BOUND('',#4134,.T.);
#4134 = EDGE_LOOP('',(#4135,#4136,#4142,#4143));
#4135 = ORIENTED_EDGE('',*,*,#1102,.T.);
#4136 = ORIENTED_EDGE('',*,*,#4137,.T.);
#4137 = EDGE_CURVE('',#1103,#2354,#4138,.T.);
#4138 = LINE('',#4139,#4140);
#4139 = CARTESIAN_POINT('',(107.25,-91.44,-4.5E-02));
#4140 = VECTOR('',#4141,1.);
#4141 = DIRECTION('',(0.,0.,1.));
#4142 = ORIENTED_EDGE('',*,*,#2353,.F.);
#4143 = ORIENTED_EDGE('',*,*,#4137,.F.);
#4144 = CYLINDRICAL_SURFACE('',#4145,0.5);
#4145 = AXIS2_PLACEMENT_3D('',#4146,#4147,#4148);
#4146 = CARTESIAN_POINT('',(107.25,-90.94,-4.5E-02));
#4147 = DIRECTION('',(-0.,-0.,-1.));
#4148 = DIRECTION('',(-0.,-1.,0.));
#4149 = ADVANCED_FACE('',(#4150),#4161,.F.);
#4150 = FACE_BOUND('',#4151,.T.);
#4151 = EDGE_LOOP('',(#4152,#4153,#4159,#4160));
#4152 = ORIENTED_EDGE('',*,*,#1113,.T.);
#4153 = ORIENTED_EDGE('',*,*,#4154,.T.);
#4154 = EDGE_CURVE('',#1114,#2365,#4155,.T.);
#4155 = LINE('',#4156,#4157);
#4156 = CARTESIAN_POINT('',(107.25,-88.9,-4.5E-02));
#4157 = VECTOR('',#4158,1.);
#4158 = DIRECTION('',(0.,0.,1.));
#4159 = ORIENTED_EDGE('',*,*,#2364,.F.);
#4160 = ORIENTED_EDGE('',*,*,#4154,.F.);
#4161 = CYLINDRICAL_SURFACE('',#4162,0.5);
#4162 = AXIS2_PLACEMENT_3D('',#4163,#4164,#4165);
#4163 = CARTESIAN_POINT('',(107.25,-88.4,-4.5E-02));
#4164 = DIRECTION('',(-0.,-0.,-1.));
#4165 = DIRECTION('',(-0.,-1.,0.));
#4166 = ADVANCED_FACE('',(#4167),#4178,.F.);
#4167 = FACE_BOUND('',#4168,.T.);
#4168 = EDGE_LOOP('',(#4169,#4170,#4176,#4177));
#4169 = ORIENTED_EDGE('',*,*,#1124,.T.);
#4170 = ORIENTED_EDGE('',*,*,#4171,.T.);
#4171 = EDGE_CURVE('',#1125,#2376,#4172,.T.);
#4172 = LINE('',#4173,#4174);
#4173 = CARTESIAN_POINT('',(107.25,-86.36,-4.5E-02));
#4174 = VECTOR('',#4175,1.);
#4175 = DIRECTION('',(0.,0.,1.));
#4176 = ORIENTED_EDGE('',*,*,#2375,.F.);
#4177 = ORIENTED_EDGE('',*,*,#4171,.F.);
#4178 = CYLINDRICAL_SURFACE('',#4179,0.5);
#4179 = AXIS2_PLACEMENT_3D('',#4180,#4181,#4182);
#4180 = CARTESIAN_POINT('',(107.25,-85.86,-4.5E-02));
#4181 = DIRECTION('',(-0.,-0.,-1.));
#4182 = DIRECTION('',(-0.,-1.,0.));
#4183 = ADVANCED_FACE('',(#4184),#4195,.F.);
#4184 = FACE_BOUND('',#4185,.T.);
#4185 = EDGE_LOOP('',(#4186,#4187,#4193,#4194));
#4186 = ORIENTED_EDGE('',*,*,#1135,.T.);
#4187 = ORIENTED_EDGE('',*,*,#4188,.T.);
#4188 = EDGE_CURVE('',#1136,#2387,#4189,.T.);
#4189 = LINE('',#4190,#4191);
#4190 = CARTESIAN_POINT('',(107.25,-83.82,-4.5E-02));
#4191 = VECTOR('',#4192,1.);
#4192 = DIRECTION('',(0.,0.,1.));
#4193 = ORIENTED_EDGE('',*,*,#2386,.F.);
#4194 = ORIENTED_EDGE('',*,*,#4188,.F.);
#4195 = CYLINDRICAL_SURFACE('',#4196,0.5);
#4196 = AXIS2_PLACEMENT_3D('',#4197,#4198,#4199);
#4197 = CARTESIAN_POINT('',(107.25,-83.32,-4.5E-02));
#4198 = DIRECTION('',(-0.,-0.,-1.));
#4199 = DIRECTION('',(-0.,-1.,0.));
#4200 = ADVANCED_FACE('',(#4201),#4212,.F.);
#4201 = FACE_BOUND('',#4202,.T.);
#4202 = EDGE_LOOP('',(#4203,#4204,#4210,#4211));
#4203 = ORIENTED_EDGE('',*,*,#1146,.T.);
#4204 = ORIENTED_EDGE('',*,*,#4205,.T.);
#4205 = EDGE_CURVE('',#1147,#2398,#4206,.T.);
#4206 = LINE('',#4207,#4208);
#4207 = CARTESIAN_POINT('',(107.25,-81.28,-4.5E-02));
#4208 = VECTOR('',#4209,1.);
#4209 = DIRECTION('',(0.,0.,1.));
#4210 = ORIENTED_EDGE('',*,*,#2397,.F.);
#4211 = ORIENTED_EDGE('',*,*,#4205,.F.);
#4212 = CYLINDRICAL_SURFACE('',#4213,0.5);
#4213 = AXIS2_PLACEMENT_3D('',#4214,#4215,#4216);
#4214 = CARTESIAN_POINT('',(107.25,-80.78,-4.5E-02));
#4215 = DIRECTION('',(-0.,-0.,-1.));
#4216 = DIRECTION('',(-0.,-1.,0.));
#4217 = ADVANCED_FACE('',(#4218),#4229,.F.);
#4218 = FACE_BOUND('',#4219,.T.);
#4219 = EDGE_LOOP('',(#4220,#4221,#4227,#4228));
#4220 = ORIENTED_EDGE('',*,*,#1157,.T.);
#4221 = ORIENTED_EDGE('',*,*,#4222,.T.);
#4222 = EDGE_CURVE('',#1158,#2409,#4223,.T.);
#4223 = LINE('',#4224,#4225);
#4224 = CARTESIAN_POINT('',(107.25,-78.74,-4.5E-02));
#4225 = VECTOR('',#4226,1.);
#4226 = DIRECTION('',(0.,0.,1.));
#4227 = ORIENTED_EDGE('',*,*,#2408,.F.);
#4228 = ORIENTED_EDGE('',*,*,#4222,.F.);
#4229 = CYLINDRICAL_SURFACE('',#4230,0.5);
#4230 = AXIS2_PLACEMENT_3D('',#4231,#4232,#4233);
#4231 = CARTESIAN_POINT('',(107.25,-78.24,-4.5E-02));
#4232 = DIRECTION('',(-0.,-0.,-1.));
#4233 = DIRECTION('',(-0.,-1.,0.));
#4234 = ADVANCED_FACE('',(#4235),#4246,.F.);
#4235 = FACE_BOUND('',#4236,.T.);
#4236 = EDGE_LOOP('',(#4237,#4238,#4244,#4245));
#4237 = ORIENTED_EDGE('',*,*,#1168,.T.);
#4238 = ORIENTED_EDGE('',*,*,#4239,.T.);
#4239 = EDGE_CURVE('',#1169,#2420,#4240,.T.);
#4240 = LINE('',#4241,#4242);
#4241 = CARTESIAN_POINT('',(114.955,-101.5,-4.5E-02));
#4242 = VECTOR('',#4243,1.);
#4243 = DIRECTION('',(0.,0.,1.));
#4244 = ORIENTED_EDGE('',*,*,#2419,.F.);
#4245 = ORIENTED_EDGE('',*,*,#4239,.F.);
#4246 = CYLINDRICAL_SURFACE('',#4247,0.5);
#4247 = AXIS2_PLACEMENT_3D('',#4248,#4249,#4250);
#4248 = CARTESIAN_POINT('',(114.955,-101.,-4.5E-02));
#4249 = DIRECTION('',(-0.,-0.,-1.));
#4250 = DIRECTION('',(-0.,-1.,0.));
#4251 = ADVANCED_FACE('',(#4252),#4263,.F.);
#4252 = FACE_BOUND('',#4253,.T.);
#4253 = EDGE_LOOP('',(#4254,#4255,#4261,#4262));
#4254 = ORIENTED_EDGE('',*,*,#1179,.T.);
#4255 = ORIENTED_EDGE('',*,*,#4256,.T.);
#4256 = EDGE_CURVE('',#1180,#2431,#4257,.T.);
#4257 = LINE('',#4258,#4259);
#4258 = CARTESIAN_POINT('',(114.955,-96.5,-4.5E-02));
#4259 = VECTOR('',#4260,1.);
#4260 = DIRECTION('',(0.,0.,1.));
#4261 = ORIENTED_EDGE('',*,*,#2430,.F.);
#4262 = ORIENTED_EDGE('',*,*,#4256,.F.);
#4263 = CYLINDRICAL_SURFACE('',#4264,0.5);
#4264 = AXIS2_PLACEMENT_3D('',#4265,#4266,#4267);
#4265 = CARTESIAN_POINT('',(114.955,-96.,-4.5E-02));
#4266 = DIRECTION('',(-0.,-0.,-1.));
#4267 = DIRECTION('',(-0.,-1.,0.));
#4268 = ADVANCED_FACE('',(#4269),#4280,.F.);
#4269 = FACE_BOUND('',#4270,.T.);
#4270 = EDGE_LOOP('',(#4271,#4272,#4278,#4279));
#4271 = ORIENTED_EDGE('',*,*,#1190,.T.);
#4272 = ORIENTED_EDGE('',*,*,#4273,.T.);
#4273 = EDGE_CURVE('',#1191,#2442,#4274,.T.);
#4274 = LINE('',#4275,#4276);
#4275 = CARTESIAN_POINT('',(114.955,-89.5,-4.5E-02));
#4276 = VECTOR('',#4277,1.);
#4277 = DIRECTION('',(0.,0.,1.));
#4278 = ORIENTED_EDGE('',*,*,#2441,.F.);
#4279 = ORIENTED_EDGE('',*,*,#4273,.F.);
#4280 = CYLINDRICAL_SURFACE('',#4281,0.5);
#4281 = AXIS2_PLACEMENT_3D('',#4282,#4283,#4284);
#4282 = CARTESIAN_POINT('',(114.955,-89.,-4.5E-02));
#4283 = DIRECTION('',(-0.,-0.,-1.));
#4284 = DIRECTION('',(-0.,-1.,0.));
#4285 = ADVANCED_FACE('',(#4286),#4297,.F.);
#4286 = FACE_BOUND('',#4287,.T.);
#4287 = EDGE_LOOP('',(#4288,#4289,#4295,#4296));
#4288 = ORIENTED_EDGE('',*,*,#1201,.T.);
#4289 = ORIENTED_EDGE('',*,*,#4290,.T.);
#4290 = EDGE_CURVE('',#1202,#2453,#4291,.T.);
#4291 = LINE('',#4292,#4293);
#4292 = CARTESIAN_POINT('',(114.955,-84.5,-4.5E-02));
#4293 = VECTOR('',#4294,1.);
#4294 = DIRECTION('',(0.,0.,1.));
#4295 = ORIENTED_EDGE('',*,*,#2452,.F.);
#4296 = ORIENTED_EDGE('',*,*,#4290,.F.);
#4297 = CYLINDRICAL_SURFACE('',#4298,0.5);
#4298 = AXIS2_PLACEMENT_3D('',#4299,#4300,#4301);
#4299 = CARTESIAN_POINT('',(114.955,-84.,-4.5E-02));
#4300 = DIRECTION('',(-0.,-0.,-1.));
#4301 = DIRECTION('',(-0.,-1.,0.));
#4302 = ADVANCED_FACE('',(#4303),#4314,.F.);
#4303 = FACE_BOUND('',#4304,.T.);
#4304 = EDGE_LOOP('',(#4305,#4306,#4312,#4313));
#4305 = ORIENTED_EDGE('',*,*,#1212,.T.);
#4306 = ORIENTED_EDGE('',*,*,#4307,.T.);
#4307 = EDGE_CURVE('',#1213,#2464,#4308,.T.);
#4308 = LINE('',#4309,#4310);
#4309 = CARTESIAN_POINT('',(114.955,-77.5,-4.5E-02));
#4310 = VECTOR('',#4311,1.);
#4311 = DIRECTION('',(0.,0.,1.));
#4312 = ORIENTED_EDGE('',*,*,#2463,.F.);
#4313 = ORIENTED_EDGE('',*,*,#4307,.F.);
#4314 = CYLINDRICAL_SURFACE('',#4315,0.5);
#4315 = AXIS2_PLACEMENT_3D('',#4316,#4317,#4318);
#4316 = CARTESIAN_POINT('',(114.955,-77.,-4.5E-02));
#4317 = DIRECTION('',(-0.,-0.,-1.));
#4318 = DIRECTION('',(-0.,-1.,0.));
#4319 = ADVANCED_FACE('',(#4320),#4331,.F.);
#4320 = FACE_BOUND('',#4321,.T.);
#4321 = EDGE_LOOP('',(#4322,#4323,#4329,#4330));
#4322 = ORIENTED_EDGE('',*,*,#1223,.T.);
#4323 = ORIENTED_EDGE('',*,*,#4324,.T.);
#4324 = EDGE_CURVE('',#1224,#2475,#4325,.T.);
#4325 = LINE('',#4326,#4327);
#4326 = CARTESIAN_POINT('',(107.25,-76.2,-4.5E-02));
#4327 = VECTOR('',#4328,1.);
#4328 = DIRECTION('',(0.,0.,1.));
#4329 = ORIENTED_EDGE('',*,*,#2474,.F.);
#4330 = ORIENTED_EDGE('',*,*,#4324,.F.);
#4331 = CYLINDRICAL_SURFACE('',#4332,0.5);
#4332 = AXIS2_PLACEMENT_3D('',#4333,#4334,#4335);
#4333 = CARTESIAN_POINT('',(107.25,-75.7,-4.5E-02));
#4334 = DIRECTION('',(-0.,-0.,-1.));
#4335 = DIRECTION('',(-0.,-1.,0.));
#4336 = ADVANCED_FACE('',(#4337),#4348,.F.);
#4337 = FACE_BOUND('',#4338,.T.);
#4338 = EDGE_LOOP('',(#4339,#4340,#4346,#4347));
#4339 = ORIENTED_EDGE('',*,*,#1234,.T.);
#4340 = ORIENTED_EDGE('',*,*,#4341,.T.);
#4341 = EDGE_CURVE('',#1235,#2486,#4342,.T.);
#4342 = LINE('',#4343,#4344);
#4343 = CARTESIAN_POINT('',(107.25,-73.66,-4.5E-02));
#4344 = VECTOR('',#4345,1.);
#4345 = DIRECTION('',(0.,0.,1.));
#4346 = ORIENTED_EDGE('',*,*,#2485,.F.);
#4347 = ORIENTED_EDGE('',*,*,#4341,.F.);
#4348 = CYLINDRICAL_SURFACE('',#4349,0.5);
#4349 = AXIS2_PLACEMENT_3D('',#4350,#4351,#4352);
#4350 = CARTESIAN_POINT('',(107.25,-73.16,-4.5E-02));
#4351 = DIRECTION('',(-0.,-0.,-1.));
#4352 = DIRECTION('',(-0.,-1.,0.));
#4353 = ADVANCED_FACE('',(#4354),#4365,.F.);
#4354 = FACE_BOUND('',#4355,.T.);
#4355 = EDGE_LOOP('',(#4356,#4357,#4363,#4364));
#4356 = ORIENTED_EDGE('',*,*,#1245,.T.);
#4357 = ORIENTED_EDGE('',*,*,#4358,.T.);
#4358 = EDGE_CURVE('',#1246,#2497,#4359,.T.);
#4359 = LINE('',#4360,#4361);
#4360 = CARTESIAN_POINT('',(107.25,-71.12,-4.5E-02));
#4361 = VECTOR('',#4362,1.);
#4362 = DIRECTION('',(0.,0.,1.));
#4363 = ORIENTED_EDGE('',*,*,#2496,.F.);
#4364 = ORIENTED_EDGE('',*,*,#4358,.F.);
#4365 = CYLINDRICAL_SURFACE('',#4366,0.5);
#4366 = AXIS2_PLACEMENT_3D('',#4367,#4368,#4369);
#4367 = CARTESIAN_POINT('',(107.25,-70.62,-4.5E-02));
#4368 = DIRECTION('',(-0.,-0.,-1.));
#4369 = DIRECTION('',(-0.,-1.,0.));
#4370 = ADVANCED_FACE('',(#4371),#4382,.F.);
#4371 = FACE_BOUND('',#4372,.T.);
#4372 = EDGE_LOOP('',(#4373,#4374,#4380,#4381));
#4373 = ORIENTED_EDGE('',*,*,#1256,.T.);
#4374 = ORIENTED_EDGE('',*,*,#4375,.T.);
#4375 = EDGE_CURVE('',#1257,#2508,#4376,.T.);
#4376 = LINE('',#4377,#4378);
#4377 = CARTESIAN_POINT('',(107.25,-68.58,-4.5E-02));
#4378 = VECTOR('',#4379,1.);
#4379 = DIRECTION('',(0.,0.,1.));
#4380 = ORIENTED_EDGE('',*,*,#2507,.F.);
#4381 = ORIENTED_EDGE('',*,*,#4375,.F.);
#4382 = CYLINDRICAL_SURFACE('',#4383,0.5);
#4383 = AXIS2_PLACEMENT_3D('',#4384,#4385,#4386);
#4384 = CARTESIAN_POINT('',(107.25,-68.08,-4.5E-02));
#4385 = DIRECTION('',(-0.,-0.,-1.));
#4386 = DIRECTION('',(-0.,-1.,0.));
#4387 = ADVANCED_FACE('',(#4388),#4399,.F.);
#4388 = FACE_BOUND('',#4389,.T.);
#4389 = EDGE_LOOP('',(#4390,#4391,#4397,#4398));
#4390 = ORIENTED_EDGE('',*,*,#1267,.T.);
#4391 = ORIENTED_EDGE('',*,*,#4392,.T.);
#4392 = EDGE_CURVE('',#1268,#2519,#4393,.T.);
#4393 = LINE('',#4394,#4395);
#4394 = CARTESIAN_POINT('',(107.25,-66.04,-4.5E-02));
#4395 = VECTOR('',#4396,1.);
#4396 = DIRECTION('',(0.,0.,1.));
#4397 = ORIENTED_EDGE('',*,*,#2518,.F.);
#4398 = ORIENTED_EDGE('',*,*,#4392,.F.);
#4399 = CYLINDRICAL_SURFACE('',#4400,0.5);
#4400 = AXIS2_PLACEMENT_3D('',#4401,#4402,#4403);
#4401 = CARTESIAN_POINT('',(107.25,-65.54,-4.5E-02));
#4402 = DIRECTION('',(-0.,-0.,-1.));
#4403 = DIRECTION('',(-0.,-1.,0.));
#4404 = ADVANCED_FACE('',(#4405),#4416,.F.);
#4405 = FACE_BOUND('',#4406,.T.);
#4406 = EDGE_LOOP('',(#4407,#4408,#4414,#4415));
#4407 = ORIENTED_EDGE('',*,*,#1278,.T.);
#4408 = ORIENTED_EDGE('',*,*,#4409,.T.);
#4409 = EDGE_CURVE('',#1279,#2530,#4410,.T.);
#4410 = LINE('',#4411,#4412);
#4411 = CARTESIAN_POINT('',(96.13,-51.22,-4.5E-02));
#4412 = VECTOR('',#4413,1.);
#4413 = DIRECTION('',(0.,0.,1.));
#4414 = ORIENTED_EDGE('',*,*,#2529,.F.);
#4415 = ORIENTED_EDGE('',*,*,#4409,.F.);
#4416 = CYLINDRICAL_SURFACE('',#4417,0.5);
#4417 = AXIS2_PLACEMENT_3D('',#4418,#4419,#4420);
#4418 = CARTESIAN_POINT('',(96.13,-50.72,-4.5E-02));
#4419 = DIRECTION('',(-0.,-0.,-1.));
#4420 = DIRECTION('',(-0.,-1.,0.));
#4421 = ADVANCED_FACE('',(#4422),#4433,.F.);
#4422 = FACE_BOUND('',#4423,.T.);
#4423 = EDGE_LOOP('',(#4424,#4425,#4431,#4432));
#4424 = ORIENTED_EDGE('',*,*,#1289,.T.);
#4425 = ORIENTED_EDGE('',*,*,#4426,.T.);
#4426 = EDGE_CURVE('',#1290,#2541,#4427,.T.);
#4427 = LINE('',#4428,#4429);
#4428 = CARTESIAN_POINT('',(98.67,-51.22,-4.5E-02));
#4429 = VECTOR('',#4430,1.);
#4430 = DIRECTION('',(0.,0.,1.));
#4431 = ORIENTED_EDGE('',*,*,#2540,.F.);
#4432 = ORIENTED_EDGE('',*,*,#4426,.F.);
#4433 = CYLINDRICAL_SURFACE('',#4434,0.5);
#4434 = AXIS2_PLACEMENT_3D('',#4435,#4436,#4437);
#4435 = CARTESIAN_POINT('',(98.67,-50.72,-4.5E-02));
#4436 = DIRECTION('',(-0.,-0.,-1.));
#4437 = DIRECTION('',(-0.,-1.,0.));
#4438 = ADVANCED_FACE('',(#4439),#4450,.F.);
#4439 = FACE_BOUND('',#4440,.T.);
#4440 = EDGE_LOOP('',(#4441,#4442,#4448,#4449));
#4441 = ORIENTED_EDGE('',*,*,#1300,.T.);
#4442 = ORIENTED_EDGE('',*,*,#4443,.T.);
#4443 = EDGE_CURVE('',#1301,#2552,#4444,.T.);
#4444 = LINE('',#4445,#4446);
#4445 = CARTESIAN_POINT('',(101.21,-51.22,-4.5E-02));
#4446 = VECTOR('',#4447,1.);
#4447 = DIRECTION('',(0.,0.,1.));
#4448 = ORIENTED_EDGE('',*,*,#2551,.F.);
#4449 = ORIENTED_EDGE('',*,*,#4443,.F.);
#4450 = CYLINDRICAL_SURFACE('',#4451,0.5);
#4451 = AXIS2_PLACEMENT_3D('',#4452,#4453,#4454);
#4452 = CARTESIAN_POINT('',(101.21,-50.72,-4.5E-02));
#4453 = DIRECTION('',(-0.,-0.,-1.));
#4454 = DIRECTION('',(-0.,-1.,0.));
#4455 = ADVANCED_FACE('',(#4456),#4467,.F.);
#4456 = FACE_BOUND('',#4457,.T.);
#4457 = EDGE_LOOP('',(#4458,#4459,#4465,#4466));
#4458 = ORIENTED_EDGE('',*,*,#1311,.T.);
#4459 = ORIENTED_EDGE('',*,*,#4460,.T.);
#4460 = EDGE_CURVE('',#1312,#2563,#4461,.T.);
#4461 = LINE('',#4462,#4463);
#4462 = CARTESIAN_POINT('',(107.25,-63.5,-4.5E-02));
#4463 = VECTOR('',#4464,1.);
#4464 = DIRECTION('',(0.,0.,1.));
#4465 = ORIENTED_EDGE('',*,*,#2562,.F.);
#4466 = ORIENTED_EDGE('',*,*,#4460,.F.);
#4467 = CYLINDRICAL_SURFACE('',#4468,0.5);
#4468 = AXIS2_PLACEMENT_3D('',#4469,#4470,#4471);
#4469 = CARTESIAN_POINT('',(107.25,-63.,-4.5E-02));
#4470 = DIRECTION('',(-0.,-0.,-1.));
#4471 = DIRECTION('',(-0.,-1.,0.));
#4472 = ADVANCED_FACE('',(#4473),#4484,.F.);
#4473 = FACE_BOUND('',#4474,.T.);
#4474 = EDGE_LOOP('',(#4475,#4476,#4482,#4483));
#4475 = ORIENTED_EDGE('',*,*,#1322,.T.);
#4476 = ORIENTED_EDGE('',*,*,#4477,.T.);
#4477 = EDGE_CURVE('',#1323,#2574,#4478,.T.);
#4478 = LINE('',#4479,#4480);
#4479 = CARTESIAN_POINT('',(103.75,-51.22,-4.5E-02));
#4480 = VECTOR('',#4481,1.);
#4481 = DIRECTION('',(0.,0.,1.));
#4482 = ORIENTED_EDGE('',*,*,#2573,.F.);
#4483 = ORIENTED_EDGE('',*,*,#4477,.F.);
#4484 = CYLINDRICAL_SURFACE('',#4485,0.5);
#4485 = AXIS2_PLACEMENT_3D('',#4486,#4487,#4488);
#4486 = CARTESIAN_POINT('',(103.75,-50.72,-4.5E-02));
#4487 = DIRECTION('',(-0.,-0.,-1.));
#4488 = DIRECTION('',(-0.,-1.,0.));
#4489 = ADVANCED_FACE('',(#4490),#4501,.F.);
#4490 = FACE_BOUND('',#4491,.T.);
#4491 = EDGE_LOOP('',(#4492,#4493,#4499,#4500));
#4492 = ORIENTED_EDGE('',*,*,#1333,.T.);
#4493 = ORIENTED_EDGE('',*,*,#4494,.T.);
#4494 = EDGE_CURVE('',#1334,#2585,#4495,.T.);
#4495 = LINE('',#4496,#4497);
#4496 = CARTESIAN_POINT('',(114.955,-72.5,-4.5E-02));
#4497 = VECTOR('',#4498,1.);
#4498 = DIRECTION('',(0.,0.,1.));
#4499 = ORIENTED_EDGE('',*,*,#2584,.F.);
#4500 = ORIENTED_EDGE('',*,*,#4494,.F.);
#4501 = CYLINDRICAL_SURFACE('',#4502,0.5);
#4502 = AXIS2_PLACEMENT_3D('',#4503,#4504,#4505);
#4503 = CARTESIAN_POINT('',(114.955,-72.,-4.5E-02));
#4504 = DIRECTION('',(-0.,-0.,-1.));
#4505 = DIRECTION('',(-0.,-1.,0.));
#4506 = ADVANCED_FACE('',(#4507),#4518,.F.);
#4507 = FACE_BOUND('',#4508,.T.);
#4508 = EDGE_LOOP('',(#4509,#4510,#4516,#4517));
#4509 = ORIENTED_EDGE('',*,*,#1344,.T.);
#4510 = ORIENTED_EDGE('',*,*,#4511,.T.);
#4511 = EDGE_CURVE('',#1345,#2596,#4512,.T.);
#4512 = LINE('',#4513,#4514);
#4513 = CARTESIAN_POINT('',(118.01,-65.58,-4.5E-02));
#4514 = VECTOR('',#4515,1.);
#4515 = DIRECTION('',(0.,0.,1.));
#4516 = ORIENTED_EDGE('',*,*,#2595,.F.);
#4517 = ORIENTED_EDGE('',*,*,#4511,.F.);
#4518 = CYLINDRICAL_SURFACE('',#4519,0.5);
#4519 = AXIS2_PLACEMENT_3D('',#4520,#4521,#4522);
#4520 = CARTESIAN_POINT('',(118.01,-65.08,-4.5E-02));
#4521 = DIRECTION('',(-0.,-0.,-1.));
#4522 = DIRECTION('',(-0.,-1.,0.));
#4523 = ADVANCED_FACE('',(#4524),#4535,.F.);
#4524 = FACE_BOUND('',#4525,.T.);
#4525 = EDGE_LOOP('',(#4526,#4527,#4533,#4534));
#4526 = ORIENTED_EDGE('',*,*,#1355,.T.);
#4527 = ORIENTED_EDGE('',*,*,#4528,.T.);
#4528 = EDGE_CURVE('',#1356,#2607,#4529,.T.);
#4529 = LINE('',#4530,#4531);
#4530 = CARTESIAN_POINT('',(118.01,-63.04,-4.5E-02));
#4531 = VECTOR('',#4532,1.);
#4532 = DIRECTION('',(0.,0.,1.));
#4533 = ORIENTED_EDGE('',*,*,#2606,.F.);
#4534 = ORIENTED_EDGE('',*,*,#4528,.F.);
#4535 = CYLINDRICAL_SURFACE('',#4536,0.5);
#4536 = AXIS2_PLACEMENT_3D('',#4537,#4538,#4539);
#4537 = CARTESIAN_POINT('',(118.01,-62.54,-4.5E-02));
#4538 = DIRECTION('',(-0.,-0.,-1.));
#4539 = DIRECTION('',(-0.,-1.,0.));
#4540 = ADVANCED_FACE('',(#4541),#4552,.F.);
#4541 = FACE_BOUND('',#4542,.T.);
#4542 = EDGE_LOOP('',(#4543,#4544,#4550,#4551));
#4543 = ORIENTED_EDGE('',*,*,#1366,.T.);
#4544 = ORIENTED_EDGE('',*,*,#4545,.T.);
#4545 = EDGE_CURVE('',#1367,#2618,#4546,.T.);
#4546 = LINE('',#4547,#4548);
#4547 = CARTESIAN_POINT('',(118.01,-60.5,-4.5E-02));
#4548 = VECTOR('',#4549,1.);
#4549 = DIRECTION('',(0.,0.,1.));
#4550 = ORIENTED_EDGE('',*,*,#2617,.F.);
#4551 = ORIENTED_EDGE('',*,*,#4545,.F.);
#4552 = CYLINDRICAL_SURFACE('',#4553,0.5);
#4553 = AXIS2_PLACEMENT_3D('',#4554,#4555,#4556);
#4554 = CARTESIAN_POINT('',(118.01,-60.,-4.5E-02));
#4555 = DIRECTION('',(-0.,-0.,-1.));
#4556 = DIRECTION('',(-0.,-1.,0.));
#4557 = ADVANCED_FACE('',(#4558),#4569,.F.);
#4558 = FACE_BOUND('',#4559,.T.);
#4559 = EDGE_LOOP('',(#4560,#4561,#4567,#4568));
#4560 = ORIENTED_EDGE('',*,*,#1377,.T.);
#4561 = ORIENTED_EDGE('',*,*,#4562,.T.);
#4562 = EDGE_CURVE('',#1378,#2629,#4563,.T.);
#4563 = LINE('',#4564,#4565);
#4564 = CARTESIAN_POINT('',(122.505,-52.24,-4.5E-02));
#4565 = VECTOR('',#4566,1.);
#4566 = DIRECTION('',(0.,0.,1.));
#4567 = ORIENTED_EDGE('',*,*,#2628,.F.);
#4568 = ORIENTED_EDGE('',*,*,#4562,.F.);
#4569 = CYLINDRICAL_SURFACE('',#4570,1.1);
#4570 = AXIS2_PLACEMENT_3D('',#4571,#4572,#4573);
#4571 = CARTESIAN_POINT('',(122.505,-51.14,-4.5E-02));
#4572 = DIRECTION('',(-0.,-0.,-1.));
#4573 = DIRECTION('',(-0.,-1.,0.));
#4574 = ( GEOMETRIC_REPRESENTATION_CONTEXT(3) 
GLOBAL_UNCERTAINTY_ASSIGNED_CONTEXT((#4578)) 
GLOBAL_UNIT_ASSIGNED_CONTEXT((#4575,#4576,#4577)) REPRESENTATION_CONTEXT
('Context #1','3D Context with UNIT and UNCERTAINTY') );
#4575 = ( LENGTH_UNIT() NAMED_UNIT(*) SI_UNIT(.MILLI.,.METRE.) );
#4576 = ( NAMED_UNIT(*) PLANE_ANGLE_UNIT() SI_UNIT($,.RADIAN.) );
#4577 = ( NAMED_UNIT(*) SI_UNIT($,.STERADIAN.) SOLID_ANGLE_UNIT() );
#4578 = UNCERTAINTY_MEASURE_WITH_UNIT(LENGTH_MEASURE(1.E-07),#4575,
  'distance_accuracy_value','confusion accuracy');
#4579 = CONTEXT_DEPENDENT_SHAPE_REPRESENTATION(#4580,#4582);
#4580 = ( REPRESENTATION_RELATIONSHIP('','',#32,#10) 
REPRESENTATION_RELATIONSHIP_WITH_TRANSFORMATION(#4581) 
SHAPE_REPRESENTATION_RELATIONSHIP() );
#4581 = ITEM_DEFINED_TRANSFORMATION('','',#11,#15);
#4582 = PRODUCT_DEFINITION_SHAPE('Placement','Placement of an item',
  #4583);
#4583 = NEXT_ASSEMBLY_USAGE_OCCURRENCE('1','=>[0:1:1:2]','',#5,#27,$);
#4584 = PRODUCT_RELATED_PRODUCT_CATEGORY('part',$,(#29));
#4585 = MECHANICAL_DESIGN_GEOMETRIC_PRESENTATION_REPRESENTATION('',(
    #4586),#4574);
#4586 = STYLED_ITEM('color',(#4587),#33);
#4587 = PRESENTATION_STYLE_ASSIGNMENT((#4588));
#4588 = SURFACE_STYLE_USAGE(.BOTH.,#4589);
#4589 = SURFACE_SIDE_STYLE('',(#4590));
#4590 = SURFACE_STYLE_FILL_AREA(#4591);
#4591 = FILL_AREA_STYLE('',(#4592));
#4592 = FILL_AREA_STYLE_COLOUR('',#4593);
#4593 = COLOUR_RGB('',0.313304153717,0.484529207832,0.410020903123);
ENDSEC;
END-ISO-10303-21;
