:020000040800F2
:10000000000002203D6C000891640008996400081B
:10001000A1640008A9640008B164000800000000A1
:10002000000000000000000000000000B9640008AB
:10003000C764000800000000D5640008E3640008FD
:100040008D6C00088D6C00088D6C00088D6C0008AC
:100050008D6C00088D6C00088D6C0008F164000840
:100060008D6C00088D6C00088D6C000865650008BB
:100070008D6C00088D6C00088D6C00088D6C00087C
:100080008D6C00088D6C00088D6C0008000000006D
:100090000000000000000000000000008D6C00085F
:1000A0008D6C00088D6C00088D6C00088D6C00084C
:1000B00079650008DD680008A96A00088D6C0008F1
:1000C0008D6C00088D6C00088D6C00088D6C00082C
:1000D0008D6C00088D6C00088D6C0008000000001D
:1000E0008D6C00088D6C00088D6C0008000000000D
:1000F0000000000000000000000000008D6C0008FF
:10010000000000008D6C00088D6C00088D6C0008EC
:1001100000000000000000000000000000000000DF
:100120008D6C00088D6C00088D6C00088D6C0008CB
:100130008D6C0008000000000000000000000000BE
:100140000000000000000000000000008D6C0008AE
:100150008D6C00088D6C00088D6C00088D6C00089B
:100160008D6C00088D6C000800000000000000008D
:10017000000000000000000000000000000000007F
:10018000000000008D6C000800000000000000006E
:080190008D6C00088D6C000865
:1001980010B5054C237833B9044B13B10448AFF3B9
:1001A80000800123237010BD6400002000000000BF
:1001B80090B8000808B5034B1BB103490348AFF3D7
:1001C800008008BD000000006800002090B800080A
:1001D8004B1C012B98BF70472DE9F003911C9B081D
:1001E800B1F80480B1F802900A8831F802CC804452
:1001F800814402448444D9F80070D8F80060156836
:10020800DCF80040C9F80060C8F80070CCF800506D
:100218001460D9F80470D8F804605568DCF8044014
:10022800C9F80460C8F80470CCF804505460083168
:10023800013BD5D1BDE8F00370474B1C012B98BF9B
:1002480070472DE9F003911C9B08B1F80480B1F8C0
:1002580002900A8831F802CC00EB580800EB5909E3
:1002680000EB520200EB5C0CD9F80070D8F8006083
:100278001568DCF80040C9F80060C8F80070CCF8D0
:10028800005014600831013BDFD1BDE8F00370472E
:1002980081F0004102E000BF83F0004330B54FEA2F
:1002A80041044FEA430594EA050F08BF90EA020F9C
:1002B8001FBF54EA000C55EA020C7FEA645C7FEA2F
:1002C800655C00F0E2804FEA5454D4EB5555B8BF52
:1002D8006D420CDD2C4480EA020281EA030382EAC3
:1002E800000083EA010180EA020281EA0303362D55
:1002F80088BF30BD11F0004F4FEA01314FF4801C28
:100308004CEA113102D0404261EB410113F0004F39
:100318004FEA03334CEA133302D0524263EB4303F0
:1003280094EA050F00F0A780A4F10104D5F1200E8E
:100338000DDB02FA0EFC22FA05F2801841F10001E9
:1003480003FA0EF2801843FA05F359410EE0A5F1BD
:1003580020050EF1200E012A03FA0EFC28BF4CF0EE
:10036800020C43FA05F3C01851EBE37101F00045A4
:1003780007D54FF0000EDCF1000C7EEB00006EEBB1
:100388000101B1F5801F1BD3B1F5001F0CD349083B
:100398005FEA30004FEA3C0C04F101044FEA445292
:1003A80012F5800F80F09A80BCF1004F08BF5FEA19
:1003B800500C50F1000041EB045141EA050130BDF9
:1003C8005FEA4C0C404141EB0101013C28BFB1F50B
:1003D800801FE9D291F0000F04BF01460020B1FA56
:1003E80081F308BF2033A3F10B03B3F120020CDA29
:1003F8000C3208DD02F1140CC2F10C0201FA0CF007
:1004080021FA02F10CE002F11402D8BFC2F1200C6B
:1004180001FA02F120FA0CFCDCBF41EA0C01904021
:10042800E41AA2BF01EB0451294330BD6FEA04046A
:100438001F3C1CDA0C340EDC04F11404C4F1200255
:1004480020FA04F001FA02F340EA030021FA04F367
:1004580045EA030130BDC4F10C04C4F1200220FABE
:1004680002F001FA04F340EA0300294630BD21FAFC
:1004780004F0294630BD94F0000F83F4801306BFC2
:1004880081F480110134013D4EE77FEA645C18BFB6
:100498007FEA655C29D094EA050F08BF90EA020F4D
:1004A80005D054EA000C04BF1946104630BD91EA45
:1004B800030F1EBF0021002030BD5FEA545C05D148
:1004C8004000494128BF41F0004130BD14F5800487
:1004D8003CBF01F5801130BD01F0004545F0FE41FB
:1004E80041F470014FF0000030BD7FEA645C1ABF30
:1004F800194610467FEA655C1CBF0B46024650EA67
:10050800013406BF52EA033591EA030F41F4002192
:1005180030BD00BF90F0000F04BF0021704730B518
:100528004FF4806404F132044FF000054FF00001ED
:1005380050E700BF90F0000F04BF0021704730B5AE
:100548004FF4806404F1320410F0004548BF404283
:100558004FF000013EE700BF42004FEAE2014FEAD8
:1005680031014FEA02701FBF12F07F4393F07F4FB3
:1005780081F06051704732F07F4208BF704793F0B6
:100588007F4F04BF41F40021704730B54FF46074C9
:1005980001F0004521F000411CE700BF50EA0102CC
:1005A80008BF704730B54FF000050AE050EA010275
:1005B80008BF704730B511F0004502D5404261EBE5
:1005C80041014FF4806404F132045FEA915C3FF426
:1005D800D8AE4FF003025FEADC0C18BF03325FEAC3
:1005E800DC0C18BF033202EBDC02C2F1200300FA74
:1005F80003FC20FA02F001FA03FE40EA0E0021FA99
:1006080002F11444BDE600BF4FF0FF3C06E000BF16
:100618004FF0010C02E000BF4FF0010C4DF804CD83
:100628004FEA410C7FEA6C5C4FEA430C18BF7FEA43
:100638006C5C1BD001B050EA410C0CBF52EA430C71
:1006480091EA030F02BF90EA020F0020704710F1F1
:10065800000F91EA030F58BF994208BF90422CBF80
:10066800D8176FEAE37040F0010070474FEA410C79
:100678007FEA6C5C02D150EA013C07D14FEA430C97
:100688007FEA6C5CD6D152EA033CD3D05DF8040B08
:10069800704700BF8446104662468C46194663463A
:1006A80000E000BF01B5FFF7B7FF002848BF10F111
:1006B800000F01BD4DF808EDFFF7F4FF0CBF012056
:1006C80000205DF808FB00BF4DF808EDFFF7EAFFD2
:1006D80034BF012000205DF808FB00BF4DF808ED8D
:1006E800FFF7E0FF94BF012000205DF808FB00BF82
:1006F8004DF808EDFFF7CEFF94BF012000205DF80C
:1007080008FB00BF4DF808EDFFF7C4FF34BF012018
:1007180000205DF808FB00BF4A0011D212F5001254
:1007280011D20DD56FF47873B3EB62520ED44FEA41
:10073800C12343F0004343EA505323FA02F07047C1
:100748004FF00000704750EA013002D14FF0FF30FF
:1007580070474FF00000704753B94AB9002908BFE5
:1007680000281CBF4FF0FF314FF0FF3000F06AB98E
:10077800ADF1080C6DE904CE00F006F8DDF804E0F0
:10078800DDE9022304B070472DE9F047089D0C46C7
:10079800002B4ED194468C458646B2FA82F262D935
:1007A8004AB1C2F12003914020FA03F30CFA02FC8B
:1007B800194300FA02FE4FEA1C471FFA8CF6B1FBF8
:1007C800F7F44FEA1E4307FB141143EA014304FB05
:1007D80006F199420AD91CEB030304F1FF3080F0BB
:1007E8001281994240F20F81023C6344591A1FFA60
:1007F8008EF3B1FBF7F007FB101143EA014300FB4E
:1008080006F69E420AD91CEB030300F1FF3180F083
:10081800FC809E4240F2F980634402389B1B40EA08
:10082800044000211DB1D3400022C5E90032BDE8D3
:10083800F0878B4205D90DB1C5E9000100210846B2
:10084800F5E7B3FA83F1002946D1A34202D39042D7
:10085800C0F0F080861A64EB03030120002DE6D077
:10086800C5E90063E3E7002A40F09080A1EB0C049F
:100878004FEA1C481FFA8CF70121B4FBF8F64FEA3F
:100888001E4308FB164443EA044307FB06F098425C
:1008980008D91CEB030306F1FF3402D2984200F298
:1008A800CD8026461C1A1FFA8EF3B4FBF8F008FB1D
:1008B800104443EA044300FB07F79F4208D91CEBA6
:1008C800030300F1FF3402D29F4200F2B0802046B9
:1008D800DB1B40EA0640A5E7C1F120068B4022FA5F
:1008E80006F71F4320FA06FC04FA01F343EA0C0357
:1008F800F44000FA01F8380C4FEA1349B4FBF0FE53
:100908001FFA87FC00FB1E4449EA04440EFB0CF95D
:10091800A14502FA01F20AD93C190EF1FF3A80F01A
:100928008480A14540F28180AEF1020E3C44A4EBE4
:1009380009041FFA83F9B4FBF0F300FB134449EAF6
:10094800044403FB0CFCA44507D93C1903F1FF3010
:1009580067D2A44565D9023B3C4443EA0E40A0FB5C
:100968000293A4EB0C049C42CE469C4651D34ED035
:1009780055B1B8EB0E0364EB0C0404FA06F6CB4051
:100988001E43CC40C5E90064002150E7C2F12003B2
:1009980020FA03F10CFA02FC24FA03F394400C4306
:1009A8004FEA1C4800FA02FE1FFA8CF7B3FBF8F076
:1009B80008FB1031230C43EA014300FB07F199427D
:1009C80008D91CEB030300F1FF362CD299422AD92F
:1009D800023863445B1AA4B2B3FBF8F108FB113385
:1009E80044EA034401FB07F3A34208D91CEB0404BF
:1009F80001F1FF3613D2A34211D902396444E41A33
:100A080041EA004139E70446F0E6084606E7C845EA
:100A1800AED2B9EB020E63EB070C0138A8E73146FA
:100A2800EDE7034699E73046D4E7D6467FE76344C7
:100A380002384DE70646234608460FE7023E634460
:100A480030E700BF704700BFB0B5A6B002AFF8608E
:100A5800B9607A607B80FB68BA681A60FB687A685C
:100A68005A60FB687A881A82FB68D7F8A0209A60D7
:100A7800FB68B7F8A4205A82FB68D7F8A820DA6088
:100A8800FB68B7F8AC209A82FB68032283F822201F
:100A9800FB680022DA82FB6800221A837A4B07F18E
:100AA80064041D460FCD0FC40FCD0FC495E8030095
:100AB80084E803007A6EFB689A62FB68734ADA621C
:100AC800734B07F13C041D460FCD0FC40FCD0FC467
:100AD80095E8030084E80300FA6BFB681A63342086
:100AE8000AF0DAFC03461A46FB685A62002387F8C4
:100AF8008F3028E0FB685A6A97F88F309B00D4182B
:100B08000E200AF0C9FC03462360002387F88E30C4
:100B180010E0FB685A6A97F88F309B0013441A68F4
:100B280097F88E30134400221A7097F88E300133EC
:100B380087F88E3097F88E300D2BEAD997F88F30DA
:100B4800013387F88F3097F88F300C2BD2D9FB6898
:100B58005868FB681B8A0122194607F0BBF9FB6835
:100B68005868FB681B8A0022194607F0B3F9FB682E
:100B78009868FB685B8A0022194607F0ABF90520E4
:100B880006F0F4F8FB689868FB685B8A012219464E
:100B980007F0A0F901220121F86802F085F84FF466
:100BA8007A7006F0E3F801223621F86802F07CF842
:100BB800402387F8383007F1380101230122F8680B
:100BC80002F09CF80122F221F86802F06DF8032384
:100BD80087F8343007F1340101230122F86802F064
:100BE8008DF80122E021F86802F05EF8294B07F140
:100BF80024040FCB07C4238002341B0C237007F195
:100C0800240101230F22F86802F078F80122E1217B
:100C1800F86802F049F81F4B07F114040FCB07C41A
:100C2800238002341B0C237007F1140101230F22C7
:100C3800F86802F063F801221121F86802F034F82C
:100C480001222921F86802F02FF8FB685868FB6830
:100C58001B8A0122194607F03DF9FB689B6A194671
:100C6800F86800F037FF1F2300930B230F220121A0
:100C7800F86800F011F8F86800F0B8FF002318468B
:100C88009037BD46B0BD00BFA8B80008E5C07B00DE
:100C9800D0B80008F8B8000880B588B000AFF86090
:100CA800084611461A4603467B810B463B8113468C
:100CB800FB80FB685868FB681B8A0022194607F00E
:100CC80009F9FB687A895A83FB683A899A83FB6831
:100CD800FA88DA83FB683A8D1A842A23FB77FB6843
:100CE800D868FB689B8A0022194607F0F3F8FB686E
:100CF800186807F11F016423012209F024FD7B898C
:100D08001B0A9BB2DBB23B767B89DBB27B763B89E5
:100D18001B0A9BB2DBB2BB763B89DBB2FB76FB6876
:100D2800D868FB689B8A0122194607F0D3F8FB684C
:100D3800186807F118016423042209F004FD2B2325
:100D4800FB75FB68D868FB689B8A0022194607F088
:100D5800C1F8FB68186807F117016423012209F03C
:100D6800F2FCFB881B0A9BB2DBB23B74FB88DBB24C
:100D78007B743B8D1B0A9BB2DBB2BB743B8DDBB231
:100D8800FB74FB68D868FB689B8A0122194607F048
:100D9800A1F8FB68186807F110016423042209F020
:100DA800D2FCFB685868FB681B8A0122194607F0C9
:100DB80091F8002318462037BD4680BD80B588B01D
:100DC80000AFF860084611461A4603467B810B4679
:100DD8003B811346FB80FB685868FB681B8A00222E
:100DE800194607F077F8FB687A895A837A893B892C
:100DF80013449AB2FB689A83FB68FA88DA83FA8804
:100E08003B8D13449AB2FB681A842A23FB77FB684C
:100E1800D868FB689B8A0022194607F05BF8FB68D4
:100E2800186807F11F016423012209F08CFCFB6894
:100E38005B8B1B0A9BB2DBB23B76FB685B8BDBB23E
:100E48007B76FB689B8B1B0A9BB2DBB2BB76FB688D
:100E58009B8BDBB2FB76FB68D868FB689B8A012218
:100E6800194607F037F8FB68186807F1180164237A
:100E7800042209F068FC2B23FB75FB68D868FB6823
:100E88009B8A0022194607F025F8FB68186807F1C5
:100E980017016423012209F056FCFB68DB8B1B0A4F
:100EA8009BB2DBB23B74FB68DB8BDBB27B74FB6809
:100EB8001B8C1B0A9BB2DBB2BB74FB681B8CDBB2BE
:100EC800FB74FB68D868FB689B8A0122194607F007
:100ED80001F8FB68186807F110016423042209F07F
:100EE80032FCFB685868FB681B8A0122194606F029
:100EF800F1FF002318462037BD4680BD80B586B077
:100F080000AFF860B9601346FB80FB685868FB685F
:100F18001B8A0022194606F0DDFF01222C21F86801
:100F280001F0C2FE324B1B883B820023BB74BB68B6
:100F38001B681B0CDBB223F00303DBB23B74BB68FA
:100F48001B681B0ADBB223F00303DBB27B74BB68AC
:100F58001B68DBB223F00303DBB2BB7407F110019B
:100F680001230322F86801F0C9FE0123FB822EE069
:100F780001223C21F86801F097FEFB8A9B00BA68C1
:100F880013441B681B0CDBB223F00303DBB23B7476
:100F9800FB8A9B00BA6813441B681B0ADBB223F068
:100FA8000303DBB27B74FB8A9B00BA6813441B689B
:100FB800DBB223F00303DBB2BB7407F1100101239A
:100FC8000322F86801F09AFEFB8A0133FB82FA8A51
:100FD800FB889A42CCD3FB685868FB681B8A0122BD
:100FE800194606F077FF002318461837BD4680BD1E
:100FF80008B9000880B5DCB000AF07F5B873A3F5F1
:10100800B67318600A4607F5B873A3F26D131A7021
:1010180007F5B873A3F5B6731B6893F822301A4620
:1010280007F5B873A3F5B6731B6893F8223002FB73
:1010380003F38C2202FB03F318460AF02DFA034649
:10104800C7F8683107F5B873A3F26D131B78602BE6
:101058000AD907F5B873A3F26D1307F5B872A2F2AF
:101068006D121278203A1A7007F5B873A3F26D134F
:101078001B78412B0DD1B94A07F5AA7392E80300F2
:1010880018600433198002330A0C1A7007F5AA7322
:10109800ACE307F5B873A3F26D131B78422B0DD19F
:1010A800AF4A07F5A67392E8030018600433198065
:1010B80002330A0C1A7007F5A67397E307F5B8739D
:1010C800A3F26D131B78432B0DD1A64A07F5A27323
:1010D80092E8030018600433198002330A0C1A706E
:1010E80007F5A27382E307F5B873A3F26D131B78B3
:1010F800442B0DD19C4A07F59E7392E803001860B3
:101108000433198002330A0C1A7007F59E736DE3D5
:1011180007F5B873A3F26D131B78452B0DD1934ACD
:1011280007F59A7392E803001860043319800233B4
:101138000A0C1A7007F59A7358E307F5B873A3F207
:101148006D131B78462B0DD1894A07F5967392E8E3
:10115800030018600433198002330A0C1A7007F56B
:10116800967343E307F5B873A3F26D131B78472B07
:101178000DD1804A07F5927392E803001860043392
:10118800198002330A0C1A7007F592732EE307F5DB
:10119800B873A3F26D131B78482B0DD1764A07F567
:1011A8008E7392E8030018600433198002330A0C26
:1011B8001A7007F58E7319E307F5B873A3F26D1368
:1011C8001B78492B0DD16D4A07F58A7392E8030005
:1011D80018600433198002330A0C1A7007F58A73F1
:1011E80004E307F5B873A3F26D131B784A2B0DD1EE
:1011F800634A07F5867392E8030018600433198080
:1012080002330A0C1A7007F58673EFE207F5B87314
:10121800A3F26D131B784B2B0DD15A4A07F5827335
:1012280092E8030018600433198002330A0C1A701C
:1012380007F58273DAE207F5B873A3F26D131B782A
:101248004C2B0DD1504A07F1FC0392E803001860BB
:101258000433198002330A0C1A7007F1FC03C5E243
:1012680007F5B873A3F26D131B784D2B0DD1474AC0
:1012780007F1F40392E8030018600433198002337D
:101288000A0C1A7007F1F403B0E207F5B873A3F279
:101298006D131B784E2B0DD13D4A07F1EC0392E8F4
:1012A800030018600433198002330A0C1A7007F11E
:1012B800EC039BE207F5B873A3F26D131B784F2B71
:1012C8000DD1344A07F1E40392E8030018600433AF
:1012D800198002330A0C1A7007F1E40386E207F555
:1012E800B873A3F26D131B78502B0DD12A4A07F15E
:1012F800DC0392E8030018600433198002330A0CF7
:101308001A7007F1DC0371E207F5B873A3F26D13E5
:101318001B78512B0DD1214A07F1D40392E8030021
:1013280018600433198002330A0C1A7007F1D403C9
:101338005CE207F5B873A3F26D131B78522B31D119
:10134800174A07F1CC0392E80300186004331980A8
:1013580002330A0C1A7007F1CC0347E20CB90008F3
:1013680014B900081CB9000824B900082CB90008F1
:1013780034B900083CB9000844B900084CB9000861
:1013880054B900085CB9000864B900086CB90008D1
:1013980074B900087CB9000884B900088CB9000841
:1013A80094B9000807F5B873A3F26D131B78532B93
:1013B8000DD1BE4A07F1C40392E803001860043354
:1013C800198002330A0C1A7007F1C4030EE207F5FC
:1013D800B873A3F26D131B78542B0DD1B44A07F1DF
:1013E800BC0392E8030018600433198002330A0C26
:1013F8001A7007F1BC03F9E107F5B873A3F26D138E
:101408001B78552B0DD1AB4A07F1B40392E80300C2
:1014180018600433198002330A0C1A7007F1B403F8
:10142800E4E107F5B873A3F26D131B78562B0DD1C1
:10143800A14A07F1AC0392E803001860043319804D
:1014480002330A0C1A7007F1AC03CFE107F5B87341
:10145800A3F26D131B78572B0DD1984A07F1A403FB
:1014680092E8030018600433198002330A0C1A70DA
:1014780007F1A403BAE107F5B873A3F26D131B785B
:10148800582B0DD18E4A07F19C0392E8030018608F
:101498000433198002330A0C1A7007F19C03A5E182
:1014A80007F5B873A3F26D131B78592B0DD1854A34
:1014B80007F1940392E8030018600433198002339B
:1014C8000A0C1A7007F1940390E107F5B873A3F2B8
:1014D8006D131B785A2B0DD17B4A07F18C0392E8C8
:1014E800030018600433198002330A0C1A7007F1DC
:1014F8008C037BE107F5B873A3F26D131B782E2BD1
:101508000DD1724A07F1840392E80300186004338E
:10151800198002330A0C1A7007F1840366E107F593
:10152800B873A3F26D131B78202B08D107F17C0345
:1015380000221A60C3F8032007F17C0356E107F57F
:10154800B873A3F26D131B785C2B0DD1604A07F1B9
:10155800740392E8030018600433198002330A0CFC
:101568001A7007F1740341E107F5B873A3F26D131C
:101578001B787C2B0FD107F5B873A3F58273554AF6
:1015880092E8030018600433198002330A0C1A70B9
:1015980007F16C032AE107F5B873A3F26D131B7802
:1015A8002F2B0FD107F5B873A3F586734A4A92E833
:1015B800030018600433198002330A0C1A7007F10B
:1015C800640313E107F5B873A3F26D131B78302B8E
:1015D8000FD107F5B873A3F58A73404A92E8030060
:1015E80018600433198002330A0C1A7007F15C037F
:1015F800FCE007F5B873A3F26D131B78312B0FD1FC
:1016080007F5B873A3F58E73354A92E8030018609E
:101618000433198002330A0C1A7007F15403E5E009
:1016280007F5B873A3F26D131B78322B0FD107F5AA
:10163800B873A3F592732B4A92E803001860043339
:10164800198002330A0C1A7007F14C03CEE007F533
:10165800B873A3F26D131B78332B0FD107F5B8734A
:10166800A3F59673204A92E80300186004331980A2
:1016780002330A0C1A7007F14403B7E007F5B87390
:10168800A3F26D131B78342B32D107F5B873A3F589
:101698009A73164A92E803001860043319800233DB
:1016A8000A0C1A7007F13C03A0E000BF9CB90008BF
:1016B800A4B90008ACB90008B4B90008BCB900085E
:1016C800C4B90008CCB90008D4B90008DCB90008CE
:1016D800E4B90008ECB90008F4B90008FCB900083E
:1016E80004BA00080CBA000814BA00081CBA0008AA
:1016F80007F5B873A3F26D131B78352B0FD107F5D7
:10170800B873A3F59E73C14A92E8030018600433C6
:10171800198002330A0C1A7007F1340366E007F5E2
:10172800B873A3F26D131B78362B0FD107F5B87376
:10173800A3F5A273B64A92E803001860043319802F
:1017480002330A0C1A7007F12C034FE007F5B8733F
:10175800A3F26D131B78372B0FD107F5B873A3F5D8
:10176800A673AC4A92E80300186004331980023368
:101778000A0C1A7007F1240338E007F5B873A3F2CE
:101788006D131B78382B0FD107F5B873A3F5AA731F
:10179800A14A92E8030018600433198002330A0C46
:1017A8001A7007F11C0321E007F5B873A3F26D1353
:1017B8001B78392B0FD107F5B873A3F5AE73974A89
:1017C80092E8030018600433198002330A0C1A7077
:1017D80007F114030AE007F5B873A3F5B2731A46C4
:1017E80000231360C2F8033007F10C0307F5AE724B
:1017F8001868106099889B7991809371002387F805
:101808006F31ABE007F5B873A3F5B6731B6893F8AF
:1018180022301A469200134487F86E3194E007F597
:10182800B873A3F5B6731B6893F8223097F86F2145
:10183800B2FBF3F3DBB21846FEF77CFE02460B461A
:1018480010461946FEF768FF034687F8673197F890
:101858006E3107EE903AB8EE677A07F5B873A3F5DC
:10186800B6731B6893F8223007EE903AF8EE677A61
:10187800C7EE276A16EE900AFEF76EFE02460B4682
:1018880043EC102B09F084FF51EC100B4FF00002D1
:10189800634BFEF701FD02460B4610461946FEF75C
:1018A8003BFF034687F8663197F8673103F5B8734D
:1018B8003B4413F8143C1A4697F8663142FA03F38E
:1018C80003F00103002B1DD097F86F31013307F5A2
:1018D800B872A2F5B672126892F8222003FB02F2DF
:1018E80013469B001A4497F86E31D31A9B00D7F819
:1018F8006821134407F5B872A2F5B6721268D26A65
:101908001A601CE097F86F31013307F5B872A2F539
:10191800B672126892F8222003FB02F213469B006B
:101928001A4497F86E31D31A9B00D7F868211344EC
:1019380007F5B872A2F5B6721268926A1A6097F83B
:101948006E31013B87F86E3197F86E31002B7FF4CA
:1019580066AF97F86F31013387F86F3197F86F21C9
:1019680007F5B873A3F5B6731B6893F822301946C8
:101978000B46DB005B1A9A42FFF644AF07F5B873D3
:10198800A3F5B6731B6893F822301A4607F5B873A7
:10199800A3F5B6731B6893F8223012FB03F39BB2CE
:1019A8001A46920013441A46D200D31A9AB207F57F
:1019B800B873A3F5B673D7F868111868FFF79EFADD
:1019C800D7F8680109F070FD07F5B873A3F5B67389
:1019D8001B685A6A07F5B873A3F5B6731B681B8BA7
:1019E8009B0013441B6807F5B872A2F5B67212681B
:1019F800D28A134407F5B872A2F26D1212781A70DF
:101A08000023184607F5B877BD4680BD24BA0008FC
:101A18002CBA000834BA00083CBA000844BA0008D6
:101A28000000F03F90B585B002AF7860786800F0AC
:101A3800C6F97B68DB8A002B11D17B680D22DA821C
:101A48007B681B8B002B03D17B680C221A830CE06C
:101A58007B681B8B013B9AB27B681A8305E07B6825
:101A6800DB8A013B9AB27B68DA827B68DB8A1A469A
:101A7800120113449BB2013399B27B6893F8223068
:101A88001A46920013449BB2013B9AB27B681B8BA7
:101A9800184640001844C000C31A9BB20B3398B2D2
:101AA8007B6893F822301C46E400E31A9BB2013BA2
:101AB8009BB2009303467868FFF780F92021786885
:101AC800FFF798FA786800F091F8002318460C3769
:101AD800BD4690BD80B588B002AF786039607B683C
:101AE80058687B681B8A0022194606F0F3F97B6860
:101AF8005B8B7B827B689B8B3B827B68DB8BFB8170
:101B08007B681B8CBB8140F23F1300930023EF22BC
:101B180000217868FFF7C0F87B6858687B681B8AE3
:101B28000022194606F0D6F901222C21786801F026
:101B3800BBF83B681B0CDBB223F00303DBB23B7240
:101B48003B681B0ADBB223F00303DBB27B723B6802
:101B5800DBB223F00303DBB2BB727B68D8687B6817
:101B68009B8A0122194606F0B5F90123FB8214E08D
:101B78000023BB820AE07B68186807F10801642328
:101B8800032208F0E0FDBB8A0133BB82BB8AB3F5B0
:101B9800A07FF0D9FB8A0133FB82FB8AF02BE7D9BF
:101BA8007B6858687B681B8A0122194606F092F9FF
:101BB8007B687A8A5A837B683A8A9A837B68FA892F
:101BC800DA837B68BA891A847B68598B7B689A8B1D
:101BD8007B68D88B7B681B8C009303467868FFF77B
:101BE8005BF8002318461837BD4680BD80B588B01D
:101BF80002AF78607B6858687B681B8A00221946A8
:101C080006F068F97B685B8BBB827B689B8B7B8269
:101C18007B68DB8B3B827B681B8CFB817B685B8BE7
:101C2800013B99B27B689B8B01339AB27B681B8C12
:101C3800013398B27B681B8C02339BB20093034636
:101C48007868FFF729F87B6858687B681B8A002248
:101C5800194606F03FF901222C21786801F024F892
:101C68007B681B6B1B0CDBB223F00303DBB23B72FC
:101C78007B681B6B1B0ADBB223F00303DBB27B72AE
:101C88007B681B6BDBB223F00303DBB2BB727B68A0
:101C9800D8687B689B8A0122194606F01BF9002345
:101CA800FB750AE07B68186807F1080164230322C2
:101CB80008F049FDFB7D0133FB75FA7D7B689B8B42
:101CC80019467B685B8BCB1A9A42EBDB7B685868BA
:101CD8007B681B8A0122194606F0FCF87B68BA8AE1
:101CE8005A837B687A8A9A837B683A8ADA837B6824
:101CF800FA891A847B68598B7B689A8B7B68D88BA6
:101D08007B681B8C009303467868FEF7C5FF0023A9
:101D180018461837BD4680BD90B585B002AF7860CB
:101D2800786800F04CF87B68DB8A0D2B11D17B6852
:101D38000022DA827B681B8B0C2B03D17B68002284
:101D48001A830CE07B681B8B01339AB27B681A8379
:101D580005E07B68DB8A01339AB27B68DA827B68AC
:101D6800DB8A1A46120113449BB2013399B27B688D
:101D780093F822301A46920013449BB2013B9AB260
:101D88007B681B8B184640001844C000C31A9BB2DE
:101D98000B3398B27B6893F822301C46E400E31AB0
:101DA8009BB2013B9BB2009303467868FFF706F8A5
:101DB8007868FFF71BFF00BF0C37BD4690BD80B5A4
:101DC80088B002AF78607B6858687B681B8A0022FD
:101DD800194606F07FF87B685B8BBB827B689B8B20
:101DE8007B827B68DB8B3B827B681B8CFB817B68FF
:101DF8005B8B013B99B27B689B8B01339AB27B6802
:101E08001B8C013398B27B681B8C02339BB2009306
:101E180003467868FEF740FF7B6858687B681B8A32
:101E28000022194606F056F801222C21786800F0A5
:101E38003BFF7B689B6A1B0CDBB223F00303DBB21E
:101E48003B727B689B6A1B0ADBB223F00303DBB29D
:101E58007B727B689B6ADBB223F00303DBB2BB7245
:101E68007B68D8687B689B8A0122194606F032F89D
:101E78000023FB750AE07B68186807F108016423F2
:101E8800032208F060FCFB7D0133FB75FA7D7B685B
:101E98009B8B19467B685B8BCB1A9A42EBDB7B6882
:101EA80058687B681B8A0122194606F013F87B687C
:101EB800BA8A5A837B687A8A9A837B683A8ADA83F1
:101EC8007B68FA891A847B68598B7B689A8B7B6854
:101ED800D88B7B681B8C009303467868FEF7DCFE82
:101EE800002318461837BD4680BD90B585B002AFAF
:101EF80078607868FFF763FF7B6800221A835AE0EE
:101F08007B680022DA824CE07B685A6A7B681B8B0C
:101F18009B0013441B687A68D28A13441B78002BF1
:101F280039D07B685A6A7B681B8B9B0013441B68FB
:101F38007A68D28A13441B78202B2CD07B68DB8AE2
:101F48001A46120113449BB2013399B27B6893F885
:101F580022301A46920013449BB2013B9AB27B6826
:101F68001B8B184640001844C000C31A9BB20B33A1
:101F780098B27B6893F822301C46E400E31A9BB2BF
:101F8800013B9BB2009303467868FEF717FF2021B8
:101F98007868FFF72FF87B68DB8A01339AB27B6891
:101FA800DA827B68DB8A0D2BAED97B681B8B013309
:101FB8009AB27B681A837B681B8B0C2BA0D91F23D2
:101FC80000930B230F2201217868FEF765FE7B68DA
:101FD8000022DA827B6800221A837868FFF706FEFF
:101FE800002318460C37BD4690BD000080B5DEB012
:101FF80002AF07F5B873A3F5B673186007F5B873A1
:10200800A3F5B8731960002387F86F3100F046BD57
:102018008C2009F041FA0346C7F8683197F86F3108
:1020280007F5B872A2F5B872126813441B78602BD2
:1020380013D997F86F3107F5B872A2F5B87212681C
:1020480013441A7897F86F3107F5B871A1F5B8718C
:1020580009680B44203AD2B21A7097F86F3107F525
:10206800B872A2F5B872126813441B78412B0ED1CE
:10207800B74A07F5AA7392E8030018600433198079
:1020880002330A0C1A7007F5AA7300F043BC97F8DC
:102098006F3107F5B872A2F5B872126813441B784D
:1020A800422B0ED1AB4A07F5A67392E803001860DD
:1020B8000433198002330A0C1A7007F5A67300F06E
:1020C80029BC97F86F3107F5B872A2F5B872126893
:1020D80013441B78432B0ED19F4A07F5A27392E84D
:1020E800030018600433198002330A0C1A7007F5CC
:1020F800A27300F00FBC97F86F3107F5B872A2F51C
:10210800B872126813441B78442B0DD1934A07F513
:102118009E7392E8030018600433198002330A0C96
:102128001A7007F59E73F5E397F86F3107F5B872E3
:10213800A2F5B872126813441B78452B0DD1884A52
:1021480007F59A7392E80300186004331980023384
:102158000A0C1A7007F59A73DCE397F86F3107F5E4
:10216800B872A2F5B872126813441B78462B0DD1C9
:102178007C4A07F5967392E80300186004331980C7
:1021880002330A0C1A7007F59673C3E397F86F3198
:1021980007F5B872A2F5B872126813441B78472B7A
:1021A8000DD1714A07F5927392E803001860043361
:1021B800198002330A0C1A7007F59273AAE397F88C
:1021C8006F3107F5B872A2F5B872126813441B781C
:1021D800482B0DD1654A07F58E7392E80300186005
:1021E8000433198002330A0C1A7007F58E7391E3D1
:1021F80097F86F3107F5B872A2F5B87212681344F0
:102208001B78492B0DD15A4A07F58A7392E80300C7
:1022180018600433198002330A0C1A7007F58A73A0
:1022280078E397F86F3107F5B872A2F5B8721268BB
:1022380013441B784A2B0DD14E4A07F5867392E852
:10224800030018600433198002330A0C1A7007F56A
:1022580086735FE397F86F3107F5B872A2F5B87225
:10226800126813441B784B2B0DD1434A07F5827330
:1022780092E8030018600433198002330A0C1A70BC
:1022880007F5827346E397F86F3107F5B872A2F540
:10229800B872126813441B784C2B0DD1374A07F1DA
:1022A800FC0392E8030018600433198002330A0C17
:1022B8001A7007F1FC032DE397F86F3107F5B87230
:1022C800A2F5B872126813441B784D2B0DD12C4A15
:1022D80007F1F40392E8030018600433198002330D
:1022E8000A0C1A7007F1F40314E397F86F3107F535
:1022F800B872A2F5B872126813441B784E2B0DD130
:10230800204A07F1EC0392E80300186004331980AF
:1023180002330A0C1A7007F1EC03FBE297F86F31ED
:1023280007F5B872A2F5B872126813441B784F2BE0
:102338002CD1154A07F1E40392E80300186004332E
:10234800198002330A0C1A7007F1E403E2E200BFB5
:102358000CB9000814B900081CB9000824B9000811
:102368002CB9000834B900083CB9000844B9000881
:102378004CB9000854B900085CB9000864B90008F1
:102388006CB9000874B900087CB9000897F86F3177
:1023980007F5B872A2F5B872126813441B78502B6F
:1023A8000DD1B44A07F1DC0392E803001860043346
:1023B800198002330A0C1A7007F1DC03AAE297F8B5
:1023C8006F3107F5B872A2F5B872126813441B781A
:1023D800512B0DD1A84A07F1D40392E803001860E5
:1023E8000433198002330A0C1A7007F1D40391E2FE
:1023F80097F86F3107F5B872A2F5B87212681344EE
:102408001B78522B0DD19D4A07F1CC0392E80300AB
:1024180018600433198002330A0C1A7007F1CC03D0
:1024280078E297F86F3107F5B872A2F5B8721268BA
:1024380013441B78532B0DD1914A07F1C40392E83A
:10244800030018600433198002330A0C1A7007F16C
:10245800C4035FE297F86F3107F5B872A2F5B87256
:10246800126813441B78542B0DD1864A07F1BC031C
:1024780092E8030018600433198002330A0C1A70BA
:1024880007F1BC0346E297F86F3107F5B872A2F579
:10249800B872126813441B78552B0DD17A4A07F18C
:1024A800B40392E8030018600433198002330A0C5D
:1024B8001A7007F1B4032DE297F86F3107F5B87277
:1024C800A2F5B872126813441B78562B0DD16F4AC7
:1024D80007F1AC0392E80300186004331980023353
:1024E8000A0C1A7007F1AC0314E297F86F3107F57C
:1024F800B872A2F5B872126813441B78572B0DD125
:10250800634A07F1A40392E80300186004331980B2
:1025180002330A0C1A7007F1A403FBE197F86F3134
:1025280007F5B872A2F5B872126813441B78582BD5
:102538000DD1584A07F19C0392E803001860043350
:10254800198002330A0C1A7007F19C03E2E197F82C
:102558006F3107F5B872A2F5B872126813441B7888
:10256800592B0DD14C4A07F1940392E803001860E7
:102578000433198002330A0C1A7007F19403C9E175
:1025880097F86F3107F5B872A2F5B872126813445C
:102598001B785A2B0DD1414A07F18C0392E80300AE
:1025A80018600433198002330A0C1A7007F18C037F
:1025B800B0E197F86F3107F5B872A2F5B8721268F2
:1025C80013441B782E2B0DD1354A07F1840392E86A
:1025D800030018600433198002330A0C1A7007F1DB
:1025E800840397E197F86F3107F5B872A2F5B872CE
:1025F800126813441B78202B08D107F17C030022B2
:102608001A60C3F8032007F17C0383E197F86F3160
:1026180007F5B872A2F5B872126813441B785C2BE0
:102628000DD1204A07F1740392E8030018600433BF
:10263800198002330A0C1A7007F174036AE197F8DB
:102648006F3107F5B872A2F5B872126813441B7897
:102658007C2B2BD107F5B873A3F58273124A92E845
:10266800030018600433198002330A0C1A7007F14A
:102678006C034FE184B900088CB9000894B90008CC
:102688009CB90008A4B90008ACB90008B4B900089E
:10269800BCB90008C4B90008CCB90008D4B900080E
:1026A800DCB90008E4B90008ECB9000897F86F3104
:1026B80007F5B872A2F5B872126813441B782F2B6D
:1026C8000FD107F5B873A3F58673C04A92E80300E3
:1026D80018600433198002330A0C1A7007F1640376
:1026E80018E197F86F3107F5B872A2F5B872126859
:1026F80013441B78302B0FD107F5B873A3F58A73F1
:10270800B34A92E8030018600433198002330A0CB4
:102718001A7007F15C03FDE097F86F3107F5B8729E
:10272800A2F5B872126813441B78312B0FD107F544
:10273800B873A3F58E73A74A92E8030018600433B0
:10274800198002330A0C1A7007F15403E2E097F873
:102758006F3107F5B872A2F5B872126813441B7886
:10276800322B0FD107F5B873A3F592739A4A92E802
:10277800030018600433198002330A0C1A7007F139
:102788004C03C7E097F86F3107F5B872A2F5B87235
:10279800126813441B78332B0FD107F5B873A3F5D0
:1027A80096738E4A92E80300186004331980023346
:1027B8000A0C1A7007F14403ACE097F86F3107F57B
:1027C800B872A2F5B872126813441B78342B0FD173
:1027D80007F5B873A3F59A73814A92E80300186065
:1027E8000433198002330A0C1A7007F13C0391E094
:1027F80097F86F3107F5B872A2F5B87212681344EA
:102808001B78352B0FD107F5B873A3F59E73754A5E
:1028180092E8030018600433198002330A0C1A7016
:1028280007F1340376E097F86F3107F5B872A2F52F
:10283800B872126813441B78362B0FD107F5B8739A
:10284800A3F5A273684A92E803001860043319805C
:1028580002330A0C1A7007F12C035BE097F86F310A
:1028680007F5B872A2F5B872126813441B78372BB3
:102878000FD107F5B873A3F5A6735C4A92E8030075
:1028880018600433198002330A0C1A7007F1240304
:1028980040E097F86F3107F5B872A2F5B872126880
:1028A80013441B78382B0FD107F5B873A3F5AA7317
:1028B8004F4A92E8030018600433198002330A0C67
:1028C8001A7007F11C0325E097F86F3107F5B87205
:1028D800A2F5B872126813441B78392B0FD107F58B
:1028E800B873A3F5AE73434A92E803001860043343
:1028F800198002330A0C1A7007F114030AE007F56D
:10290800B873A3F5B2731A4600231360C2F80330F4
:1029180007F10C0307F5AE721868106099889B7967
:1029280091809371002387F86E318AE0052387F838
:102938006D317CE097F86E311846FDF7FBFD0246D5
:102948000B4610461946FDF7E7FE034687F8673140
:1029580097F86D3107EE903AF8EE677A17EE900A1D
:10296800FDF7FAFD4FF00002234BFDF795FC0246F8
:102978000B4610461946FDF7CFFE034687F8663129
:1029880097F8673103F5B8733B4413F8143C1A46BB
:1029980097F8663142FA03F303F00103002B2DD0B8
:1029A80097F86E315A1C13469B001A4497F86D31FC
:1029B800D31A9B00D7F86821134407F5B872A2F51B
:1029C800B6721268D26A1A602CE000BFF4B9000827
:1029D800FCB9000804BA00080CBA000814BA0008C8
:1029E8001CBA000824BA00082CBA000834BA000837
:1029F8003CBA000844BA00080000F03F97F86E316E
:102A08005A1C13469B001A4497F86D31D31A9B0041
:102A1800D7F86821134407F5B872A2F5B6721268A0
:102A2800926A1A6097F86D31013B87F86D3197F813
:102A38006D31002B7FF47EAF97F86E31013387F844
:102A48006E3197F86E31062B7FF670AF07F5B873C5
:102A5800A3F5B6732322D7F868111868FEF74EFA63
:102A6800D7F8680108F020FD97F86F31013387F82F
:102A78006F3197F86F319BB21A46D200D31A9BB2C6
:102A8800013399B207F5B873A3F5B670062300931E
:102A98004FF49B7304220068FEF790F997F86F31A2
:102AA80007F5B872A2F5B872126813441B78002BA8
:102AB8000BD097F86F3107F5B872A2F5B8721268A3
:102AC80013441B780A2B7FF4A3AA0023184607F5A2
:102AD800B877BD4680BD00BF80B588B002AF7860CA
:102AE8007B6893F82230FB757B685B8BBB827B68C5
:102AF8009B8B7B827B68DB8B3B827B681B8CFB819F
:102B08004FF49E7300934FF49B730522012178685C
:102B1800FEF7C2F80A2008F0BFFC0346BB600A2291
:102B28001449B86808F0BAFDB9687868FFF75EFA22
:102B38007B68FA7D83F822207B68BA8A5A837B688F
:102B48007A8A9A837B683A8ADA837B68FA891A8454
:102B58007B68598B7B689A8B7B68D88B7B681B8CCE
:102B6800009303467868FEF797F80023184618374D
:102B7800BD4680BD4CBA000880B588B002AF786009
:102B88000B46FB707B6893F82230FB757B685B8B88
:102B9800BB827B689B8B7B827B68DB8B3B827B6801
:102BA8001B8CFB814FF49E7300934FF49B7305229B
:102BB80001217868FEF770F80A2008F06DFC0346DA
:102BC800BB60FB78002B05D106223049B86808F0B5
:102BD80065FD34E0FB78012B05D106222C49B86845
:102BE80008F05CFD2BE0FB78022B05D10622294971
:102BF800B86808F053FD22E0FB78032B05D10422C6
:102C08002549B86808F04AFD19E0FB78042B05D17E
:102C180004222249B86808F041FD10E0FB78052B32
:102C280005D104221E49B86808F038FD07E0FB7892
:102C3800062B04D104221B49B86808F02FFDB96897
:102C48007868FFF7D3F97B68FA7D83F822207B68E0
:102C5800BA8A5A837B687A8A9A837B683A8ADA8343
:102C68007B68FA891A847B68598B7B689A8B7B68A6
:102C7800D88B7B681B8C009303467868FEF70CF8AA
:102C8800002318461837BD4680BD00BF58BA000853
:102C980060BA000868BA000870BA000874BA000878
:102CA80078BA00087CBA000880B582B000AF7860B6
:102CB8000B46FB701346BB70BB7883F00103DBB295
:102CC800002B07D07B6858687B681B8A002219464E
:102CD80005F000F97B68D8687B689B8A0022194652
:102CE80005F0F8F87B681868F91C6423012207F0DE
:102CF8002AFD002318460837BD4680BD80B584B03C
:102D080000AFF860B96011461A460B46FB711346CE
:102D1800BB71BB7983F00103DBB2002B07D0FB68E2
:102D28005868FB681B8A0022194605F0D3F8FB682F
:102D3800D868FB689B8A0122194605F0CBF8FB6826
:102D4800186864230422B96807F0FDFC00231846BC
:102D58001037BD4680BD80B584B000AF786039605B
:102D68007B683A681A607B6800229A727B68002246
:102D7800DA727B6800221A730023BB7307F10E0214
:102D880001234321786800F0A8F80346002B04D0FB
:102D9800BB7B252B01D001235DE00023FB730122BF
:102DA8000521786800F07DF80346FB73FB7B002B58
:102DB80001D0FB7B4FE008222921786800F071F8E8
:102DC8000346FB73FB7B002B01D0FB7B43E04222D5
:102DD8002521786800F065F80346FB73FB7B002B20
:102DE80001D0FB7B37E001222621786800F059F8F2
:102DF8000346FB73FB7B002B01D0FB7B2BE04222BD
:102E08002721786800F04DF80346FB73FB7B002B05
:102E180001D0FB7B1FE001222821786800F041F8EF
:102E28000346FB73FB7B002B01D0FB7B13E00122E5
:102E38004021786800F035F80346FB73FB7B002BD4
:102E480001D0FB7B07E020220421786800F029F8F4
:102E58000346FB73FB7B18461037BD4680BD80B424
:102E680085B000AF78607B68DB7AFB737B680022F3
:102E7800DA72FB7B18461437BD465DF8047B704751
:102E880080B485B000AF78607B681B7BFB737B6880
:102E980000221A73FB7B18461437BD465DF8047B85
:102EA800704780B586B002AF78600B46FB7013465A
:102EB800BB70FB783B73BB787B737B68186807F142
:102EC8000C024FF0FF33009302234A2105F084F9E6
:102ED800034618461037BD4680BD80B588B002AF9E
:102EE800F8607A601A460B46FB721346BB72FB68A1
:102EF800186807F10B026423009301234A2105F0A7
:102F08006BF90346FB75FB681868BB7A9BB26422B1
:102F180000927A684B2105F05DFA0346FB75FB7D4C
:102F280018461837BD4680BD80B5A0B000AF7860A0
:102F380039607B681B88BB66BB6E9B003A6813448C
:102F48007B677B685B683B673B687B667B6F3B6640
:102F5800BB6E5B08BB66BB6E9B003A681344FB679D
:102F6800BB6E9B007A6F1344BB67BB6E9B08FB6606
:102F7800B6E13B681B68BB633B685B68FB633B6807
:102F88009B683B643B68DB687B647B6F1B68BB6248
:102F98007B6F5B68FB627B6F9B683B637B6FDB6867
:102FA8007B63FB6F1B68BB61FB6F5B68FB61FB6F3F
:102FB8009B683B62FB6FDB687B62BB6F1B68BB6017
:102FC800BB6F5B68FB60BB6F9B683B61BB6FDB687B
:102FD8007B6197ED0E7AD7ED0A7A3B681A1D3A6045
:102FE80077EE277AC3ED007A97ED0F7AD7ED0B7A53
:102FF8003B681A1D3A6077EE277AC3ED007A97EDA1
:10300800107AD7ED0C7A3B681A1D3A6077EE277A6A
:10301800C3ED007A97ED117AD7ED0D7A3B681A1D4A
:103028003A6077EE277AC3ED007A97ED0E7AD7EDFE
:103038000A7A77EE677AC7ED0A7A97ED0F7AD7EDB5
:103048000B7A77EE677AC7ED0B7A97ED107AD7EDA2
:103058000C7A77EE677AC7ED0C7A97ED117AD7ED8F
:103068000D7A77EE677AC7ED0D7A97ED067AD7ED88
:10307800027AFB6F1A1DFA6777EE277AC3ED007A9A
:1030880097ED077AD7ED037AFB6F1A1DFA6777EE8B
:10309800277AC3ED007A97ED087AD7ED047AFB6FAB
:1030A8001A1DFA6777EE277AC3ED007A97ED097A49
:1030B800D7ED057AFB6F1A1DFA6777EE277AC3ED0D
:1030C800007A97ED027AD7ED067A77EE677AC7ED40
:1030D800027A97ED037AD7ED077A77EE677AC7ED2C
:1030E800037A97ED047AD7ED087A77EE677AC7ED19
:1030F800047A97ED057AD7ED097A77EE677AC7ED06
:10310800057A3B6F1A1D3A671B68FB653B6F1A1DF2
:103118003A671B68BB65D7ED0A7A97ED177A67EEB1
:10312800277AC7ED157AD7ED0B7A97ED167A67EE01
:10313800277AC7ED147AD7ED0B7A97ED177A67EEF1
:10314800277AC7ED137AD7ED0A7A97ED167A67EEE4
:10315800277AC7ED127A7B6F1A1D7A6797ED157A71
:10316800D7ED147A77EE277AC3ED007A7B6F1A1DB4
:103178007A6797ED137AD7ED127A77EE677AC3ED0F
:10318800007AD7ED027A97ED167A67EE277AC7EDBF
:10319800157AD7ED037A97ED177A67EE277AC7ED98
:1031A800147AD7ED037A97ED167A67EE277AC7ED8A
:1031B800137AD7ED027A97ED177A67EE277AC7ED7B
:1031C800127ABB6F1A1DBA6797ED157AD7ED147A84
:1031D80077EE677AC3ED007ABB6F1A1DBA6797ED71
:1031E800137AD7ED127A77EE277AC3ED007A3B6F20
:1031F8001A1D3A671B68FB653B6F1A1D3A671B6807
:10320800BB65D7ED0C7A97ED177A67EE277AC7ED8D
:10321800157AD7ED0D7A97ED167A67EE277AC7ED0E
:10322800147AD7ED0D7A97ED177A67EE277AC7EDFE
:10323800137AD7ED0C7A97ED167A67EE277AC7EDF1
:10324800127A7B6F1A1D7A6797ED157AD7ED147A83
:1032580077EE277AC3ED007A7B6F1A1D7A6797EDB0
:10326800137AD7ED127A77EE677AC3ED007AD7ED45
:10327800047A97ED167A67EE277AC7ED157AD7EDB7
:10328800057A97ED177A67EE277AC7ED147AD7EDA6
:10329800057A97ED167A67EE277AC7ED137AD7ED98
:1032A800047A97ED177A67EE277AC7ED127ABB6F23
:1032B8001A1DBA6797ED157AD7ED147A77EE677A03
:1032C800C3ED007ABB6F1A1DBA6797ED137AD7ED75
:1032D800127A77EE277AC3ED007AFB6E013BFB6624
:1032E800FB6E002B7FF445AEBB6E99B27B685A68C3
:1032F8000223786E00F0F6FEBB6E99B27B685A68BE
:103308000223386E00F0EEFE00BF8037BD4680BD58
:1033180080B5ACB000AF786039607B681B885B080B
:103328009BB2C7F88030D7F880309B003A681344C6
:10333800C7F89030D7F880309B00D7F89020134416
:10334800C7F88C30D7F880309B00D7F88C2013440E
:10335800C7F888303B68FB67D7F89030BB67D7F869
:103368008C307B67D7F888303B67D7F89030043BC0
:10337800C7F8AC30D7F88C30043BC7F8A830D7F87A
:103388008830043BC7F8A430D7F880309B00D7F8C2
:10339800A4201344C7F8A0307B685B68C7F8943052
:1033A800D7F89430C7F89830D7F89830C7F89C30D9
:1033B800D7F880305B08C7F880300223FB66042307
:1033C800BB6606237B663B6893ED007AD7F88C30A2
:1033D800D3ED007A77EE277AC7ED187A3B6893ED3C
:1033E800007AD7F88C30D3ED007A77EE677AC7ED9C
:1033F800177A3B68043393ED007AD7F88C3004339E
:10340800D3ED007A77EE277AC7ED167A3B68043356
:1034180093ED007AD7F88C300433D3ED007A77EE49
:10342800677AC7ED157AD7F89030043393ED007AB0
:10343800D7ED177A37EE277AD7F888300433D3EDEB
:10344800007A77EE677AC7ED0B7AD7F89030D3ED2C
:10345800007A97ED157A37EE677AD7F88830D3ED8A
:10346800007A77EE277AC7ED0C7AD7F89030D3ED4B
:10347800007A97ED187A37EE677AD7F88830D3ED67
:10348800007A77EE677AC7ED077AD7F89030043379
:10349800D3ED007A97ED167A37EE677AD7F8883049
:1034A8000433D3ED007A77EE677AC7ED087AD7F858
:1034B80090300433D3ED007A97ED177A37EE677AB8
:1034C800D7F888300433D3ED007A77EE277AC7ED42
:1034D800037AD7F8903093ED007AD7ED157A37EE66
:1034E800277AD7F88830D3ED007A77EE677AC7ED78
:1034F800047AD7F8903093ED007AD7ED187A37EE42
:10350800277AD7F88830D3ED007A3B681A1D3A60DD
:1035180077EE277AC3ED007AD7F89030043393ED2D
:10352800007AD7ED167A37EE277AD7F88830043341
:10353800D3ED007A3B681A1D3A6077EE277AC3ED1F
:10354800007AD7F890301A1DC7F89020FA6A1A60E6
:10355800D7F890301A1DC7F890203A6B1A60D7F840
:103568008C301A1DC7F88C20FA691A60D7F88C308D
:103578001A1DC7F88C203A6A1A60D7F888301A1DC5
:10358800C7F88820FA681A60D7F888301A1DC7F873
:1035980088203A691A60FB6E9B00D7F89C20134478
:1035A800C7F89C30BB6E9B00D7F898201344C7F827
:1035B80098307B6E9B00D7F894201344C7F894305A
:1035C800D7F88030023B5B08C7F884301CE33B68BF
:1035D80093ED007AD7F88C30D3ED007A77EE277A1E
:1035E800C7ED187A3B6893ED007AD7F88C30D3EDA5
:1035F800007A77EE677AC7ED177A3B68043393ED64
:10360800007AD7F88C300433D3ED007A77EE277A36
:10361800C7ED167A3B68043393ED007AD7F88C30FF
:103628000433D3ED007A77EE677AC7ED157AD7F8C9
:103638009030043393ED007AD7ED177A37EE277A76
:10364800D7F888300433D3ED007A77EE677AC7ED80
:103658000B7AD7F89030D3ED007A97ED157A37EEDC
:10366800677AD7F88830D3ED007A77EE277AC7EDF6
:103678000C7AD7F89030D3ED007A97ED187A37EEB8
:10368800677AD7F88830D3ED007A77EE677AC7ED96
:10369800077AD7F890300433D3ED007A97ED167A8D
:1036A80037EE677AD7F888300433D3ED007A77EEAF
:1036B800677AC7ED087AD7F890300433D3ED007AEB
:1036C80097ED177A37EE677AD7F888300433D3ED59
:1036D800007A77EE277AC7ED037AD7F8903093ED22
:1036E800007AD7ED157A37EE277AD7F88830D3EDF8
:1036F800007A77EE677AC7ED047AD7F8903093EDC1
:10370800007AD7ED187A37EE277AD7F88830D3EDD4
:10371800007A3B681A1D3A6077EE277AC3ED007A83
:10372800D7F89030043393ED007AD7ED167A37EE58
:10373800277AD7F888300433D3ED007A3B681A1D0E
:103748003A6077EE277AC3ED007AD7F8AC30043BBD
:1037580093ED007AD7F8A430043BD3ED007A77EEE6
:10376800277AC7ED167AD7F8AC30043B93ED007A88
:10377800D7F8A430043BD3ED007A77EE677AC7ED2B
:10378800157AD7F8AC3093ED007AD7F8A430D3ED9A
:10379800007A77EE277AC7ED187AD7F8AC3093ED30
:1037A800007AD7F8A430D3ED007A77EE677AC7EDC0
:1037B800177AD7F8A83093ED007AD7F8A030D3ED70
:1037C800007A37EE677AD7ED157A77EE277AC7ED64
:1037D8000D7AD7F8AC3093ED007AD7F8A430D3ED52
:1037E800007A37EE677AD7F8A830043BD3ED007A31
:1037F80037EE677AD7F8A030043BD3ED007A77EE3E
:10380800277AC7ED0E7AD7F8A830043BD3ED007AB3
:1038180097ED167A37EE677AD7F8A030043BD3EDE8
:10382800007A77EE677AC7ED097AD7F8A830D3ED32
:10383800007A97ED187A37EE677AD7F8A030D3ED8B
:10384800007A77EE677AC7ED0A7AD7F8A83093ED51
:10385800007AD7F8A030D3ED007A37EE677AD7ED43
:10386800157A77EE677AC7ED057AD7F8A030043B6A
:1038780093ED007AD7F8A830043BD3ED007A37EE01
:10388800677AD7ED177A77EE677AC7ED067AD7F8B1
:10389800A83093ED007AD7ED187A37EE277AD7F863
:1038A800A030D3ED007AD7F8AC301A1FC7F8AC2097
:1038B80077EE277AC3ED007AD7F8A830043B93ED6A
:1038C800007AD7ED167A37EE277AD7F8A030043B7E
:1038D800D3ED007AD7F8AC301A1FC7F8AC2077EED2
:1038E800277AC3ED007AD7F89C301A1DC7F89C20B8
:1038F8001B683B65D7F89C301A1DC7F89C201B68CD
:10390800FB64D7ED0B7A97ED147A67EE277AC7ED4B
:10391800127AD7ED0C7A97ED137A67EE277AC7ED0E
:10392800117AD7ED0C7A97ED147A67EE277AC7EDFE
:10393800107AD7ED0B7A97ED137A67EE277AC7EDF1
:103948000F7AD7F890301A1DC7F8902097ED127AA1
:10395800D7ED117A77EE277AC3ED007AD7F8903051
:103968001A1DC7F8902097ED107AD7ED0F7A77EEE9
:10397800677AC3ED007AD7ED0E7A97ED137A67EE82
:10398800277AC7ED127AD7ED0D7A97ED147A67EE9C
:10399800277AC7ED117AD7ED0D7A97ED137A67EE8E
:1039A800277AC7ED107AD7ED0E7A97ED147A67EE7D
:1039B800277AC7ED0F7AD7F8A8301A1FC7F8A820BA
:1039C80097ED127AD7ED117A77EE677AC3ED007A20
:1039D800D7F8A8301A1FC7F8A82097ED107AD7EDA6
:1039E8000F7A77EE277AC3ED007AD7F898301B68FC
:1039F8003B65D7F8983004331B68FB64BB6E9B00AB
:103A0800D7F898201344C7F89830D7ED077A97ED80
:103A1800147A67EE277AC7ED127AD7ED087A97ED10
:103A2800137A67EE277AC7ED117AD7ED087A97ED02
:103A3800147A67EE277AC7ED107AD7ED077A97EDF3
:103A4800137A67EE277AC7ED0F7AD7F88C301A1DEC
:103A5800C7F88C2097ED127AD7ED117A77EE277A8E
:103A6800C3ED007AD7F88C301A1DC7F88C2097ED73
:103A7800107AD7ED0F7A77EE677AC3ED007AD7ED33
:103A88000A7AF1EE677A97ED147A67EE277AC7ED2E
:103A9800127AD7ED097A97ED137A67EE277AC7ED90
:103AA800117AD7ED097A97ED147A67EE277AC7ED80
:103AB800107AD7ED0A7A97ED137A67EE277AC7ED71
:103AC8000F7AD7F8A4301A1FC7F8A42097ED127AF6
:103AD800D7ED117A77EE677AC3ED007AD7F8A4307C
:103AE8001A1FC7F8A42097ED0F7AD7ED107A77EE52
:103AF800677AC3ED007AD7F894301B683B65D7F82E
:103B0800943004331B68FB647B6E9B00D7F89420C9
:103B18001344C7F89430D7ED037A97ED147A67EE1B
:103B2800277AC7ED127AD7ED047A97ED137A67EE04
:103B3800277AC7ED117AD7ED047A97ED147A67EEF4
:103B4800277AC7ED107AD7ED037A97ED137A67EEE7
:103B5800277AC7ED0F7AD7F888301A1DC7F888205A
:103B680097ED127AD7ED117A77EE277AC3ED007ABE
:103B7800D7F888301A1DC7F8882097ED107AD7ED46
:103B88000F7A77EE677AC3ED007AD7ED067A97ED6C
:103B9800137A67EE277AC7ED127AD7ED057A97ED93
:103BA800147A67EE277AC7ED117AD7ED057A97ED83
:103BB800137A67EE277AC7ED107AD7ED067A97ED74
:103BC800147A67EE277AC7ED0F7AD7F8A0301A1F54
:103BD800C7F8A02097ED127AD7ED117A77EE677AB9
:103BE800C3ED007AD7F8A0301A1FC7F8A02097EDC8
:103BF800107AD7ED0F7A77EE277AC3ED007AD7F8E7
:103C08008430013BC7F88430D7F88430002B7FF428
:103C1800DEAC3B6893ED007AD7F88C30D3ED007AB0
:103C280077EE277AC7ED187A3B6893ED007AD7F8D4
:103C38008C30D3ED007A77EE677AC7ED177A3B6858
:103C4800043393ED007AD7F88C300433D3ED007A3F
:103C580077EE277AC7ED167A3B68043393ED007A3E
:103C6800D7F88C300433D3ED007A77EE677AC7ED56
:103C7800157AD7F89030043393ED007AD7ED177A98
:103C880037EE277AD7F888300433D3ED007A77EE09
:103C9800677AC7ED0B7AD7F89030D3ED007A97EDB5
:103CA800157A37EE677AD7F88830D3ED007A77EE51
:103CB800277AC7ED0C7AD7F89030D3ED007A97EDD4
:103CC800187A37EE677AD7F88830D3ED007A77EE2E
:103CD800677AC7ED077AD7F890300433D3ED007AC6
:103CE80097ED167A37EE677AD7F888300433D3ED34
:103CF800007A77EE677AC7ED087AD7F89030043300
:103D0800D3ED007A97ED177A37EE677AD7F88830CF
:103D18000433D3ED007A77EE277AC7ED037AD7F824
:103D2800903093ED007AD7ED157A37EE277AD7F8E9
:103D38008830D3ED007A77EE677AC7ED047AD7F842
:103D4800903093ED007AD7ED187A37EE277AD7F8C6
:103D58008830D3ED007A3B681A1D3A6077EE277AEF
:103D6800C3ED007AD7F89030043393ED007AD7ED9D
:103D7800167A37EE277AD7F888300433D3ED007AED
:103D88003B681A1D3A6077EE277AC3ED007AD7F8B8
:103D98009C301B683B65D7F89C3004331B68FB6478
:103DA800D7ED0B7A97ED147A67EE277AC7ED127A7A
:103DB800D7ED0C7A97ED137A67EE277AC7ED117A6B
:103DC800D7ED0C7A97ED147A67EE277AC7ED107A5B
:103DD800D7ED0B7A97ED137A67EE277AC7ED0F7A4E
:103DE800D7F890301A1DC7F8902097ED127AD7EDC2
:103DF800117A77EE277AC3ED007AD7F890301A1D3A
:103E0800C7F8902097ED107AD7ED0F7A77EE677A9A
:103E1800C3ED007AD7F898301B683B65D7F898301F
:103E280004331B68FB64D7ED077A97ED147A67EEC5
:103E3800277AC7ED127AD7ED087A97ED137A67EEED
:103E4800277AC7ED117AD7ED087A97ED147A67EEDD
:103E5800277AC7ED107AD7ED077A97ED137A67EED0
:103E6800277AC7ED0F7AD7F88C301A1DC7F88C203F
:103E780097ED127AD7ED117A77EE277AC3ED007AAB
:103E8800D7F88C301A1DC7F88C2097ED107AD7ED2B
:103E98000F7A77EE677AC3ED007AD7F894301B680B
:103EA8003B65D7F8943004331B68FB64D7ED037A7D
:103EB80097ED147A67EE277AC7ED127AD7ED047A70
:103EC80097ED137A67EE277AC7ED117AD7ED047A62
:103ED80097ED147A67EE277AC7ED107AD7ED037A53
:103EE80097ED137A67EE277AC7ED0F7AD7F88830FF
:103EF8001A1DC7F8882097ED127AD7ED117A77EE58
:103F0800277AC3ED007AD7F888301A1DC7F88820B9
:103F180097ED107AD7ED0F7A77EE677AC3ED007ACE
:103F2800D7F8803099B27B685A680423F86F00F09C
:103F3800D9F8D7F8803099B27B685A680423B86FEB
:103F480000F0D0F8D7F8803099B27B685A6804231B
:103F5800786F00F0C7F8D7F8803099B27B685A6854
:103F68000423386F00F0BEF800BFB037BD4680BDEF
:103F780080B588B000AFF860B96011461A460B46A4
:103F8800FB711346BB71FB681B887B61FB79012BB6
:103F980017D1BB680433BB610023FB610DE0BB692B
:103FA800D3ED007AF1EE677ABB69C3ED007ABB699D
:103FB8000833BB61FB690133FB61FA697B699A428B
:103FC800EDD37B69B3F5805F40D07B69B3F5805F43
:103FD80045D87B69B3F5006F33D07B69B3F5006FC3
:103FE8003DD87B69B3F5806F26D07B69B3F5806FC8
:103FF80035D87B69B3F5007F28D07B69B3F5007F9E
:104008002DD87B69B3F5807F1BD07B69B3F5807FA2
:1040180025D87B69802B0FD07B69802B1FD87B69C3
:10402800402B13D07B69402B19D87B69102B03D008
:104038007B69202B05D012E0B968F868FEF774FF99
:104048000DE0B968F868FFF763F908E07B6999B291
:10405800FB685A680123B86800F044F800BFBB79D0
:10406800002B07D0FB689989FB689B681A46B868DB
:10407800FCF7AEF8FB79012B30D17B6907EE903A5B
:10408800B8EE677AF7EE006AC6EE877AC7ED047A6B
:10409800BB68BB610023FB611CE0BB691A1DBA61E8
:1040A80093ED007AD7ED047A67EE277AC3ED007AAC
:1040B800BB69D3ED007AB1EE677AD7ED047A67EE83
:1040C800277ABB69C3ED007ABB690433BB61FB691E
:1040D8000133FB61FA697B699A42DED300BF20375E
:1040E800BD4680BD80B4BDB000AFF8607A601A46A6
:1040F8000B467B8113463B81094BC7F8DC307B8933
:10410800C7F8E430D7F8E430C7F8D830D7F8E43047
:10411800DB08C7F8E4300023C7F8E83002E000BF46
:10412800F304353FD7F8E820D7F8E4301344C7F84C
:10413800D430D7F8D420D7F8E4301344C7F8D030B7
:10414800D7F8D020D7F8E4301344C7F8CC30D7F8E4
:10415800CC20D7F8E4301344C7F8C830D7F8C820C3
:10416800D7F8E4301344C7F8C430D7F8C420D7F8D8
:10417800E4301344C7F8C030D7F8C020D7F8E4308B
:104188001344C7F8BC30D7F8E830DB00FA681344AA
:1041980093ED007AD7F8C830DB00FA681344D3ED02
:1041A800007A77EE277AC7ED2E7AD7F8E830DB0069
:1041B800FA68134493ED007AD7F8C830DB00FA6840
:1041C8001344D3ED007A77EE677AC7ED2D7AD7F8E6
:1041D800D430DB00FA68134493ED007AD7F8C43082
:1041E800DB00FA681344D3ED007A77EE277AC7ED3F
:1041F8002C7AD7F8D430DB00FA68134493ED007AB0
:10420800D7F8C430DB00FA681344D3ED007A77EEB0
:10421800677AC7ED2B7AD7F8D030DB00FA681344F9
:1042280093ED007AD7F8C030DB00FA681344D3ED79
:10423800007A77EE277AC7ED2A7AD7F8D030DB00F4
:10424800FA68134493ED007AD7F8C030DB00FA68B7
:104258001344D3ED007A77EE677AC7ED297AD7F859
:10426800CC30DB00FA68134493ED007AD7F8BC3001
:10427800DB00FA681344D3ED007A77EE277AC7EDAE
:10428800287AD7F8CC30DB00FA68134493ED007A2B
:10429800D7F8BC30DB00FA681344D3ED007A77EE28
:1042A800677AC7ED277A97ED2E7AD7ED2A7A77EED7
:1042B800677AC7ED267A97ED2E7AD7ED2A7A77EEC8
:1042C800277AC7ED2E7A97ED2C7AD7ED287A77EEF4
:1042D800677AC7ED2A7A97ED2C7AD7ED287A77EEA8
:1042E800277AC7ED2C7AD7F8E830DB00FA68134450
:1042F80097ED2E7AD7ED2C7A77EE277AC3ED007AF0
:10430800D7F8C830DB00FA68134497ED2E7AD7ED5A
:104318002C7A77EE677AC3ED007AD7F8E830DB00BD
:104328000433FA68134493ED007AD7F8C830DB00F9
:104338000433FA681344D3ED007A77EE277AC7ED91
:104348002E7AD7F8E830DB000433FA68134493ED8B
:10435800007AD7F8C830DB000433FA681344D3ED89
:10436800007A77EE677AC7ED257AD7F8D430DB0084
:104378000433FA68134493ED007AD7F8C430DB00AD
:104388000433FA681344D3ED007A77EE277AC7ED41
:104398002C7AD7F8D430DB000433FA68134493ED51
:1043A800007AD7F8C430DB000433FA681344D3ED3D
:1043B800007A77EE677AC7ED247AD7F8D030DB0039
:1043C8000433FA68134493ED007AD7F8C030DB0061
:1043D8000433FA681344D3ED007A77EE277AC7EDF1
:1043E800237AD7F8D030DB000433FA68134493ED0E
:1043F800007AD7F8C030DB000433FA681344D3EDF1
:10440800007A77EE677AC7ED227AD7F8CC30DB00EE
:104418000433FA68134493ED007AD7F8BC30DB0014
:104428000433FA681344D3ED007A77EE277AC7EDA0
:10443800287AD7F8CC30DB000433FA68134493EDBC
:10444800007AD7F8BC30DB000433FA681344D3EDA4
:10445800007A77EE677AC7ED217A97ED2E7AD7ED55
:10446800237A77EE677AC7ED207A97ED2E7AD7ED23
:10447800237A77EE277AC7ED2E7A97ED2C7AD7ED47
:10448800287A77EE677AC7ED237A97ED2C7AD7EDFD
:10449800287A77EE277AC7ED2C7AD7F8E830DB0050
:1044A8000433FA68134497ED2E7AD7ED2C7A77EE19
:1044B800277AC3ED007AD7F8C830DB000433FA68EE
:1044C800134497ED2E7AD7ED2C7A77EE677AC3ED01
:1044D800007AD7F8D030DB00FA68134497ED267AD3
:1044E800D7ED237A77EE277AC3ED007AD7F8C03074
:1044F800DB00FA68134497ED267AD7ED237A77EE36
:10450800677AC3ED007AD7F8D030DB000433FA6855
:10451800134497ED207AD7ED2A7A77EE677AC3EDC0
:10452800007AD7F8C030DB000433FA68134497EDFB
:10453800207AD7ED2A7A77EE277AC3ED007A97EDBD
:104548002B7AD7ED277A77EE677A97ED377A67EE89
:10455800277AC7ED2E7A97ED2B7AD7ED277A77EE63
:10456800277A97ED377A67EE277AC7ED2B7A97ED9A
:10457800247AD7ED217A77EE677A97ED377A67EE66
:10458800277AC7ED2C7A97ED247AD7ED217A77EE42
:10459800277A97ED377A67EE277AC7ED247A97ED71
:1045A8002D7AD7ED2E7A77EE677AC7ED267A97EDD2
:1045B8002D7AD7ED2E7A77EE277AC7ED2D7A97EDFB
:1045C800297AD7ED2B7A77EE677AC7ED277A97EDB8
:1045D800297AD7ED2B7A77EE277AC7ED297A97EDE6
:1045E800257AD7ED2C7A77EE677AC7ED207A97EDA2
:1045F800257AD7ED2C7A77EE277AC7ED257A97EDCD
:10460800227AD7ED247A77EE677AC7ED217A97ED8B
:10461800227AD7ED247A77EE277AC7ED227AD7F86F
:10462800D430DB00FA68134497ED2D7AD7ED227A5F
:1046380077EE277AC3ED007AD7F8BC30DB00FA684A
:10464800134497ED2D7AD7ED227A77EE677AC3ED8A
:10465800007AD7F8C430DB00FA68134497ED267A5D
:10466800D7ED217A77EE277AC3ED007AD7F8CC30E8
:10467800DB00FA68134497ED267AD7ED217A77EEB6
:10468800677AC3ED007AD7F8D430DB000433FA68D0
:10469800134497ED257AD7ED297A77EE677AC3ED3B
:1046A800007AD7F8BC30DB000433FA68134497ED7E
:1046B800257AD7ED297A77EE277AC3ED007AD7F8ED
:1046C800C430DB000433FA68134497ED207AD7ED41
:1046D800277A77EE677AC3ED007AD7F8CC30DB001B
:1046E8000433FA68134497ED207AD7ED277A77EEEA
:1046F800277AC3ED007AD7F8E820D7F8D8301344E2
:10470800C7F8E8307B89D7F8E8209A42FFF40AAD69
:10471800D7F8E430072B40F2E3840023C7F8EC30E5
:104728000123C7F8E0303B89D7F8EC201344FB6736
:10473800FB6FC7F8EC30D7F8EC20FB6F1344BB676E
:10474800BA6FFB6F13447B677A6FFB6F13443B6749
:104758003A6FFB6F1344FB66FA6EFB6F1344BB663C
:10476800BA6EFB6F13447B66D7F8EC30DB007A68CF
:1047780013441B683B66BB6FDB007A6813441B68F5
:10478800FB657B6FDB007A6813441B68BB653B6F76
:10479800DB007A6813441B687B65FB6EDB007A6874
:1047A80013441B683B65BB6EDB007A6813441B68C7
:1047B800FB647B6EDB007A6813441B68BB64D7F824
:1047C800EC30DB0004337A6813441B687B64BB6FEE
:1047D800DB0004337A6813441B683B647B6FDB009F
:1047E80004337A6813441B68FB633B6FDB000433B4
:1047F8007A6813441B68BB63FB6EDB0004337A687A
:1048080013441B687B63BB6EDB0004337A68134474
:104818001B683B637B6EDB0004337A6813441B68B8
:10482800FB62D7F8E030C7F8E830D7F8E820D7F8C7
:10483800E4301344C7F8D430D7F8D420D7F8E4309C
:104848001344C7F8D030D7F8D020D7F8E430134451
:10485800C7F8CC30D7F8CC20D7F8E4301344C7F8E1
:10486800C830D7F8C820D7F8E4301344C7F8C430A4
:10487800D7F8C420D7F8E4301344C7F8C030D7F8C5
:10488800C020D7F8E4301344C7F8BC30D7F8E83074
:10489800DB00FA68134493ED007AD7F8C830DB00E0
:1048A800FA681344D3ED007A77EE277AC7ED2E7AAB
:1048B800D7F8E830DB00FA68134493ED007AD7F8AC
:1048C800C830DB00FA681344D3ED007A77EE677AD4
:1048D800C7ED2D7AD7F8D430DB00FA68134493ED8E
:1048E800007AD7F8C430DB00FA681344D3ED007AB5
:1048F80077EE277AC7ED2C7AD7F8D430DB00FA6840
:10490800134493ED007AD7F8C430DB00FA681344F7
:10491800D3ED007A77EE677AC7ED2B7AD7F8D030E7
:10492800DB00FA68134493ED007AD7F8C030DB0057
:10493800FA681344D3ED007A77EE277AC7ED2A7A1E
:10494800D7F8D030DB00FA68134493ED007AD7F833
:10495800C030DB00FA681344D3ED007A77EE677A4B
:10496800C7ED297AD7F8CC30DB00FA68134493ED09
:10497800007AD7F8BC30DB00FA681344D3ED007A2C
:1049880077EE277AC7ED287AD7F8CC30DB00FA68BB
:10499800134493ED007AD7F8BC30DB00FA6813446F
:1049A800D3ED007A77EE677AC7ED277A97ED2E7AFE
:1049B800D7ED2A7A77EE677AC7ED267A97ED2E7AC1
:1049C800D7ED2A7A77EE277AC7ED2E7A97ED2C7AEB
:1049D800D7ED287A77EE677AC7ED2A7A97ED2C7AA1
:1049E800D7ED287A77EE277AC7ED2C7AD7F8E83012
:1049F800DB00FA68134497ED2E7AD7ED2C7A77EE20
:104A0800277AC3ED007A97ED2E7AD7ED2C7A77EED8
:104A1800677AC7ED2C7AD7F8E830DB000433FA68F8
:104A2800134493ED007AD7F8C830DB000433FA68F2
:104A38001344D3ED007A77EE277AC7ED0A7AD7F8D0
:104A4800E830DB000433FA68134493ED007AD7F8B2
:104A5800C830DB000433FA681344D3ED007A77EEEC
:104A6800677AC7ED257AD7F8D430DB000433FA68C3
:104A7800134493ED007AD7F8C430DB000433FA68A6
:104A88001344D3ED007A77EE277AC7ED097AD7F881
:104A9800D430DB000433FA68134493ED007AD7F876
:104AA800C430DB000433FA681344D3ED007A77EEA0
:104AB800677AC7ED247AD7F8D030DB000433FA6878
:104AC800134493ED007AD7F8C030DB000433FA685A
:104AD8001344D3ED007A77EE277AC7ED237AD7F817
:104AE800D030DB000433FA68134493ED007AD7F82A
:104AF800C030DB000433FA681344D3ED007A77EE54
:104B0800677AC7ED227AD7F8CC30DB000433FA682D
:104B1800134493ED007AD7F8BC30DB000433FA680D
:104B28001344D3ED007A77EE277AC7ED087AD7F8E1
:104B3800CC30DB000433FA68134493ED007AD7F8DD
:104B4800BC30DB000433FA681344D3ED007A77EE07
:104B5800677AC7ED217A97ED0A7AD7ED237A77EE4F
:104B6800677AC7ED207A97ED0A7AD7ED237A77EE40
:104B7800277AC7ED0A7A97ED097AD7ED087A77EEA2
:104B8800677AC7ED237A97ED097AD7ED087A77EE39
:104B9800277AC7ED097A97ED267AD7ED237A77EE4B
:104BA800277AC7ED2E7A97ED267AD7ED237A77EE16
:104BB800677AC7ED267AD7F8E830DB000433FA685D
:104BC800134497ED0A7AD7ED097A77EE277AC3ED81
:104BD800007A97ED0A7AD7ED097A77EE677AC7ED0A
:104BE800097A97ED207AD7ED2A7A77EE677AC7EDBA
:104BF8000A7A97ED207AD7ED2A7A77EE277AC7EDE9
:104C0800207A97ED157AD7ED2C7A67EE277AC7EDDB
:104C1800077A97ED0E7AD7ED097A67EE277AC7ED0E
:104C2800067A97ED157AD7ED097A67EE277AC7EDF8
:104C3800057A97ED0E7AD7ED2C7A67EE277AC7EDCD
:104C4800047AD7F8C830DB00FA68134497ED077A7E
:104C5800D7ED067A77EE277AC3ED007AD7F8C83011
:104C6800DB000433FA68134497ED057AD7ED047A2C
:104C780077EE677AC3ED007A97ED177AD7ED2E7A3B
:104C880067EE277AC7ED077A97ED107AD7ED0A7A9B
:104C980067EE277AC7ED067A97ED177AD7ED0A7A85
:104CA80067EE277AC7ED057A97ED107AD7ED2E7A59
:104CB80067EE277AC7ED047AD7F8D030DB00FA68B8
:104CC800134497ED077AD7ED067A77EE277AC3ED86
:104CD800007AD7F8D030DB000433FA68134497ED34
:104CE800057AD7ED047A77EE677AC3ED007A97ED07
:104CF800137AD7ED267A67EE277AC7ED077A97ED0C
:104D08000C7AD7ED207A67EE277AC7ED067A97ED09
:104D1800137AD7ED207A67EE277AC7ED057A97EDF3
:104D28000C7AD7ED267A67EE277AC7ED047AD7F89A
:104D3800C030DB00FA68134497ED077AD7ED067A9E
:104D480077EE277AC3ED007AD7F8C030DB0004335A
:104D5800FA68134497ED057AD7ED047A77EE677A07
:104D6800C3ED007A97ED2B7AD7ED277A77EE677A3D
:104D780097ED377A67EE277AC7ED2E7A97ED2B7A7B
:104D8800D7ED277A77EE277A97ED377A67EE277A85
:104D9800C7ED2B7A97ED247AD7ED217A77EE677AEB
:104DA80097ED377A67EE277AC7ED0A7A97ED247A76
:104DB800D7ED217A77EE277A97ED377A67EE277A5B
:104DC800C7ED247A97ED2D7AD7ED2E7A77EE677AAC
:104DD800C7ED267A97ED2D7AD7ED2E7A77EE277ADA
:104DE800C7ED2D7A97ED297AD7ED2B7A77EE677A8A
:104DF800C7ED277A97ED297AD7ED2B7A77EE277AC0
:104E0800C7ED297A97ED257AD7ED0A7A77EE677A92
:104E1800C7ED207A97ED257AD7ED0A7A77EE277ACB
:104E2800C7ED257A97ED227AD7ED247A77EE677A5F
:104E3800C7ED217A97ED227AD7ED247A77EE277A93
:104E4800C7ED227A97ED2D7AD7ED227A77EE277A79
:104E5800C7ED2E7A97ED2D7AD7ED227A77EE677A1D
:104E6800C7ED2D7A97ED267AD7ED217A77EE277A56
:104E7800C7ED2B7A97ED267AD7ED217A77EE677A08
:104E8800C7ED267A97ED257AD7ED297A77EE677AF6
:104E9800C7ED0A7A97ED257AD7ED297A77EE277A42
:104EA800C7ED257A97ED207AD7ED277A77EE677ADE
:104EB800C7ED247A97ED207AD7ED277A77EE277A0F
:104EC800C7ED207A97ED187AD7ED2E7A67EE277A14
:104ED800C7ED077A97ED117AD7ED0A7A67EE277A48
:104EE800C7ED067A97ED187AD7ED0A7A67EE277A32
:104EF800C7ED057A97ED117AD7ED2E7A67EE277A06
:104F0800C7ED047AD7F8D430DB00FA68134497ED7C
:104F1800077AD7ED067A77EE277AC3ED007AD7F8C5
:104F2800D430DB000433FA68134497ED057AD7EDE3
:104F3800047A77EE677AC3ED007A97ED127AD7EDA7
:104F48002D7A67EE277AC7ED077A97ED0B7AD7EDBA
:104F5800257A67EE277AC7ED067A97ED127AD7EDAC
:104F6800257A67EE277AC7ED057A97ED0B7AD7EDA4
:104F78002D7A67EE277AC7ED047AD7F8BC30DB00C4
:104F8800FA68134497ED077AD7ED067A77EE277A11
:104F9800C3ED007AD7F8BC30DB000433FA68134459
:104FA80097ED057AD7ED047A77EE677AC3ED007A44
:104FB80097ED147AD7ED2B7A67EE277AC7ED077A43
:104FC80097ED0D7AD7ED247A67EE277AC7ED067A42
:104FD80097ED147AD7ED247A67EE277AC7ED057A2C
:104FE80097ED0D7AD7ED2B7A67EE277AC7ED047A1D
:104FF800D7F8C430DB00FA68134497ED077AD7ED89
:10500800067A77EE277AC3ED007AD7F8C430DB004A
:105018000433FA68134497ED057AD7ED047A77EEEE
:10502800677AC3ED007A97ED167AD7ED267A67EEA0
:10503800277AC7ED077A97ED0F7AD7ED207A67EED2
:10504800277AC7ED067A97ED167AD7ED207A67EEBC
:10505800277AC7ED057A97ED0F7AD7ED267A67EEAE
:10506800277AC7ED047AD7F8CC30DB00FA68134406
:1050780097ED077AD7ED067A77EE277AC3ED007AAF
:10508800D7F8CC30DB000433FA68134497ED057A7F
:10509800D7ED047A77EE677AC3ED007AD7F8E8207F
:1050A800D7F8D8301344C7F8E8307B89D7F8E82018
:1050B8009A42FFF4BAABD7F8E0300133C7F8E030D2
:1050C800D7F8E020D7F8E4309A42FFF42CAB3B89BC
:1050D800DB003B81D7F8E430072B3FF613A800E04C
:1050E80000BF00BFF437BD465DF8047B704700BFC2
:1050F80080B582B000AF87ED010A3860D7ED017A3C
:10510800F5EEC07AF1EE10FA0ADB97ED010A06F027
:105118001DFBF0EE407A3B68C3ED007A002305E002
:105128003B684FF000021A604FF0FF33184608370B
:10513800BD4680BD80B588B000AFF860B9607A60C0
:105148007B689B08FB6172E0FB681A1DFA601B68AC
:10515800BB61FB681A1DFA601B687B61D7ED067A94
:1051680027EEA77AD7ED057A67EEA77A77EE277A42
:10517800BB681A1DBA601846B0EE670AFFF7B8FF99
:10518800FB681A1DFA601B68BB61FB681A1DFA6090
:105198001B687B61D7ED067A27EEA77AD7ED057AEB
:1051A80067EEA77A77EE277ABB681A1DBA601846A9
:1051B800B0EE670AFFF79CFFFB681A1DFA601B68D0
:1051C800BB61FB681A1DFA601B687B61D7ED067A24
:1051D80027EEA77AD7ED057A67EEA77A77EE277AD2
:1051E800BB681A1DBA601846B0EE670AFFF780FF61
:1051F800FB681A1DFA601B68BB61FB681A1DFA6020
:105208001B687B61D7ED067A27EEA77AD7ED057A7A
:1052180067EEA77A77EE277ABB681A1DBA60184638
:10522800B0EE670AFFF764FFFB69013BFB61FB69AE
:10523800002B89D17B6803F00303FB611EE0FB6848
:105248001A1DFA601B68BB61FB681A1DFA601B68AF
:105258007B61D7ED067A27EEA77AD7ED057A67EE58
:10526800A77A77EE277ABB681A1DBA601846B0EE9F
:10527800670AFFF73DFFFB69013BFB61FB69002BF8
:10528800DDD100BF00BF2037BD4680BD80B495B0DA
:1052980000AFF860B9607A60FB685B69BB64BB68A3
:1052A8007B64BB683B64FB681B88013BFB643B6C0D
:1052B8001B68FB633B6C5B68BB637B6C1B687B6335
:1052C8007B6C5B683B63BB6C1A1DBA641B68FB6232
:1052D800BB6C1A1DBA641B68BB6297ED0F7AD7EDD9
:1052E8000D7A77EE277AC7ED097A97ED0E7AD7ED22
:1052F8000C7A77EE277AC7ED087A97ED097AD7ED19
:10530800087A77EE277A7B681A1D7A60B6EE007AFB
:1053180067EE877AC3ED007A97ED097AD7ED087AB8
:1053280077EE677A7B681A1D7A60B6EE007A67EEC8
:10533800877AC3ED007AFB6CDB00BA6813443B64E0
:105348007B6C08337B643B6C5B68BB633B6C1B68A2
:10535800FB637B6C1B687B637B6C5B683B63BB6C30
:105368001A1DBA641B68FB62BB6C1A1DBA641B6801
:10537800BB6297ED0F7AD7ED0D7A77EE677AC7EDB6
:10538800097A97ED0E7AD7ED0C7A77EE277AC7ED82
:10539800087A97ED0B7AD7ED097A67EE277AC7ED89
:1053A800077A97ED0A7AD7ED097A67EE277AC7ED7B
:1053B800067A97ED0B7AD7ED087A67EE277AC7ED6C
:1053C800057A97ED0A7AD7ED087A67EE277AC7ED5E
:1053D800047A97ED0D7AD7ED0F7A37EE277AD7ED65
:1053E800077A37EE277AD7ED047A77EE277A7B6843
:1053F8001A1D7A60B6EE007A67EE877AC3ED007AF6
:1054080097ED0C7AD7ED0E7A37EE677AD7ED067AF4
:1054180037EE277AD7ED057A77EE677A7B681A1D1B
:105428007A60B6EE007A67EE877AC3ED007A7B6C15
:1054380008337B643B6C083B3B64FB6C013BFB64BF
:10544800FB6C002B7FF47FAF00BF00BF5437BD4615
:105458005DF8047B704780B495B000AFF860B96020
:105468007A60FB685B69BB64BB687B64BB683B6450
:10547800FB681B88013BFB647B6C1B68FB637B6CD4
:105488005B68BB63BB6C0833BB6497ED0F7AD7EDE1
:105498000E7A77EE277A7B681A1D7A60B6EE007A64
:1054A80067EE877AC3ED007A97ED0F7AD7ED0E7A1B
:1054B80077EE677A7B681A1D7A60B6EE007A67EE37
:1054C800877AC3ED007AFB6CDB00BA6813443B644F
:1054D8007B6C08337B647CE03B6C5B687B633B6C78
:1054E8001B683B637B6C1B68FB637B6C5B68BB6303
:1054F800BB6C1A1DBA641B68FB62BB6C1A1DBA64CC
:105508001B68BB6297ED0F7AD7ED0C7A77EE677A56
:10551800C7ED097A97ED0E7AD7ED0D7A77EE277AEF
:10552800C7ED087A97ED0B7AD7ED097A67EE277AF7
:10553800C7ED077A97ED0A7AD7ED087A67EE277AEA
:10554800C7ED067A97ED0A7AD7ED097A67EE277ADA
:10555800C7ED057A97ED0B7AD7ED087A67EE277ACB
:10556800C7ED047A97ED0F7AD7ED0C7A37EE277AE4
:10557800D7ED077A37EE677AD7ED067A77EE677A4E
:105588007B681A1D7A60B6EE007A67EE877AC3EDFB
:10559800007A97ED0E7AD7ED0D7A37EE677AD7ED68
:1055A800057A37EE277AD7ED047A77EE677A7B6843
:1055B8001A1D7A60B6EE007A67EE877AC3ED007A34
:1055C8007B6C08337B643B6C083B3B64FB6C013BA6
:1055D800FB64FB6C002B7FF47FAF00BF00BF543728
:1055E800BD465DF8047B704780B586B000AFF860B3
:1055F800B9607A60FB70FB687B61FB681B8A5B089B
:105608009AB27B691A80FB78002B0BD07A68B9684C
:10561800F868FFF720FFFA78012379687869FEF7C0
:10562800A7FC0AE0FA780123B9687869FEF7A0FCBC
:105638007A68B968F868FFF729FE00BF1837BD46D1
:1056480080BD000080B485B000AF78600B467B80D9
:105658000023FB737B68BB607B885B089AB2BB68DE
:105668001A807B687A881A82BB681B88802B10D0C6
:10567800B3F5807F1AD1BB684FF4DC729A81BB689E
:10568800104A9A60BB68104A5A607B680F4A5A6190
:105698000FE0BB68D0229A81BB680D4A9A60BB684C
:1056A8000C4A5A607B680C4A5A6102E0FF23FB737C
:1056B80000BF97F90F3018461437BD465DF8047BD4
:1056C800704700BF20C8000880BE000890CF0008BF
:1056D80080C6000880BA000890CB000880B500AFEB
:1056E800B62005F0D9FE03461A46054B1A60054B4D
:1056F80000221A6000F080F80346184680BD00BFFB
:10570800800000208400002080B483B000AF0346EE
:10571800FB71084B1A68084B1B68591C0648016046
:105728001344FA791A7000BF0C37BD465DF8047B44
:10573800704700BF800000208400002080B584B03E
:1057480000AF78600B46FB700023FB73FB787C2B63
:1057580002D10123FB7304E0FB782F2B01D1022334
:10576800FB737B681A68FB7B9B0013445B68002B08
:105778000FD17B681B681B78BB737B681B681B7821
:105788001846FFF7C1FF0A4B1A687B681A60BB7B93
:105798000AE07B681A68FB7B9B0013445A687B68A5
:1057A8001A607B681B681B7818461037BD4680BD99
:1057B8008800002080B584B000AF0346FB7110213B
:1057C800012005F04DFE0346BB600023FB6008E0A6
:1057D800BA68FB689B00134400225A60FB680133D7
:1057E800FB60FB68022BF3DDBB68FA791A70BB68B3
:1057F80018461037BD4680BD90B583B000AF2D2048
:10580800FFF7D8FF0346614A1360604B1B687B6053
:105818006520FFF7CFFF02467B685A606120FFF7DB
:10582800C9FF02467B689A606920FFF7C3FF0246FA
:105838007B68DA60554B1B685B687B607020FFF7FC
:10584800B9FF02467B685A607120FFF7B3FF024632
:105858007B689A607220FFF7ADFF02467B68DA60CA
:105868004A4B1B68DB687B607320FFF7A3FF024687
:105878007B685A607420FFF79DFF02467B689A6038
:105888007520FFF797FF02467B68DA603F4B1B687D
:105898009B687B606220FFF78DFF02467B685A6039
:1058A8006320FFF787FF02467B689A606420FFF752
:1058B80081FF02467B68DA607B683B603B685B6817
:1058C8007B606A20FFF776FF02467B685A606B2090
:1058D800FFF770FF02467B689A606C20FFF76AFF4B
:1058E80002467B68DA603B68DB687B606D20FFF707
:1058F80061FF02467B685A606E20FFF75BFF024635
:105908007B689A606F20FFF755FF02467B68DA6074
:105918003B689B687B606620FFF74CFF02467B680C
:105928005A606720FFF746FF02467B689A60682046
:10593800FFF740FF02467B68DA607B685C68762088
:10594800FFF738FF034663607B68DC687720FFF762
:1059580031FF0346E3607B689B687B607820FFF734
:1059680029FF02467B685A607A20FFF723FF024628
:105978007B689A607920FFF71DFF02467B68DA6032
:10598800024B1B6818460C37BD4690BD88000020A6
:1059980080B584B004AF01F077F900F06BF800F03F
:1059A800C3FA00F0A1FA00F025F900F051F900F06F
:1059B8007DF900F0B1F900F0FBF900F047FA00F0CA
:1059C800C7F840230393204B0293202301931E4BD7
:1059D800009310231C4A1D491D48FBF735F8FFF7B3
:1059E8007DFE03461B4A13601B491C48FDF7B3F9AB
:1059F8004FF480711A48FFF725FE002200211C2071
:105A080001F025FD1C2001F03EFD164805F00CF9BB
:105A1800002200211D2001F01AFD1D2001F033FD98
:105A2800114805F001F9002200211E2001F00FFDA8
:105A38001E2001F028FD4FF480620C490C4803F049
:105A4800C1FB00BFFDE700BF00000240D0010020FD
:105A58000003002034030020D40000203803002075
:105A68004803002028020020700200206003002064
:105A78002801002080B594B000AF07F12003302240
:105A88000021184605F0C6FD07F10C0300221A6034
:105A98005A609A60DA601A612B4B5B6823F03F0307
:105AA800294A43F010035360274B5B68264A23F4C6
:105AB800800353600023BB60234B1B6C224A43F0D6
:105AC80080531364204B1B6C03F08053BB60BB688E
:105AD80000237B601D4B1B681C4A43F44043136042
:105AE8001A4B1B6803F440437B607B6802233B62CC
:105AF8000123FB6210233B630023BB630023FB638A
:105B080007F12003184603F0BFFF0346002B01D01E
:105B180000F08CFA0F23FB6000233B6180237B613C
:105B28000023BB610023FB6107F10C030021184629
:105B380004F022FA0346002B01D000F077FA00BFE8
:105B48005037BD4680BD00BF00380240007000409D
:105B580080B584B000AF3B4600221A605A609A6054
:105B6800DA60214B214A1A601F4B00225A601E4BF3
:105B780000229A601C4B00221A611B4B00221A76E5
:105B8800194B002283F82020174B0022DA62164BAB
:105B9800174A9A62144B0022DA60134B0122DA6129
:105BA800114B002283F830200F4B01225A610E4816
:105BB80001F000F90346002B01D000F037FA00236A
:105BC8003B6001237B600023BB603B4619460648C7
:105BD80001F034F90346002B01D000F027FA00BF8A
:105BE8001037BD4680BD00BF8C000020002001405A
:105BF8000100000F80B500AF124B134A1A60114B19
:105C0800124A5A600F4B00229A600E4B0022DA604B
:105C18000C4B4FF480421A610A4B00225A61094B1F
:105C280000229A61074B0022DA61064B00221A62B1
:105C3800044802F08DF90346002B01D000F0F6F974
:105C480000BF80BDD400002000540040801A060028
:105C580080B500AF134B144A1A60124B4FF44072D0
:105C68005A60104B00229A600E4B0122DA600D4BED
:105C780000221A610B4B4FF4FA425A61094B002279
:105C88009A61084B0022DA61064B00221A62054825
:105C980003F058F90346002B01D000F0C7F900BF04
:105CA80080BD00BF28010020003C004080B500AF47
:105CB800174B184A1A60164B4FF482725A60144BED
:105CC80000229A60124B0022DA60114B00221A61FE
:105CD8000F4B00225A610E4B4FF400729A610C4B25
:105CE8001022DA610A4B00221A62094B00225A621A
:105CF800074B00229A62064B0A22DA62044804F033
:105D080099FC0346002B01D000F090F900BF80BD3C
:105D1800D00100200038004080B586B000AF07F100
:105D2800080300221A605A609A60DA603B46002233
:105D38001A605A601D4B4FF080421A601B4B0F22AD
:105D48005A601A4B00229A60184B40F6C312DA6068
:105D5800164B00221A61154B00229A61134804F071
:105D680013FF0346002B01D000F060F94FF4805375
:105D7800BB6007F1080319460C4805F0D6F803463E
:105D8800002B01D000F052F900233B6000237B6018
:105D98003B461946054805F0E1FA0346002B01D0B9
:105DA80000F044F900BF1837BD4680BD2802002026
:105DB80080B586B000AF07F1080300221A605A6068
:105DC8009A60DA603B4600221A605A601D4B1E4AF0
:105DD8001A601C4B0F225A601A4B00229A60194B0A
:105DE80040F6C312DA60174B00221A61154B0022E5
:105DF8009A61144804F0C8FE0346002B01D000F055
:105E080015F94FF48053BB6007F1080319460D4894
:105E180005F08BF80346002B01D000F007F90023AA
:105E28003B6000237B603B461946064805F096FA1E
:105E38000346002B01D000F0F9F800BF1837BD4623
:105E480080BD00BF700200200004004080B586B00D
:105E580000AF07F1080300221A605A609A60DA60FE
:105E68003B4600221A605A601D4B1E4A1A601C4BA2
:105E780040F23F625A601A4B00229A60184B41F276
:105E88008732DA60164B00221A61154B00229A619C
:105E9800134804F079FE0346002B01D000F0C6F841
:105EA8004FF48053BB6007F1080319460C4805F00E
:105EB8003CF80346002B01D000F0B8F800233B6003
:105EC80000237B603B461946054805F047FA034620
:105ED800002B01D000F0AAF800BF1837BD4680BDDE
:105EE800B80200200008004080B582B000AF00234F
:105EF8007B600C4B1B6B0B4A43F400131363094B79
:105F08001B6B03F400137B607B68002200210B20CD
:105F180001F09DFA0B2001F0B6FA00BF0837BD4624
:105F280080BD00BF0038024080B588B000AF07F1DF
:105F38000C0300221A605A609A60DA601A61002322
:105F4800BB60374B1B6B364A43F080031363344BFB
:105F58001B6B03F08003BB60BB6800237B60304B86
:105F68001B6B2F4A43F0010313632D4B1B6B03F08C
:105F780001037B607B6800233B60294B1B6B284A2D
:105F880043F002031363264B1B6B03F002033B60D1
:105F98003B6800227021234801F09CFF0223FB602C
:105FA8004FF488133B6100237B6107F10C0319460A
:105FB8001C4801F0F3FD7023FB6001233B610023C3
:105FC8007B610023BB6107F10C031946154801F0FA
:105FD800E5FD42F20203FB6000233B6101237B6184
:105FE80007F10C031946104801F0D8FD4FF4F85397
:105FF800FB6000233B6101237B6107F10C03194619
:10600800084801F0CBFD00220021072001F01FFA0B
:10601800072001F038FA00BF2037BD4680BD00BF19
:1060280000380240000002400004024080B400AF83
:1060380072B600BF00BFFDE780B483B000AF002395
:106048007B60104B5B6C0F4A43F4804353640D4BE9
:106058005B6C03F480437B607B6800233B60094BE7
:106068001B6C084A43F080531364064B1B6C03F007
:1060780080533B603B6800BF0C37BD465DF8047B2E
:10608800704700BF0038024080B58AB000AF786022
:1060980007F1140300221A605A609A60DA601A61E4
:1060A8007B681B68174A934227D100233B61164B34
:1060B8005B6C154A43F480735364134B5B6C03F4B5
:1060C80080733B613B690023FB600F4B1B6B0E4ADF
:1060D80043F0010313630C4B1B6B03F00103FB60DC
:1060E800FB6801237B610323BB610023FB6107F18C
:1060F80014031946054801F051FD00BF2837BD4675
:1061080080BD00BF0020014000380240000002406E
:1061180080B58AB000AF786007F1140300221A60D6
:106128005A609A60DA601A617B681B68194A934260
:106138002BD100233B61184B1B6B174A43F002031A
:106148001363154B1B6B03F002033B613B69C023D0
:106158007B611223BB610023FB6103233B620423A1
:106168007B6207F1140319460C4801F017FD002360
:10617800FB60094B1B6C084A43F400131364064B7D
:106188001B6C03F40013FB60FB6800BF2837BD4697
:1061980080BD00BF005400400038024000040240A7
:1061A80080B590B000AF786007F12C0300221A6028
:1061B8005A609A60DA601A6107F1140300221A60C3
:1061C8005A609A60DA601A615A617B681B68534AA0
:1061D800934240F09E8001237B61C023FB61102322
:1061E800BB6102233B6207F11403184604F0D0F8A0
:1061F8000346002B01D0FFF719FF00233B61484BF2
:106208001B6C474A43F400431364454B1B6C03F46F
:1062180000433B613B690023FB60414B1B6B404AD9
:1062280043F0020313633E4B1B6B03F00203FB6056
:10623800FB680023BB603A4B1B6B394A43F00103F0
:106248001363374B1B6B03F00103BB60BB684FF450
:106258008053FB6202233B6300237B630023BB6301
:106268000723FB6307F12C0319462E4801F096FC1F
:106278004FF40043FB6202233B6300237B6300234C
:10628800BB630623FB6307F12C031946264801F07C
:1062980085FC2023FB6202233B6300237B630023EE
:1062A800BB630623FB6307F12C0319461D4801F065
:1062B80075FC1E4B1E4A1A601C4B00225A601B4B71
:1062C80000229A60194B0022DA60184B4FF4806262
:1062D8001A61164B4FF480525A61144B4FF48042A6
:1062E8009A61124B4FF48072DA61104B00221A62E5
:1062F8000E4B00225A620D4801F0E0F80346002BCD
:1063080001D0FFF793FE7B68084ADA63074A7B6887
:10631800936300BF4037BD4680BD00BF003C0040CE
:1063280000380240000402400000024070010020D2
:106338001060024080B58AB000AF786007F114039E
:1063480000221A605A609A60DA601A617B681B68DA
:10635800194A93422CD100233B61184B1B6C174AF6
:1063680043F480431364154B1B6C03F480433B6177
:106378003B690023FB60114B1B6B104A43F002037F
:1063880013630E4B1B6B03F00203FB60FB684FF4B7
:1063980044437B610223BB610023FB6103233B620F
:1063A80005237B6207F114031946054801F0F6FB43
:1063B80000BF2837BD4680BD003800400038024085
:1063C8000004024080B586B000AF78607B681B6827
:1063D800B3F1804F16D100237B61284B1B6C274AF1
:1063E80043F001031364254B1B6C03F001037B612D
:1063F8007B69002200211C2001F029F81C2001F0F3
:1064080042F836E07B681B681D4A934216D1002388
:106418003B611A4B1B6C194A43F002031364174B78
:106428001B6C03F002033B613B69002200211D2025
:1064380001F00DF81D2001F026F81AE07B681B68B2
:10644800104A934215D10023FB600C4B1B6C0B4A7E
:1064580043F004031364094B1B6C03F00403FB6053
:10646800FB68002200211E2000F0F1FF1E2001F031
:106478000AF800BF1837BD4680BD00BF003802408B
:10648800000400400008004080B400AF00BFFDE7F2
:1064980080B400AF00BFFDE780B400AF00BFFDE7E8
:1064A80080B400AF00BFFDE780B400AF00BFFDE7D8
:1064B80080B400AF00BFBD465DF8047B704780B470
:1064C80000AF00BFBD465DF8047B704780B400AFE5
:1064D80000BFBD465DF8047B704780B500AF00F093
:1064E80025FC00BF80BD000080B500AF0123194A1C
:1064F80014211948FCF7F1FC174B9B7A102B03D099
:10650800154B9B7A202B01D1012300E0002303F0D7
:106518000103DAB2104BDA720F4B9B7A312B0BD096
:106528000D4B9B7A412B07D00B4B9B7A512B03D0F9
:10653800094B9B7A612B01D1012300E0002303F072
:106548000103DAB2044B1A73022001F0DDFC00BF2C
:1065580080BD00BF420300203803002080B500AF93
:10656800024801F0B1F800BF80BD00BF70010020F3
:1065780080B500AF9F4B1B78012B11D19E4B1B7828
:106588001846FFF7C1F89C4B00221A70994B00225D
:106598001A709A4B1B689A4A13609A48FBF7BCFB1F
:1065A8000221994801F07EFC0346002B23D1974B2A
:1065B8001B7883F00103DBB2002B00F07481934B4E
:1065C80001221A708F48FBF790FC8B4B00221A703F
:1065D800884B00221A70894B1B68894A13608C4BC0
:1065E8001B6800225A6206218648FCF7C5FA8848CB
:1065F80004F01AFB57E14FF48051864801F052FC31
:106608000346002B27D1814B1B7883F00103DBB2B3
:10661800002B00F048817D4B01221A702021794817
:10662800FAF7E8FC744B00221A70724B00221A70B9
:10663800724B1B68724A13607248FBF7F3F9744B8C
:106648001B6800225A6203216E48FCF795FA7048CD
:1066580004F0EAFA27E14FF400516B4801F022FCFC
:106668000346002B23D1694B1B7883F00103DBB26F
:10667800002B00F01881654B01221A705E4B002236
:106688001A705C4B00221A705C4B1B685C4A1360E2
:106698005C48FBF741FB5E4B1B6800225A620521F0
:1066A8005848FCF769FA5A4804F0BEFAFBE04FF480
:1066B8000061584801F0F6FB0346002B2AD1534BE2
:1066C8001B7883F00103DBB2002B00F0EC804F4B0A
:1066D80001221A70484B2E221A702E214948FAF7C7
:1066E80089FC454B00221A70424B00221A70434B1A
:1066F8001B68434A13604348FBF70EFB444B1B6877
:1067080000225A6204213F48FCF736FA404804F058
:106718008BFAC8E04FF480713E4801F0C3FB034692
:10672800002B04D000F000FA0346012B2AD1374B86
:106738001B7883F00103DBB2002B00F0B480334BED
:1067480001221A705C212E48FEF7F8FF03461A460C
:10675800294B1A70284B1B7819462A48FAF74AFC25
:106768005C2000F0BBF9234BFB221A70284B1B68F6
:1067780000225A6200212348FCF7FEF9244804F05D
:1067880053FA90E04FF48061224801F08BFB0346F6
:10679800002B05D02048FCF773FB0346002B3DD0A7
:1067A8001A4B1B7883F00103DBB2002B7BD0174B0D
:1067B80001221A707C211248FEF7C0FF03461A46D0
:1067C8000D4B1A700C4B1B7819460E48FAF712FC41
:1067D8007C2000F083F9074BFB221A700C4B1B68D6
:1067E80000225A6201210748FCF7C6F9084804F05C
:1067F8001BFA58E061130020641300208800002071
:10680800340300200003002000040240601300202D
:10681800B802002000000240380300204FF4007145
:10682800234801F03FFB0346002B05D02148FCF725
:1068380016FB0346002B29D01F4B1B7883F001035E
:10684800DBB2002B2FD01C4B01221A702F211B48C2
:10685800FEF774FF03461A46194B1A70184B1B783B
:1068680019461848FAF7C6FB2F2000F037F9164BDF
:10687800FB221A70154B1B6800225A62022111482C
:10688800FCF77AF9114804F0CFF90CE00A4B002222
:106898001A700D4B1B78002B05D00B4B1B78013B56
:1068A800DAB2094B1A700A4804F04FFA00BF80BDEB
:1068B8000000024038030020601300203403002049
:1068C800641300200003002061130020B802002098
:1068D8002802002080B584B000AF634B1B78002BE2
:1068E80046D00023FB600023BB601EE05F4B1A68A4
:1068F800FB689B0013441B689B0007EE903AF8EE78
:10690800E77A9FED5B7A37EEC77ADFED5A6AC7EE12
:10691800267A594ABB689B001344C3ED007AFB688A
:106928000233FB60BB680133BB60FB68B3F5007FD3
:10693800DCDB514B4FF000021A6000234F4A4E49EE
:106948004F48FEF751FE80224E494C48FEF7F2FBB5
:10695800454B00221A704C4B01221A704B4B1B7886
:10696800002B05D0494B1B78013BDAB2474B1A7014
:10697800454B1B78002B6FD0444B1B78002B6BD1F9
:106988000423FB7113E0FB793E4A9B00134493ED0B
:10699800007A3F4BD3ED007AB4EEE77AF1EE10FAC5
:1069A80002DB3C4B01221A70FB790133FB71FB7946
:1069B800092BE8D91C23BB7113E0BB79314A9B0032
:1069C800134493ED007A324BD3ED007AB4EEE77AB4
:1069D800F1EE10FA02DB2F4B01225A70BB7901331A
:1069E800BB71BB79212BE8D939237B7113E07B7903
:1069F800244A9B00134493ED007A254BD3ED007A8B
:106A0800B4EEE77AF1EE10FA02DB224B01229A701B
:106A18007B7901337B717B79522BE8D91D4B1A782E
:106A28001C4B5B781340DAB21A4B9B781340DBB2ED
:106A3800002B05D0184B01221A70144B28221A700B
:106A4800144B00221A70134B00225A70114B00226B
:106A58009A700D4B00221A70104804F076F900BFA6
:106A68001037BD4680BD00BF66130020681D00209A
:106A7800005C7948000080486813002068170020EF
:106A880048030020681B0020671300200400002032
:106A9800000000206C1D00206F1D002070020020E7
:106AA80080B500AF0A4B1B78012B09D10948FCF7C8
:106AB80013F8074B00221A70074804F017F902E090
:106AC800034B01221A70044804F03FF900BF80BD4F
:106AD800701D002000030020B802002080B582B09D
:106AE80000AF0346FB710D4B1B681B782D2B11D192
:106AF8000B48FBF711F9FB7919460848FEF71EFE0B
:106B080003461A46074B1A70064B1B781946044869
:106B1800FAF770FA00BF0837BD4680BD340300207D
:106B2800000300206413002080B483B000AF064B3C
:106B38001B78FB71044B00221A70FB7918460C373E
:106B4800BD465DF8047B70476F1D002080B483B09C
:106B580000AF7860054B064A1A60064B01221A708E
:106B680000BF0C37BD465DF8047B7047681D0020E8
:106B7800600300206613002080B483B000AF786003
:106B8800054B064A1A60064B01221A7000BF0C37E3
:106B9800BD465DF8047B7047681D0020600B00202F
:106BA8006613002080B586B000AF7860144A154B94
:106BB800D31A7B617B693B61134B1B68002B02D1A5
:106BC800114B124A1A60104B1A687B6813443A69D1
:106BD8009A4207D204F036FD03460C221A604FF0A1
:106BE800FF3309E0084B1B68FB60074B1A687B689A
:106BF8001344054A1360FB6818461837BD4680BD24
:106C08000000022000040000741D0020C81E00209F
:106C180080B400AF064BD3F88830054A43F47003BC
:106C2800C2F8883000BFBD465DF8047B704700BFDE
:106C380000ED00E0DFF834D0FFF7EAFF0C480D491B
:106C48000D4A002302E0D458C4500433C4188C42BF
:106C5800F9D30A4A0A4C002301E013600432A24225
:106C6800FBD304F0F5FCFEF793FE7047000002200A
:106C78000000002064000020C0D700086400002045
:106C8800C41E0020FEE7000080B500AF0E4B1B6855
:106C98000D4A43F4007313600B4B1B680A4A43F414
:106CA80080631360084B1B68074A43F480731360C2
:106CB800032000F0C1FB0F2000F008F8FFF7BCF933
:106CC8000023184680BD00BF003C024080B582B05A
:106CD80000AF7860124B1A68124B1B7819464FF4B4
:106CE8007A73B3FBF1F3B2FBF3F3184600F0D9FB68
:106CF8000346002B01D001230EE07B680F2B0AD836
:106D0800002279684FF0FF3000F0A1FB064A7B684B
:106D18001360002300E0012318460837BD4680BDF4
:106D280008000020100000200C00002080B400AFF4
:106D3800064B1B781A46064B1B681344044A13601B
:106D480000BFBD465DF8047B704700BF10000020FF
:106D5800781D002080B400AF034B1B681846BD4661
:106D68005DF8047B704700BF781D002080B584B0B3
:106D780000AF7860FFF7EEFFB8607B68FB60FB68E8
:106D8800B3F1FF3F05D00A4B1B781A46FB68134442
:106D9800FB6000BFFFF7DEFF0246BB68D31AFA6844
:106DA8009A42F7D800BF00BF1037BD4680BD00BF6C
:106DB8001000002080B584B000AF78600023FB731A
:106DC8007B68002B01D1012333E07B681B6C002B0F
:106DD80009D17868FFF758F97B6800225A647B6804
:106DE800002283F83C207B681B6C03F01003002B07
:106DF80018D17B681B6C23F4885323F0020343F0FB
:106E080002027B681A64786800F04AF97B680022FD
:106E18005A647B681B6C23F0030343F001027B6810
:106E28001A6401E00123FB737B68002283F83C208D
:106E3800FB7B18461037BD4680BD000080B485B086
:106E480000AF786039600023BB607B6893F83C3002
:106E5800012B01D1022313E17B68012283F83C2036
:106E68003B681B68092B25D97B681B68D9683B6878
:106E78001B689BB21A4613465B0013441E3B07224D
:106E880002FA03F3DA437B681B680A40DA607B681E
:106E98001B68D9683B689A683B681B689BB21846B0
:106EA80003465B0003441E3B9A407B681B680A4309
:106EB800DA6022E07B681B6819693B681B689BB233
:106EC8001A4613465B001344072202FA03F3DA4317
:106ED8007B681B680A401A617B681B6819693B68F4
:106EE8009A683B681B689BB2184603465B000344DC
:106EF8009A407B681B680A431A613B685B68062BEB
:106F080024D87B681B68596B3B685A6813469B00FA
:106F18001344053B1F2202FA03F3DA437B681B681C
:106F28000A405A637B681B68596B3B681B689BB2B5
:106F380018463B685A6813469B001344053B00FA01
:106F480003F27B681B680A435A634CE03B685B6842
:106F58000C2B24D87B681B68196B3B685A6813464E
:106F68009B001344233B1F2202FA03F3DA437B6896
:106F78001B680A401A637B681B68196B3B681B68AF
:106F88009BB218463B685A6813469B001344233B40
:106F980000FA03F27B681B680A431A6323E07B68E4
:106FA8001B68D96A3B685A6813469B001344413BE7
:106FB8001F2202FA03F3DA437B681B680A40DA628D
:106FC8007B681B68D96A3B681B689BB218463B689C
:106FD8005A6813469B001344413B00FA03F27B684E
:106FE8001B680A43DA62294BFB607B681B68284AE6
:106FF80093420FD13B681B68122B0BD1FB685B686F
:1070080023F40002FB685A60FB685B6843F4800263
:10701800FB685A607B681B681D4A93422BD13B680A
:107028001B681C4A934203D03B681B68112B22D172
:10703800FB685B6823F48002FB685A60FB685B6846
:1070480043F40002FB685A603B681B68114A93428C
:1070580011D1114B1B68114AA2FB03239A0C13464A
:107068009B0013445B00BB6002E0BB68013BBB6054
:10707800BB68002BF9D17B68002283F83C200023F1
:1070880018461437BD465DF8047B7047002301405D
:1070980000200140120000100800002083DE1B437E
:1070A80080B485B000AF7860794BFB60FB685B68A3
:1070B80023F44032FB685A60FB685A687B685B6857
:1070C8001A43FB685A607B681B685A687B681B68B0
:1070D80022F480725A607B681B6859687B681B6958
:1070E8001A027B681B680A435A607B681B685A68E7
:1070F8007B681B6822F040725A607B681B6859687D
:107108007B689A687B681B680A435A607B681B68BF
:107118009A687B681B6822F400629A607B681B6827
:1071280099687B68DA687B681B680A439A607B68A1
:107138009B6A584A934222D07B681B689A687B688E
:107148001B6822F070629A607B681B6899687B688C
:107158009A6A7B681B680A439A607B681B689A680E
:107168007B681B6822F040529A607B681B689968AC
:107178007B68DA6A7B681B680A439A600FE07B6861
:107188001B689A687B681B6822F070629A607B684B
:107198001B689A687B681B6822F040529A607B687B
:1071A8001B689A687B681B6822F002029A607B68F9
:1071B8001B6899687B681B7E5A007B681B680A43BA
:1071C8009A607B6893F82030002B1BD07B681B6883
:1071D8005A687B681B6842F400625A607B681B68C7
:1071E8005A687B681B6822F460425A607B681B6897
:1071F80059687B685B6A013B5A037B681B680A43D2
:107208005A6007E07B681B685A687B681B6822F431
:1072180000625A607B681B68DA6A7B681B6822F424
:107228007002DA627B681B68D96A7B68DB69013B9C
:107238001A057B681B680A43DA627B681B689A68D0
:107248007B681B6822F400729A607B681B689968E7
:107258007B6893F830305A027B681B680A439A604F
:107268007B681B689A687B681B6822F480629A6056
:107278007B681B6899687B685B699A027B681B68F6
:107288000A439A6000BF1437BD465DF8047B704717
:10729800002301400100000F80B485B000AF786082
:1072A8007B6803F00703FB600C4BDB68BB60BA68C4
:1072B8004FF6FF031340BB60FB681A02BB68134319
:1072C80043F0BF6343F40033BB60044ABB68D36038
:1072D80000BF1437BD465DF8047B704700ED00E041
:1072E80080B400AF044BDB681B0A03F007031846A1
:1072F800BD465DF8047B704700ED00E080B483B0C4
:1073080000AF0346FB7197F90730002B0BDBFB79C5
:1073180003F01F02074997F907305B09012000FABB
:1073280002F241F8232000BF0C37BD465DF8047B0C
:10733800704700BF00E100E080B483B000AF0346AF
:107348003960FB7197F90730002B0ADB3B68DAB22A
:107358000C4997F907301201D2B20B4483F8002385
:107368000AE03B68DAB20849FB7903F00F03043BF3
:107378001201D2B20B441A7600BF0C37BD465DF835
:10738800047B704700E100E000ED00E080B489B0C4
:1073980000AFF860B9607A60FB6803F00703FB612F
:1073A800FB69C3F10703042B28BF0423BB61FB69F6
:1073B8000433062B02D9FB69033B00E000237B6101
:1073C8004FF0FF32BB6902FA03F3DA43BB681A4095
:1073D8007B699A404FF0FF317B6901FA03F3D94387
:1073E8007B680B40134318462437BD465DF8047B81
:1073F8007047000080B582B000AF78607B68013BC1
:10740800B3F1807F01D301230FE00A4A7B68013B77
:1074180053600F214FF0FF30FFF78EFF054B00221E
:107428009A60044B07221A60002318460837BD46A5
:1074380080BD00BF10E000E080B582B000AF78608A
:107448007868FFF729FF00BF0837BD4680BD80B5C3
:1074580086B000AF0346B9607A60FB7300237B6196
:10746800FFF73EFF78617A68B9687869FFF78EFFA1
:10747800024697F90F3011461846FFF75DFF00BF27
:107488001837BD4680BD80B582B000AF0346FB719A
:1074980097F907301846FFF731FF00BF0837BD4698
:1074A80080BD80B582B000AF78607868FFF7A2FF32
:1074B800034618460837BD4680BD000080B586B033
:1074C80000AF786000237B61FFF744FC38617B687C
:1074D800002B01D1012399E07B68022283F8352033
:1074E8007B68002283F834207B681B681A687B68F5
:1074F8001B6822F001021A600FE0FFF72BFC02461E
:107508003B69D31A052B08D97B6820225A657B680A
:10751800032283F83520032378E07B681B681B6807
:1075280003F00103002BE8D17B681B681B687B61B3
:107538007A69384B13407B617B685A687B689B6823
:107548001A437B68DB681A437B681B691A437B68AC
:107558005B691A437B689B691A437B68DB691A433A
:107568007B681B6A13437A6913437B617B685B6A98
:10757800042B07D17B68DA6A7B681B6B13437A6933
:1075880013437B617B681B687A691A607B681B6898
:107598005B697B617B6923F007037B617B685B6ABE
:1075A8007A6913437B617B685B6A042B17D17B681C
:1075B8009B6A7A6913437B617B68DB6A002B0ED078
:1075C800786800F06FFA0346002B08D07B684022E9
:1075D8005A657B68012283F83520012316E07B6811
:1075E8001B687A695A61786800F026FA0346FB60DE
:1075F8007B68DB6D3F229A40FB689A607B680022BB
:107608005A657B68012283F835200023184618370D
:10761800BD4680BD3F8010F080B586B000AFF860F1
:10762800B9607A603B600023FB75FB689B6D3B612A
:10763800FB6893F83430012B01D1022340E0FB684A
:10764800012283F83420FB6893F83530DBB2012B34
:107658002FD1FB68022283F83520FB6800225A6587
:107668003B687A68B968F86800F0B8F9FB68DB6DC0
:107678003F229A403B699A60FB681B681A68FB685E
:107688001B6842F016021A60FB681B6C002B07D0BF
:10769800FB681B681A68FB681B6842F008021A60DE
:1076A800FB681B681A68FB681B6842F001021A60D5
:1076B80005E0FB68002283F834200223FB75FB7D7C
:1076C80018461837BD4680BD80B586B000AF7860D3
:1076D8000023BB608E4B1B688E4AA2FB03239B0AC8
:1076E8007B617B689B6D3B613B691B68FB607B68CA
:1076F800DB6D08229A40FB681340002B1AD07B6888
:107708001B681B6803F00403002B13D07B681B68FD
:107718001A687B681B6822F004021A607B68DB6DBC
:1077280008229A403B699A607B685B6D43F00102CE
:107738007B685A657B68DB6D01229A40FB681340C1
:10774800002B12D07B681B685B6903F08003002B59
:107758000BD07B68DB6D01229A403B699A607B689D
:107768005B6D43F002027B685A657B68DB6D04221F
:107778009A40FB681340002B12D07B681B681B687B
:1077880003F00203002B0BD07B68DB6D04229A40C8
:107798003B699A607B685B6D43F004027B685A65BD
:1077A8007B68DB6D10229A40FB681340002B43D0A6
:1077B8007B681B681B6803F00803002B3CD07B68C0
:1077C800DB6D10229A403B699A607B681B681B68D6
:1077D80003F48023002B18D07B681B681B6803F414
:1077E8000023002B08D17B681B6C002B24D07B68FE
:1077F8001B6C786898471FE07B689B6C002B1BD03C
:107808007B689B6C7868984716E07B681B681B68E8
:1078180003F48073002B07D17B681B681A687B68A8
:107828001B6822F008021A607B681B6C002B03D0CF
:107838007B681B6C786898477B68DB6D20229A40D0
:10784800FB681340002B00F08F807B681B681B6867
:1078580003F01003002B00F087807B68DB6D20228B
:107868009A403B699A607B6893F83530DBB2052B08
:1078780036D17B681B681A687B681B6822F0160281
:107888001A607B681B685A697B681B6822F0800253
:107898005A617B681B6C002B03D17B689B6C002BA7
:1078A80007D07B681B681A687B681B6822F008028F
:1078B8001A607B68DB6D3F229A403B699A607B685F
:1078C800012283F835207B68002283F834207B6806
:1078D8001B6D002B7ED07B681B6D7868984779E01C
:1078E8007B681B681B6803F48023002B1DD07B6812
:1078F8001B681B6803F40023002B0DD17B685B6CAD
:10790800002B31D07B685B6C786898472CE000BF0F
:1079180008000020B5814E1B7B68DB6B002B23D051
:107928007B68DB6B786898471EE07B681B681B6880
:1079380003F48073002B0FD17B681B681A687B687F
:107948001B6822F010021A607B68012283F8352038
:107958007B68002283F834207B68DB6B002B03D024
:107968007B68DB6B786898477B685B6D002B32D04F
:107978007B685B6D03F00103002B22D07B68052236
:1079880083F835207B681B681A687B681B6822F0BF
:1079980001021A60BB680133BB607A699A4207D357
:1079A8007B681B681B6803F00103002BF2D100E021
:1079B80000BF7B68012283F835207B68002283F8AA
:1079C80034207B68DB6C002B05D07B68DB6C786827
:1079D800984700E000BF1837BD4680BD80B485B029
:1079E80000AFF860B9607A603B60FB681B681A6892
:1079F800FB681B6822F480221A60FB681B683A68DF
:107A08005A60FB689B68402B08D1FB681B687A6842
:107A18009A60FB681B68BA68DA6007E0FB681B6855
:107A2800BA689A60FB681B687A68DA6000BF143726
:107A3800BD465DF8047B704780B485B000AF7860C0
:107A48007B681B68DBB2103B144AA2FB03231B09AB
:107A5800FB60134AFB6813441B781A467B68DA6597
:107A6800FB68032B09D97B681B6823F47F7323F019
:107A780003031A1D7B689A6507E07B681B6823F47B
:107A88007F7323F003037A6893657B689B6D1846C0
:107A98001437BD465DF8047B704700BFABAAAAAA9D
:107AA800A8D7000880B485B000AF78600023FB73C6
:107AB8007B689B6ABB607B689B69002B1FD1BB6896
:107AC800032B56D801A252F823F000BFE57A00082C
:107AD800F77A0008E57A00087B7B00087B68DB6A98
:107AE80003F08073002B46D00123FB7343E07B68CF
:107AF800DB6AB3F1C07F40D10123FB733DE07B68B3
:107B08009B69B3F5005F21D1BB68032B37D801A26D
:107B180052F823F02D7B0008337B00082D7B0008EA
:107B2800457B00080123FB7330E07B68DB6A03F0C8
:107B38008073002B25D00123FB7322E07B68DB6A6E
:107B4800B3F1C07F1FD10123FB731CE0BB68022B7C
:107B580003D9BB68032B03D018E00123FB7315E09E
:107B68007B68DB6A03F08073002B0ED00123FB7364
:107B78000BE000BF0AE000BF08E000BF06E000BF5E
:107B880004E000BF02E000BF00E000BFFB7B184636
:107B98001437BD465DF8047B704700BF80B489B0D8
:107BA80000AF7860396000237B6100233B610023CC
:107BB800BB610023FB6159E10122FB6902FA03F36F
:107BC8007B613B681B687A6913403B613A697B6952
:107BD8009A4240F048813B685B6803F00303012B3D
:107BE80005D03B685B6803F00303022B30D17B6848
:107BF8009B68BB61FB695B00032202FA03F3DB436A
:107C0800BA691340BB613B68DA68FB695B0002FA3A
:107C180003F3BA691343BB617B68BA699A607B68EE
:107C28005B68BB610122FB6902FA03F3DB43BA69B3
:107C38001340BB613B685B681B0903F00102FB69E9
:107C480002FA03F3BA691343BB617B68BA695A60E5
:107C58003B685B6803F00303032B17D07B68DB6882
:107C6800BB61FB695B00032202FA03F3DB43BA69D9
:107C78001340BB613B689A68FB695B0002FA03F337
:107C8800BA691343BB617B68BA69DA603B685B68B1
:107C980003F00303022B23D1FB69DA087B6808325F
:107CA80053F82230BB61FB6903F007039B000F22E6
:107CB80002FA03F3DB43BA691340BB613B681A69F4
:107CC800FB6903F007039B0002FA03F3BA69134345
:107CD800BB61FB69DA087B680832B96943F822108E
:107CE8007B681B68BB61FB695B00032202FA03F334
:107CF800DB43BA691340BB613B685B6803F003026E
:107D0800FB695B0002FA03F3BA691343BB617B6842
:107D1800BA691A603B685B6803F44033002B00F0D3
:107D2800A2800023FB60574B5B6C564A43F48043A8
:107D38005364544B5B6C03F48043FB60FB68524A0A
:107D4800FB699B08023352F82330BB61FB6903F0DF
:107D580003039B000F2202FA03F3DB43BA691340C3
:107D6800BB617B68494A934219D07B68484A934271
:107D780013D07B68474A93420DD07B68464A9342AA
:107D880007D07B68454A934201D1042308E00723C2
:107D980006E0032304E0022302E0012300E00023BD
:107DA800FA6902F0030292009340BA691343BB6177
:107DB8003549FB699B080233BA6941F82320384BDF
:107DC8009B68BB613B69DB43BA691340BB613B6895
:107DD8005B6803F48013002B03D0BA693B69134333
:107DE800BB612F4ABB6993602D4BDB68BB613B6964
:107DF800DB43BA691340BB613B685B6803F400135B
:107E0800002B03D0BA693B691343BB61244ABB69A1
:107E1800D360234B5B68BB613B69DB43BA691340A2
:107E2800BB613B685B6803F40033002B03D0BA697D
:107E38003B691343BB611A4ABB695360184B1B6803
:107E4800BB613B69DB43BA691340BB613B685B6854
:107E580003F48033002B03D0BA693B691343BB6139
:107E68000F4ABB691360FB690133FB61FB690F2B88
:107E78007FF6A2AE00BF00BF2437BD465DF8047B85
:107E8800704700BF0038024000380140000002403F
:107E98000004024000080240000C024000100240AA
:107EA800003C014080B485B000AF78600B467B8011
:107EB8007B681A697B881340002B02D00123FB736F
:107EC80001E00023FB73FB7B18461437BD465DF8C1
:107ED800047B704780B483B000AF78600B467B802A
:107EE80013467B707B78002B03D07A887B689A6175
:107EF80003E07B881A047B689A6100BF0C37BD4693
:107F08005DF8047B7047000080B582B000AF03467F
:107F1800FB80084B5A69FB881340002B06D0054AA2
:107F2800FB885361FB88184600F006F800BF083745
:107F3800BD4680BD003C014080B483B000AF03461D
:107F4800FB8000BF0C37BD465DF8047B704700001E
:107F580080B584B000AF78607B68002B01D1012325
:107F68002BE17B6893F83D30DBB2002B06D17B68B0
:107F7800002283F83C207868FEF7CAF87B68242240
:107F880083F83D207B681B681A687B681B6822F0B1
:107F980001021A607B681B681A687B681B6842F4D8
:107FA80000421A607B681B681A687B681B6822F4A9
:107FB80000421A6002F0D8F9F8607B685B68814A71
:107FC800934207D8FB68804A934294BF0123002359
:107FD800DBB206E0FB687D4A934294BF012300238D
:107FE800DBB2002B01D00123E7E0FB68784AA2FB53
:107FF80003239B0CBB607B681B685B6823F03F0115
:108008007B681B68BA680A435A607B681B681B6AEE
:1080180023F03F017B685B686A4A934202D8BB68D9
:10802800013309E0BB684FF4967202FB03F3694A17
:10803800A2FB03239B0901337A6812680B4313627E
:108048007B681B68DB6923F44F4222F0FF027B68E0
:108058005B685C498B4219D8FB68591E7B685B6872
:108068005B00B1FBF3F3591C40F6FC730B40002B8B
:108078000AD0FB68591E7B685B685B00B1FBF3F3B1
:108088000133C3F30B0351E004234FE07B689B6883
:10809800002B11D1FB68581E7B6859680B465B00A2
:1080A8000B44B0FBF3F30133C3F30B03002B0CBFFA
:1080B80001230023DBB212E0FB68581E7B68596875
:1080C8000B469B000B4499000B44B0FBF3F30133C0
:1080D800C3F30B03002B0CBF01230023DBB2002BDF
:1080E80001D0012322E07B689B68002B0ED1FB683E
:1080F800581E7B6859680B465B000B44B0FBF3F3D2
:108108000133C3F30B0343F400430FE0FB68581E2D
:108118007B6859680B469B000B4499000B44B0FBE5
:10812800F3F30133C3F30B0343F44043796809685D
:108138001343CB617B681B681B6823F0C0017B6815
:10814800DA697B681B6A1A437B681B680A431A60F2
:108158007B681B689B6823F4034323F0FF037A685A
:1081680011697A68D26811437A6812680B43936080
:108178007B681B68DB6823F0FF017B685A697B68B2
:108188009B691A437B681B680A43DA607B681B6833
:108198001A687B681B6842F001021A607B6800223B
:1081A8001A647B68202283F83D207B6800221A63CA
:1081B8007B68002283F83E20002318461037BD460E
:1081C80080BD00BFA08601007F841E00FF083D001F
:1081D80083DE1B43D34D621080B588B002AFF860D0
:1081E8007A601A460B467B8113463B81FEF7B2FD47
:1081F8007861FB6893F83D30DBB2202B40F0E080DB
:108208007B690093192301227049F86800F064FC27
:108218000346002B01D00223D3E0FB6893F83C30DF
:10822800012B01D10223CCE0FB68012283F83C201A
:10823800FB681B681B6803F00103012B07D0FB6870
:108248001B681A68FB681B6842F001021A60FB6829
:108258001B681A68FB681B6822F400621A60FB68D6
:10826800212283F83D20FB68102283F83E20FB681A
:1082780000221A64FB687A685A62FB683A895A8550
:10828800FB685B8D9AB2FB681A85FB68504ADA6214
:1082980079897B693A6AF86800F0CEFA0346002BC0
:1082A80001D001238DE000233B61FB681B685B69FB
:1082B8003B61FB681B689B693B613B6966E07A69C7
:1082C800396AF86800F022FD0346002B0DD0FB68E0
:1082D8001B6C042B07D1FB681B681A68FB681B68BA
:1082E80042F400721A6001236BE0FB685B6A1A783B
:1082F800FB681B681A61FB685B6A5A1CFB685A6258
:10830800FB685B8D9BB2013B9AB2FB685A85FB68A0
:108318001B8D013B9AB2FB681A85FB681B685B6979
:1083280003F00403042B1BD1FB681B8D002B17D013
:10833800FB685B6A1A78FB681B681A61FB685B6AF2
:108348005A1CFB685A62FB685B8D9BB2013B9AB270
:10835800FB685A85FB681B8D013B9AB2FB681A853E
:108368007A69396AF86800F019FD0346002B0DD0C8
:10837800FB681B6C042B07D1FB681B681A68FB6839
:108388001B6842F400721A6001231AE0FB681B8D17
:10839800002B94D1FB681B681A68FB681B6842F4C1
:1083A80000721A60FB68202283F83D20FB680022D7
:1083B80083F83E20FB68002283F83C20002300E07D
:1083C800022318461837BD4680BD00BF02001000C2
:1083D8000000FFFF80B58CB002AFF8607A601A46E3
:1083E8000B467B8113463B81FEF7B4FC7862FB6841
:1083F80093F83D30DBB2202B40F017827B6A009364
:10840800192301227C49F86800F066FB0346002B1B
:1084180001D002230AE2FB6893F83C30012B01D11A
:10842800022303E2FB68012283F83C20FB681B68F7
:108438001B6803F00103012B07D0FB681B681A684F
:10844800FB681B6842F001021A60FB681B681A6827
:10845800FB681B6822F400621A60FB68222283F81A
:108468003D20FB68102283F83E20FB6800221A6436
:10847800FB687A685A62FB683A895A85FB685B8DA3
:108488009AB2FB681A85FB685C4ADA6279897B6A6A
:108498003A6BF86800F052FA0346002B01D001232A
:1084A800C4E1FB681B8D002B13D100233B62FB68E2
:1084B8001B685B693B62FB681B689B693B623B6AA4
:1084C800FB681B681A68FB681B6842F400721A6034
:1084D80098E1FB681B8D012B1BD1FB681B681A6890
:1084E800FB681B6822F480621A600023FB61FB684A
:1084F8001B685B69FB61FB681B689B69FB61FB6927
:10850800FB681B681A68FB681B6842F400721A60F3
:1085180078E1FB681B8D022B1BD1FB681B681A686E
:10852800FB681B6822F480621A60FB681B681A6883
:10853800FB681B6842F400621A600023BB61FB6899
:108548001B685B69BB61FB681B689B69BB61BB6996
:1085580058E1FB681B681A68FB681B6842F4806274
:108568001A6000237B61FB681B685B697B61FB68A1
:108578001B689B697B617B6944E1FB681B8D032B4E
:1085880000F2F180FB681B8D012B23D17A6A396BCD
:10859800F86800F04BFC0346002B01D0012345E1AD
:1085A800FB681B681A69FB685B6AD2B21A70FB68C1
:1085B8005B6A5A1CFB685A62FB681B8D013B9AB2C6
:1085C800FB681A85FB685B8D9BB2013B9AB2FB681E
:1085D8005A8517E1FB681B8D022B4ED17B6A0093ED
:1085E8003B6B00220649F86800F076FA0346002B38
:1085F80008D001231AE100BF020010000000FFFFAD
:1086080004000100FB681B681A68FB681B6842F4D9
:1086180000721A60FB681B681A69FB685B6AD2B251
:108628001A70FB685B6A5A1CFB685A62FB681B8DF0
:10863800013B9AB2FB681A85FB685B8D9BB2013BD4
:108648009AB2FB685A85FB681B681A69FB685B6A03
:10865800D2B21A70FB685B6A5A1CFB685A62FB68E4
:108668001B8D013B9AB2FB681A85FB685B8D9BB238
:10867800013B9AB2FB685A85C4E07B6A00933B6B66
:1086880000226C49F86800F027FA0346002B01D055
:108698000123CBE0FB681B681A68FB681B6822F49F
:1086A80080621A60FB681B681A69FB685B6AD2B251
:1086B8001A70FB685B6A5A1CFB685A62FB681B8D60
:1086C800013B9AB2FB681A85FB685B8D9BB2013B44
:1086D8009AB2FB685A857B6A00933B6B0022554926
:1086E800F86800F0F9F90346002B01D001239DE05A
:1086F800FB681B681A68FB681B6842F400721A6002
:10870800FB681B681A69FB685B6AD2B21A70FB685F
:108718005B6A5A1CFB685A62FB681B8D013B9AB264
:10872800FB681A85FB685B8D9BB2013B9AB2FB68BC
:108738005A85FB681B681A69FB685B6AD2B21A70B3
:10874800FB685B6A5A1CFB685A62FB681B8D013B1D
:108758009AB2FB681A85FB685B8D9BB2013B9AB2A3
:10876800FB685A854EE07A6A396BF86800F05EFB60
:108778000346002B01D0012358E0FB681B681A69E7
:10878800FB685B6AD2B21A70FB685B6A5A1CFB68AA
:108798005A62FB681B8D013B9AB2FB681A85FB681D
:1087A8005B8D9BB2013B9AB2FB685A85FB681B68DC
:1087B8005B6903F00403042B24D1FB681B8D032B96
:1087C80007D1FB681B681A68FB681B6822F4806283
:1087D8001A60FB681B681A69FB685B6AD2B21A7078
:1087E800FB685B6A5A1CFB685A62FB681B8D013B7D
:1087F8009AB2FB681A85FB685B8D9BB2013B9AB203
:10880800FB685A85FB681B8D002B7FF4B6AEFB68AE
:10881800202283F83D20FB68002283F83E20FB6875
:10882800002283F83C20002300E002231846283762
:10883800BD4680BD0400010080B588B002AFF86075
:108848007A603B600B467B81FB68DB6A7B617B69F6
:10885800082B06D07B69012B03D07B6913F5803F79
:1088680008D1FB681B681A68FB681B6842F48072B1
:108878001A600BE0FB681B6B122B07D1FB681B68A7
:108888001A68FB681B6842F480721A603B680093A0
:108898007B6800224FF00111F86800F01DF90346CB
:1088A800002B0DD0FB681B681B6803F48073B3F5BD
:1088B800807F03D1FB684FF400721A64032335E00C
:1088C800FB681B69B3F5804F08D17B89DBB21A4678
:1088D800FB681B6802F0FE021A611BE07B89DB1152
:1088E800DBB203F00603DBB263F00F03DAB2FB6816
:1088F8001B681A613B687A680E49F86800F066F9E7
:108908000346002B01D0012310E07B89DAB2FB6813
:108918001B681A613B687A680749F86800F056F9DD
:108928000346002B01D0012300E000231846183726
:10893800BD4680BD080001000200010080B588B076
:1089480002AFF8607A603B600B467B81FB68DB6AAC
:108958007B61FB681B681A68FB681B6842F48062CD
:108968001A607B69082B06D07B69012B03D07B69D1
:1089780013F5803F08D1FB681B681A68FB681B6801
:1089880042F480721A600BE0FB681B6B112B07D155
:10899800FB681B681A68FB681B6842F480721A60DF
:1089A8003B6800937B6800224FF00111F86800F0E3
:1089B80093F80346002B0DD0FB681B681B6803F473
:1089C8008073B3F5807F03D1FB684FF400721A649B
:1089D800032379E0FB681B69B3F5804F08D17B89D5
:1089E800DBB243F00103DAB2FB681B681A615FE08F
:1089F8007B89DB11DBB203F00603DBB263F00F0304
:108A0800DAB2FB681B681A613B687A683049F86813
:108A180000F0DCF80346002B01D0012354E07B89E9
:108A2800DAB2FB681B681A613B687A682949F868FA
:108A380000F0CCF80346002B01D0012344E00023CA
:108A48003B61FB681B685B693B61FB681B689B6952
:108A58003B613B69FB681B681A68FB681B6842F44A
:108A680080721A603B6800937B6800224FF0011106
:108A7800F86800F031F80346002B0DD0FB681B683E
:108A88001B6803F48073B3F5807F03D1FB684FF450
:108A980000721A64032317E07B89DB11DBB203F051
:108AA8000603DBB263F00E03DAB2FB681B681A61D7
:108AB8003B687A680749F86800F088F80346002B95
:108AC80001D0012300E0002318461837BD4680BDB9
:108AD800080001000200010080B584B000AFF86012
:108AE800B9603B601346FB7148E03B68B3F1FF3F58
:108AF80044D0FEF72FF90246BB69D31A3A689A4266
:108B080002D33B68002B39D1BB681B0CDBB2012BAD
:108B18000DD1FB681B685B69DA43BB6813409BB2E5
:108B2800002B0CBF01230023DBB21A460CE0FB68C4
:108B38001B689B69DA43BB6813409BB2002B0CBFD0
:108B480001230023DBB21A46FB799A4216D1FB684F
:108B580000221A63FB68202283F83D20FB6800226C
:108B680083F83E20FB681B6C43F02002FB681A6404
:108B7800FB68002283F83C20012323E0BB681B0C20
:108B8800DBB2012B0DD1FB681B685B69DA43BB685C
:108B980013409BB2002B0CBF01230023DBB21A4603
:108BA8000CE0FB681B689B69DA43BB6813409BB207
:108BB800002B0CBF01230023DBB21A46FB799A4233
:108BC80093D0002318461037BD4680BD80B584B0C9
:108BD80000AFF860B9607A603B6071E0FB681B68C1
:108BE8005B6903F48063B3F5806F23D1FB681B686E
:108BF8001A68FB681B6842F400721A60FB681B68FD
:108C08006FF480625A61FB6800221A63FB682022B5
:108C180083F83D20FB68002283F83E20FB681B6C2C
:108C280043F00402FB681A64FB68002283F83C20C6
:108C3800012367E07B68B3F1FF3F41D0FEF78AF874
:108C480002463B68D31A7A689A4202D37B68002BA3
:108C580036D1BB681B0CDBB2012B0CD1FB681B683F
:108C68005B69DA43BB6813409BB2002B14BF012336
:108C78000023DBB20BE0FB681B689B69DA43BB6827
:108C880013409BB2002B14BF01230023DBB2002B3F
:108C980016D0FB6800221A63FB68202283F83D2067
:108CA800FB68002283F83E20FB681B6C43F020021F
:108CB800FB681A64FB68002283F83C20012321E04A
:108CC800BB681B0CDBB2012B0CD1FB681B685B6912
:108CD800DA43BB6813409BB2002B14BF0123002367
:108CE800DBB20BE0FB681B689B69DA43BB68134087
:108CF8009BB2002B14BF01230023DBB2002B7FF4AF
:108D08006DAF002318461037BD4680BD80B584B0CE
:108D180000AFF860B9607A6034E0F86800F0E3F812
:108D28000346002B01D0012334E0BB68B3F1FF3FB9
:108D380028D0FEF70FF802467B68D31ABA689A4221
:108D480002D3BB68002B1DD1FB681B685B6903F06D
:108D58008003802B16D0FB6800221A63FB68202250
:108D680083F83D20FB68002283F83E20FB681B6CDB
:108D780043F02002FB681A64FB68002283F83C2059
:108D8800012307E0FB681B685B6903F08003802B05
:108D9800C3D1002318461037BD4680BD80B584B0C6
:108DA80000AFF860B9607A6034E0F86800F09BF8CA
:108DB8000346002B01D0012334E0BB68B3F1FF3F29
:108DC80028D0FDF7C7FF02467B68D31ABA689A42D3
:108DD80002D3BB68002B1DD1FB681B685B6903F0DD
:108DE8000403042B16D0FB6800221A63FB682022B8
:108DF80083F83D20FB68002283F83E20FB681B6C4B
:108E080043F02002FB681A64FB68002283F83C20C8
:108E1800012307E0FB681B685B6903F00403042B6C
:108E2800C3D1002318461037BD4680BD80B584B035
:108E380000AFF860B9607A6049E0FB681B685B695D
:108E480003F01003102B19D1FB681B686FF0100298
:108E58005A61FB6800221A63FB68202283F83D20D0
:108E6800FB68002283F83E20FB681A6CFB681A64D2
:108E7800FB68002283F83C20012330E0FDF76AFFFD
:108E880002467B68D31ABA689A4202D3BB68002BA1
:108E98001DD1FB681B685B6903F04003402B16D0AB
:108EA800FB6800221A63FB68202283F83D20FB68D8
:108EB800002283F83E20FB681B6C43F02002FB680D
:108EC8001A64FB68002283F83C20012307E0FB6852
:108ED8001B685B6903F04003402BAED100231846A2
:108EE8001037BD4680BD80B483B000AF78607B6822
:108EF8001B685B6903F48063B3F5806F1BD17B68E3
:108F08001B686FF480625A617B6800221A637B6871
:108F1800202283F83D207B68002283F83E207B686E
:108F28001B6C43F004027B681A647B68002283F898
:108F38003C20012300E0002318460C37BD465DF8AD
:108F4800047B704780B588B000AF78607B68002BE1
:108F580001D1012328E17B6893F84130DBB2002B73
:108F680009D17B68002283F840207B68904A5A63C5
:108F78007868FDF715F97B68022283F841207B6841
:108F88001B68DB697A68126823F47B6323F00F039C
:108F9800D3617B681B6802221A627B685B69022BBB
:108FA80060D07B68DB68002B02D110237B6101E075
:108FB80020237B617B689B68202B02D87B695B0040
:108FC8007B61012001F0D4FAF8607B681B69B3F576
:108FD800007F25D17B68DB68002B10D07B699B0064
:108FE800FA68B2FBF3F213469B0013445B001A467F
:108FF8007B685B69B2FBF3F305333B611FE07B6978
:10900800DB00FA68B2FBF3F213469B0013445B00E3
:109018001A467B685B69B2FBF3F305333B610EE0EC
:10902800FA687B69B2FBF3F213469B0013445B00BA
:109038001A467B685B69B2FBF3F305333B613B6916
:109048005C4AA2FB0323DB083B613B6903F0010395
:10905800BB613A69BB69D31A5B08FB61BB691B0238
:10906800BB6103E00223FB610023BB61FB69012BA9
:1090780002D9FB69FF2B07D97B685B6C43F01002B0
:109088007B685A6401238FE07B681A69BB6942EAEE
:1090980003017B681B68FA690A431A627B681B68CC
:1090A800DB6923F47B6323F00F037A6851687A68DD
:1090B800926811437A68D26811437A6892690A43C0
:1090C8001A437B681B6842F40062DA617B681B6A9A
:1090D800012B61D17B68384A5A637B681B68374A21
:1090E800934201D1364B01E04FF04023DB697A68A7
:1090F800126832498A4201D1314A01E04FF04022D8
:1091080023F47B6323F00F03D3617B681B682B4A2E
:10911800934201D12A4B01E04FF0402302221A6208
:109128007B681B68254A934201D1254B01E04FF02B
:109138004023DB697B817B685B68B3F5007F03D0E4
:109148007B685B68002B03D14FF480733B6101E0BF
:1091580000233B613B699AB27B689B689BB21343CF
:109168009AB27B68DB689BB213439AB27B689B69AF
:109178009BB213439AB27B8913439BB243F40063B7
:109188007B817B681B680D4A934201D10C4B01E03F
:109198004FF040237A89DA617B6800225A647B6841
:1091A800012283F84120002318462037BD4680BDA0
:1091B800C9940008CDCCCCCCDD950008003800401F
:1091C8000034004080B586B000AFF860B96013463F
:1091D800FB80BB68002B02D0FB88002B01D1012348
:1091E8009DE0FB6893F84130DBB2012B01D00223EC
:1091F80095E0FB6893F84030DBB2012B01D10223E4
:109208008DE0FB68012283F84020FB68042283F884
:109218004120FB6800225A64FB68BA68DA62FB687E
:109228001B68DB6903F007037B617B69032B02D0B2
:109238007B69052B0AD1FB885B009AB2FB681A860A
:10924800FB885B009AB2FB685A8605E0FB68FA88DF
:109258001A86FB68FA885A86FB68DB6B324A1A64FE
:10926800FB68DB6B314ADA63FB68DB6B304ADA6434
:10927800FB681B68DB6903F44073B3F5407F0AD1D0
:1092880000233B61FB681B68DB683B61FB681B686C
:109298009B683B613B69FB68D86BFB681B680C33B8
:1092A8001946FB68DB6A1A46FB681B8E9BB2FEF701
:1092B800B3F90346002B0FD0FB685B6C43F0080240
:1092C800FB685A64FB68012283F84120FB6800228E
:1092D80083F84020012322E0FB68002283F8402025
:1092E800FB681B685B6803F00103002B07D1FB6870
:1092F8001B685A68FB681B6842F001025A60FB68E9
:109308001B68DB6903F48063002B07D1FB681B68CB
:10931800DA69FB681B6842F48062DA610023184648
:109328001837BD4680BD00BFA793000865930008A5
:10933800C393000880B483B000AF786000BF0C37D7
:10934800BD465DF8047B704780B483B000AF786099
:1093580000BF0C37BD465DF8047B704780B584B00C
:1093680000AF78607B689B6BFB607B68DB69002BD8
:109378000ED1FB681B685A68FB681B6822F0010263
:109388005A60FB6800225A86FB68012283F8412054
:10939800F868FDF7F1FB00BF1037BD4680BD80B50A
:1093A80084B000AF78607B689B6BFB60F868FDF762
:1093B800CDFB00BF1037BD4680BD80B584B000AF7F
:1093C80078607B689B6BFB60FB681B685A68FB686E
:1093D8001B6822F003025A60FB6800225A85FB686A
:1093E80000225A86FB68012283F84120FB685B6CE7
:1093F80043F00802FB685A64F868FFF7A5FF00BF4E
:109408001037BD4680BD80B582B000AF78607B68FC
:109418005B6A1A887B681B68DA607B685B6A9A1CDF
:109428007B685A627B685B8D9BB2013B9AB27B6812
:109438005A857B685B8D9BB2002B0ED17B681B68BD
:109448005A687B681B6822F0A0025A607B68012278
:1094580083F841207868FFF76DFF00BF0837BD46E5
:1094680080BD80B582B000AF78607B681B68DA6821
:109478007B68DB6A92B21A807B68DB6A9A1C7B681D
:10948800DA627B685B8E9BB2013B9AB27B685A8634
:109498007B685B8E9BB2002B0ED17B681B685A6879
:1094A8007B681B6822F060025A607B68012283F89F
:1094B80041207868FDF760FB00BF0837BD4680BDD6
:1094C80080B586B000AF78607B681B689B687B615D
:1094D8007B6893F84130DBB2042B3AD17B6903F007
:1094E8000103012B09D17B681B685B6803F040030B
:1094F800402B02D17868FFF7B4FF7B6903F0400383
:10950800402B26D17B681B685B6803F02003202B67
:109518001FD17B681B685A687B681B6822F0600251
:109528005A6000233B617B681B68DB683B617B6892
:109538001B689B683B613B697B68012283F841207B
:109548007B685B6C43F002027B685A647868FFF7BB
:10955800FBFE7B6893F84130DBB2032B36D17B6985
:1095680003F00203022B09D17B681B685B6803F0D8
:109578008003802B02D17868FFF745FF7B6903F0F1
:109588000803082B22D17B681B685B6803F0200363
:10959800202B1BD17B681B685A687B681B6822F0EC
:1095A800A0025A600023FB607B681B689B68FB6015
:1095B800FB687B68012283F841207B685B6C43F081
:1095C80004027B685A647868FFF7BEFE00BF18374C
:1095D800BD4680BD80B588B000AF78607B681B68E9
:1095E8009B68FB617B681B68924A934201D1924B4E
:1095F80001E04FF040239B68BB617B681B685B6898
:109608007B617B681B688B4A934201D18A4B01E0DE
:109618004FF040235B683B617B685B68B3F5007F74
:1096280004D07B685B68002B40F09980FB6903F0ED
:109638000203022B07D17B6903F08003002B02D0C1
:10964800786800F025F9BB6903F00103012B07D105
:109658003B6903F04003002B02D0786800F0C8F99A
:10966800BB6903F04003402B3AD13B6903F0200368
:10967800002B35D07B681B686E4A934201D16E4B34
:1096880001E04FF040235A687B681B6869498B42A8
:1096980001D1694B01E04FF0402322F060025A608B
:1096A8007B681B685A687B681B6822F0A0025A60B6
:1096B8000023FB607B681B68DB68FB607B681B68BA
:1096C8009B68FB60FB687B68012283F841207B680C
:1096D8005B6C43F002027B685A647868FFF734FEDB
:1096E800FB6903F00803082B40F0C3807B6903F093
:1096F8002003002B00F0BD807B681B685A687B68DC
:109708001B6822F0A0025A607B681B68494A934292
:1097180001D1494B01E04FF040235A687B681B6830
:1097280044498B4201D1444B01E04FF0402322F0E1
:1097380060025A600023BB607B681B689B68BB6043
:10974800BB687B68012283F841207B685B6C43F02F
:1097580004027B685A647868FFF7F6FD89E0BB6904
:1097680003F00203022B07D13B6903F08003002BAF
:1097780002D0786800F0BEF8FB6903F00103012B02
:1097880007D17B6903F04003002B02D0786800F012
:10979800FDF8FB6903F04003402B2FD17B6903F0F0
:1097A8002003002B2AD07B681B685A687B681B68DB
:1097B80022F060025A607B681B681E4A934201D1FE
:1097C8001D4B01E04FF040235A687B681B6819491C
:1097D8008B4201D1184B01E04FF0402322F0A00248
:1097E8005A607B68012283F841207B685B6C43F0F8
:1097F80002027B685A647868FFF7A6FDBB6903F02C
:109808000803082B36D13B6903F02003002B31D025
:109818007B681B68074A934201D1074B01E04FF070
:1098280040235A687B681B6802498B4206D1024B69
:1098380006E000BF00380040003400404FF04023ED
:1098480022F0A0025A607B681B685A687B681B6814
:1098580022F060025A607B68012283F841207B680D
:109868005B6C43F004027B685A647868FFF76CFD10
:1098780000E000BF00BF2037BD4680BD80B483B084
:1098880000AF786000BF0C37BD465DF8047B7047B9
:1098980080B582B000AF78607B685B6A991C7A6893
:1098A80051621A887B681B68DA607B685B8D9BB2A3
:1098B800013B9AB27B685A857B685B8D9BB2002B13
:1098C80013D17B681B685A687B681B6822F0A0026A
:1098D8005A607B685B8E9BB2002B06D17B680122A5
:1098E80083F841207868FFF7C9FF00BF0837BD46F5
:1098F80080BD000080B582B000AF78607B685B6A8D
:10990800991C7A68516219887B681B681D4A9342C2
:1099180001D11D4B01E04FF040230A46DA607B6815
:109928005B8D9BB2013B9AB27B685A857B685B8DE5
:109938009BB2002B21D17B681B68124A934201D14C
:10994800114B01E04FF040235A687B681B680D49B2
:109958008B4201D10C4B01E04FF0402322F0A002D2
:109968005A607B685B8E9BB2002B06D17B68012214
:1099780083F841207868FFF781FF00BF0837BD46AC
:1099880080BD00BF003800400034004080B582B080
:1099980000AF78607B681B68D8687B68DB6A991CB5
:1099A8007A68D16282B21A807B685B8E9BB2013B77
:1099B8009AB27B685A867B685B8E9BB2002B13D168
:1099C8007B681B685A687B681B6822F060025A60D3
:1099D8007B685B8D9BB2002B06D17B68012283F8E4
:1099E80041207868FFF74AFF00BF0837BD4680BDB1
:1099F80080B582B000AF78607B681B68204A9342CC
:109A080001D1204B01E04FF04023D8687B68DB6A26
:109A1800991C7A68D16282B21A807B685B8E9BB28D
:109A2800013B9AB27B685A867B685B8E9BB2002B9F
:109A380021D17B681B68124A934201D1114B01E086
:109A48004FF040235A687B681B680D498B4201D14F
:109A58000C4B01E04FF0402322F060025A607B6813
:109A68005B8D9BB2002B06D17B68012283F84120D5
:109A78007868FFF703FF00BF0837BD4680BD00BF09
:109A8800003800400034004080B586B000AF7860F0
:109A98007B68002B01D1012367E27B681B6803F018
:109AA8000103002B75D0884B9B6803F00C03042B33
:109AB8000CD0854B9B6803F00C03082B12D1824B0A
:109AC8005B6803F48003B3F5800F0BD17E4B1B68F2
:109AD80003F40033002B5BD07B685B68002B57D105
:109AE800012342E27B685B68B3F5803F06D1764B81
:109AF8001B68754A43F4803313601DE07B685B681C
:109B0800B3F5A02F0CD1704B1B686F4A43F4802328
:109B180013606D4B1B686C4A43F4803313600BE091
:109B2800694B1B68684A23F480331360664B1B68D3
:109B3800654A23F4802313607B685B68002B13D08D
:109B4800FDF708F9386108E0FDF704F902463B69BA
:109B5800D31A642B01D9032307E25B4B1B6803F478
:109B68000033002BF0D014E0FDF7F4F8386108E07A
:109B7800FDF7F0F802463B69D31A642B01D9032399
:109B8800F3E1514B1B6803F40033002BF0D100E0E4
:109B980000BF7B681B6803F00203002B63D04A4BAD
:109BA8009B6803F00C03002B0BD0474B9B6803F01A
:109BB8000C03082B1CD1444B5B6803F48003002B77
:109BC80016D1414B1B6803F00203002B05D07B68BC
:109BD800DB68012B01D00123C7E13B4B1B6823F055
:109BE800F8027B681B69DB00374913430B603AE0D6
:109BF8007B68DB68002B20D0344B01221A60FDF70C
:109C0800A9F8386108E0FDF7A5F802463B69D31AC0
:109C1800022B01D90323A8E12B4B1B6803F0020395
:109C2800002BF0D0284B1B6823F0F8027B681B69D7
:109C3800DB00254913430B6015E0244B00221A6012
:109C4800FDF788F8386108E0FDF784F802463B69BB
:109C5800D31A022B01D9032387E11B4B1B6803F09E
:109C68000203002BF0D17B681B6803F00803002B6C
:109C780036D07B685B69002B16D0154B01221A6021
:109C8800FDF768F8386108E0FDF764F802463B69BB
:109C9800D31A022B01D9032367E10B4B5B6F03F047
:109CA8000203002BF0D01BE0094B00221A60FDF7DD
:109CB80051F838610EE0FDF74DF802463B69D31ABA
:109CC800022B07D9032350E1003802400000474225
:109CD800800E4742884B5B6F03F00203002BEAD1EA
:109CE8007B681B6803F00403002B00F097800023B7
:109CF800FB75814B1B6C03F08053002B0FD10023A5
:109D0800BB607D4B1B6C7C4A43F0805313647A4BD9
:109D18001B6C03F08053BB60BB680123FB75774B5A
:109D28001B6803F48073002B18D1744B1B68734AAB
:109D380043F480731360FDF70DF8386108E0FDF710
:109D480009F802463B69D31A022B01D903230CE117
:109D58006A4B1B6803F48073002BF0D07B689B6808
:109D6800012B06D1644B1B6F634A43F00103136751
:109D78001CE07B689B68052B0CD15F4B1B6F5E4A10
:109D880043F0040313675C4B1B6F5B4A43F001030A
:109D980013670BE0584B1B6F574A23F001031367F7
:109DA800554B1B6F544A23F0040313677B689B6869
:109DB800002B15D0FCF7CEFF38610AE0FCF7CAFF8C
:109DC80002463B69D31A41F28832934201D90323F0
:109DD800CBE0494B1B6F03F00203002BEED014E0DD
:109DE800FCF7B8FF38610AE0FCF7B4FF02463B69AC
:109DF800D31A41F28832934201D90323B5E03E4B8E
:109E08001B6F03F00203002BEED1FB7D012B05D164
:109E1800394B1B6C384A23F0805313647B689B6969
:109E2800002B00F0A180344B9B6803F00C03082B37
:109E38005CD07B689B69022B41D1314B00221A60B0
:109E4800FCF788FF386108E0FCF784FF02463B69AD
:109E5800D31A022B01D9032387E0274B1B6803F091
:109E68000073002BF0D17B68DA697B681B6A1A43A0
:109E78007B685B6A9B011A437B689B6A5B08013BB2
:109E88001B041A437B68DB6A1B061B4913434B60A0
:109E98001B4B01221A60FCF75DFF386108E0FCF7F4
:109EA80059FF02463B69D31A022B01D903235CE010
:109EB800114B1B6803F00073002BF0D054E0104BDB
:109EC80000221A60FCF746FF386108E0FCF742FF01
:109ED80002463B69D31A022B01D9032345E0064BFE
:109EE8001B6803F00073002BF0D13DE07B689B6991
:109EF800012B07D1012338E00038024000700040F0
:109F0800600047421B4B5B68FB607B689B69012BC9
:109F180028D0FB6803F480027B68DB699A4221D170
:109F2800FB6803F03F027B681B6A9A421AD1FA6801
:109F380047F6C07313407A68526A9201934211D16E
:109F4800FB6803F440327B689B6A5B08013B1B0497
:109F58009A4207D1FB6803F070627B68DB6A1B06D4
:109F68009A4201D0012300E0002318461837BD4665
:109F780080BD00BF0038024080B584B000AF786073
:109F880039607B68002B01D10123CCE0684B1B684A
:109F980003F007033A689A420CD9654B3A68D2B283
:109FA8001A70634B1B6803F007033A689A4201D0A2
:109FB8000123B8E07B681B6803F00203002B20D064
:109FC8007B681B6803F00403002B05D0594B9B6882
:109FD800584A43F4E05393607B681B6803F0080316
:109FE800002B05D0534B9B68524A43F4604393605F
:109FF800504B9B6823F0F0027B689B684D491343E4
:10A008008B607B681B6803F00103002B44D07B68DE
:10A018005B68012B07D1474B1B6803F40033002B07
:10A0280019D101237FE07B685B68022B03D07B6832
:10A038005B68032B07D13F4B1B6803F00073002BB1
:10A0480009D101236FE03B4B1B6803F00203002B8F
:10A0580001D1012367E0374B9B6823F003027B683B
:10A068005B68344913438B60FCF774FEF8600AE0C0
:10A07800FCF770FE0246FB68D31A41F2883293421D
:10A0880001D903234FE02B4B9B6803F00C027B683C
:10A098005B689B009A42EBD1254B1B6803F00703D2
:10A0A8003A689A420CD2224B3A68D2B21A70204BC4
:10A0B8001B6803F007033A689A4201D0012332E093
:10A0C8007B681B6803F00403002B08D0194B9B68BE
:10A0D80023F4E0527B68DB68164913438B607B6886
:10A0E8001B6803F00803002B09D0124B9B6823F46C
:10A0F80060427B681B69DB000E4913438B6000F0EC
:10A1080021F802460B4B9B681B0903F00F030A4911
:10A11800CB5C22FA03F3094A1360094B1B68184603
:10A12800FCF7D4FD002318461037BD4680BD00BF9C
:10A13800003C02400038024090D700080800002088
:10A148000C0000202DE9B04F94B000AF00237B64D1
:10A158000023FB6400233B640023BB64794B9B68AA
:10A1680003F00C03082B0DD0082B00F2E180002B24
:10A1780002D0042B03D0DBE0734BBB64DBE0734BF2
:10A18800BB64D8E06F4B5B6803F03F037B646D4BA7
:10A198005B6803F48003002B63D06A4B5B689B0900
:10A1A8000022BB63FA63BB6BC3F308033B63002362
:10A1B8007B63D7E90C4522462B464FF000004FF051
:10A1C8000001590141EAD261500102460B4621467D
:10A1D800511A3961294663EB01037B614FF0000294
:10A1E8004FF00003D7E904AB59468B01514643EAC7
:10A1F800916351468A015146B2EB0108594663EB17
:10A2080001094FF000024FF000034FEAC90343EA87
:10A2180058734FEAC80290469946234618EB030341
:10A22800BB602B4649EB0303FB604FF000024FF085
:10A238000003D7E9024529460B02214643EA116388
:10A2480021460A02104619467B6C0022BB62FA625C
:10A25800D7E90A23F6F780FA02460B461346FB6451
:10A2680058E0384B5B689B09002218461146C0F33A
:10A2780008033B6200237B62D7E9088942464B46C4
:10A288004FF000004FF00001590141EAD26150013E
:10A2980002460B464146B2EB010A494663EB010B05
:10A2A8004FF000024FF000034FEA8B1343EA9A6322
:10A2B8004FEA8A12B2EB0A0463EB0B054FF0000277
:10A2C8004FF00003EB0043EA5473E20014461D46C6
:10A2D8004346E3183B604B4645EB03037B604FF076
:10A2E80000024FF00003D7E9004529468B022146BA
:10A2F80043EA915321468A02104619467B6C002294
:10A30800BB61FA61D7E90623F6F726FA02460B463F
:10A318001346FB640B4B5B681B0C03F00303013310
:10A328005B003B64FA6C3B6CB2FBF3F3BB6402E08A
:10A33800054BBB6400BFBB6C18465037BD46BDE833
:10A34800B08F00BF003802400024F40000093D002F
:10A3580080B400AF034B1B681846BD465DF8047B0C
:10A36800704700BF0800002080B500AFFFF7F0FF7E
:10A378000246054B9B689B0A03F007030349CB5C25
:10A3880022FA03F3184680BD00380240A0D700081F
:10A3980080B586B000AF786000237B6100233B6105
:10A3A8007B681B6803F00103002B05D17B681B68E1
:10A3B80003F00403002B38D0684B00221A60FCF726
:10A3C800C9FC786108E0FCF7C5FC02467B69D31A32
:10A3D800022B01D90323BDE0614B1B6803F0006326
:10A3E800002BF0D17B685A687B689B689B011A43F5
:10A3F8007B68DB681B075A491343C1F88430574B05
:10A4080001221A60FCF7A6FC786108E0FCF7A2FCC0
:10A4180002467B69D31A022B01D903239AE0504BD9
:10A428001B6803F00063002BF0D07B681B6803F007
:10A438000203002B00F083800023FB60484B1B6C59
:10A44800474A43F080531364454B1B6C03F0805319
:10A45800FB60FB68434B1B68424A43F480731360FC
:10A46800FCF778FC786108E0FCF774FC02467B692D
:10A47800D31A022B01D903236CE03A4B1B6803F46F
:10A488008073002BF0D0364B1B6F03F440733B6195
:10A498003B69002B2FD07B681B6903F440733A6932
:10A4A8009A4228D02E4B1B6F23F440733B612E4BEE
:10A4B80001221A602C4B00221A60294A3B69136753
:10A4C800274B1B6F03F00103012B14D1FCF742FC4F
:10A4D80078610AE0FCF73EFC02467B69D31A41F238
:10A4E8008832934201D9032334E01D4B1B6F03F0DC
:10A4F8000203002BEED07B681B6903F44073B3F5AD
:10A50800407F0DD1164B9B6823F4F8127B681B69BA
:10A5180023F0704323F44073114913438B6005E023
:10A528000F4B9B680E4A23F4F81393600C4B1A6F79
:10A538007B681B69C3F30B03094913430B677B68EB
:10A548001B6803F00803002B03D07B681A7D074BB8
:10A558001A60002318461837BD4680BD6800474278
:10A568000038024000700040400E4742E011474268
:10A5780080B487B000AF786000237B6100233B6123
:10A588000023FB600023BB607B68012B41D1254B76
:10A598009B6803F40003FB60FB68002B06D0FB6894
:10A5A800B3F5000F31D1204B7B6131E01D4B5B6867
:10A5B80003F48003B3F5800F09D11A4BD3F8843024
:10A5C80003F03F03194AB2FBF3F33B6108E0154B74
:10A5D800D3F8843003F03F03154AB2FBF3F33B6131
:10A5E800104BD3F884309B09C3F308023B6902FB84
:10A5F80003F3BB600B4BD3F884301B0F03F0070346
:10A60800BA68B2FBF3F37B6102E000237B6100BF11
:10A6180000E000BF7B6918461C37BD465DF8047B27
:10A62800704700BF003802400080BB0000093D00B1
:10A638000024F40080B582B000AF78607B68002BFE
:10A6480001D101237BE07B685B6A002B08D17B6822
:10A658005B68B3F5827F09D07B680022DA6105E088
:10A668007B6800221A617B6800225A617B6800229D
:10A678009A627B6893F85130DBB2002B06D17B6875
:10A68800002283F850207868FBF754FE7B6802228A
:10A6980083F851207B681B681A687B681B6822F066
:10A6A80040021A607B685B6803F482727B689B686F
:10A6B80003F404431A437B68DB6803F400631A431A
:10A6C8007B681B6903F002031A437B685B6903F02C
:10A6D80001031A437B689B6903F400731A437B6880
:10A6E800DB6903F038031A437B681B6A03F08003B5
:10A6F80042EA03017B689B6A03F400527B681B688B
:10A708000A431A607B689B691B0C03F004017B6891
:10A718005B6A03F010027B681B680A435A607B6817
:10A728001B68DA697B681B6822F40062DA617B685F
:10A7380000225A657B68012283F8512000231846BD
:10A748000837BD4680BD80B588B000AFF860B960F5
:10A758003B601346FB80FCF7FDFAF861FB887B83BE
:10A76800FB6893F85130DBB2012B01D002232AE1B8
:10A77800BB68002B02D0FB88002B01D1012322E10A
:10A78800FB6893F85030012B01D102231BE1FB68D1
:10A79800012283F85020FB68032283F85120FB68CC
:10A7A80000225A65FB68BA681A63FB68FA889A86B9
:10A7B800FB68FA88DA86FB6800229A63FB68002245
:10A7C8009A87FB680022DA87FB6800225A64FB68D4
:10A7D80000221A64FB689B68B3F5004F0FD1FB6831
:10A7E8001B681A68FB681B6822F040021A60FB6845
:10A7F8001B681A68FB681B6842F480421A60FB6891
:10A808001B681B6803F04003402B07D0FB681B68DC
:10A818001A68FB681B6842F040021A60FB68DB6834
:10A82800B3F5006F52D1FB685B68002B02D07B8BBD
:10A83800012B45D1FB681B6B1A88FB681B68DA6023
:10A84800FB681B6B9A1CFB681A63FB68DB8E9BB268
:10A85800013B9AB2FB68DA8632E0FB681B689B68AA
:10A8680003F00203022B12D1FB681B6B1A88FB68EA
:10A878001B68DA60FB681B6B9A1CFB681A63FB6831
:10A88800DB8E9BB2013B9AB2FB68DA8618E0FCF7D4
:10A8980061FA0246FB69D31A3A689A4203D83B68C0
:10A8A800B3F1FF3F02D13B68002B09D1FB680122BD
:10A8B80083F85120FB68002283F85020032382E0AC
:10A8C800FB68DB8E9BB2002BC7D153E0FB685B684B
:10A8D800002B02D07B8B012B47D1FB681A6BFB68DE
:10A8E8001B680C3312781A70FB681B6B5A1CFB68C8
:10A8F8001A63FB68DB8E9BB2013B9AB2FB68DA866F
:10A9080033E0FB681B689B6803F00203022B13D13A
:10A91800FB681A6BFB681B680C3312781A70FB68AB
:10A928001B6B5A1CFB681A63FB68DB8E9BB2013BEE
:10A938009AB2FB68DA8618E0FCF70CFA0246FB6963
:10A94800D31A3A689A4203D83B68B3F1FF3F02D161
:10A958003B68002B09D1FB68012283F85120FB6872
:10A96800002283F8502003232DE0FB68DB8E9BB286
:10A97800002BC6D1FA693968F86800F0B1F80346C7
:10A98800002B02D0FB6820225A65FB689B68002BCD
:10A998000AD100237B61FB681B68DB687B61FB686D
:10A9A8001B689B687B617B69FB68012283F85120E7
:10A9B800FB68002283F85020FB685B6D002B01D0F8
:10A9C800012300E0002318462037BD4680BD000063
:10A9D80080B588B000AFF860B9603B601346FB7182
:10A9E800FCF7B8F90246BB6A9B1A3A681344FB6144
:10A9F800FCF7B0F9B861394B1B685B011B0DFA69AC
:10AA080002FB03F37B6155E03B68B3F1FF3F51D094
:10AA1800FCF7A0F90246BB69D31AFA699A4202D92F
:10AA2800FB69002B3DD1FB681B685A68FB681B68F3
:10AA380022F0E0025A60FB685B68B3F5827F11D1AF
:10AA4800FB689B68B3F5004F04D0FB689B68B3F5BF
:10AA5800806F07D1FB681B681A68FB681B6822F0C7
:10AA680040021A60FB689B6AB3F5005F0FD1FB6870
:10AA78001B681A68FB681B6822F400521A60FB689E
:10AA88001B681A68FB681B6842F400521A60FB686E
:10AA9800012283F85120FB68002283F85020032309
:10AAA80018E07B69002B02D10023FB6102E07B697F
:10AAB800013B7B61FB681B689A68BB681340BA68F6
:10AAC8009A420CBF01230023DBB21A46FB799A4253
:10AAD8009AD1002318462037BD4680BD08000020C3
:10AAE80080B588B002AFF860B9607A607B6800937F
:10AAF800BB6801220221F868FFF76AFF0346002BB2
:10AB080007D0FB685B6D43F02002FB685A6503239E
:10AB180032E01B4B1B681B4AA2FB03235B0D4FF45F
:10AB28007A7202FB03F37B61FB685B68B3F5827F93
:10AB380012D17B680093BB6800228021F868FFF778
:10AB480047FF0346002B16D0FB685B6D43F02002DD
:10AB5800FB685A6503230FE07B69002B0AD07B69E9
:10AB6800013B7B61FB681B689B6803F08003802BBB
:10AB7800F2D000E000BF002318461837BD4680BD5C
:10AB880008000020819F5E1680B582B000AF786013
:10AB98007B68002B01D1012341E07B6893F83D30AD
:10ABA800DBB2002B06D17B68002283F83C20786852
:10ABB800FBF708FC7B68022283F83D207B681A6853
:10ABC8007B6804331946104600F0A8FA7B68012216
:10ABD80083F846207B68012283F83E207B680122A7
:10ABE80083F83F207B68012283F840207B6801229C
:10ABF80083F841207B68012283F842207B68012288
:10AC080083F843207B68012283F844207B68012273
:10AC180083F845207B68012283F83D2000231846ED
:10AC28000837BD4680BD000080B485B000AF7860AD
:10AC38007B6893F83D30DBB2012B01D0012344E05F
:10AC48007B68022283F83D207B681B68DA687B6892
:10AC58001B6842F00102DA607B681B681E4A934257
:10AC680018D07B681B68B3F1804F13D07B681B68D2
:10AC78001A4A93420ED07B681B68194A934209D03E
:10AC88007B681B68174A934204D07B681B68164A86
:10AC9800934211D17B681B689B6803F00703FB6034
:10ACA800FB68062B10D07B681B681A687B681B68DA
:10ACB80042F001021A6007E07B681B681A687B682B
:10ACC8001B6842F001021A60002318461437BD467B
:10ACD8005DF8047B704700BF00000140000400409D
:10ACE80000080040000C00400040014080B483B0E0
:10ACF80000AF78607B681B68DA687B681B6822F0A5
:10AD08000102DA607B681B681A6A41F2111313406A
:10AD1800002B0FD17B681B681A6A40F2444313402A
:10AD2800002B07D17B681B681A687B681B6822F0B8
:10AD380001021A607B68012283F83D20002318462F
:10AD48000C37BD465DF8047B704780B584B000AF12
:10AD580078607B681B68DB68FB607B681B681B6925
:10AD6800BB60BB6803F00203002B20D0FB6803F034
:10AD78000203002B1BD07B681B686FF002021A616C
:10AD88007B6801221A777B681B689B6903F00303C1
:10AD9800002B03D0786800F0A3F905E0786800F08C
:10ADA80095F9786800F0A6F97B6800221A77BB68E5
:10ADB80003F00403002B20D0FB6803F00403002BEE
:10ADC8001BD07B681B686FF004021A617B68022243
:10ADD8001A777B681B689B6903F44073002B03D0C8
:10ADE800786800F07DF905E0786800F06FF9786818
:10ADF80000F080F97B6800221A77BB6803F008032B
:10AE0800002B20D0FB6803F00803002B1BD07B68C5
:10AE18001B686FF008021A617B6804221A777B6846
:10AE28001B68DB6903F00303002B03D0786800F08C
:10AE380057F905E0786800F049F9786800F05AF9A0
:10AE48007B6800221A77BB6803F01003002B20D020
:10AE5800FB6803F01003002B1BD07B681B686FF0A6
:10AE680010021A617B6808221A777B681B68DB6905
:10AE780003F44073002B03D0786800F031F905E043
:10AE8800786800F023F9786800F034F97B680022CC
:10AE98001A77BB6803F00103002B0CD0FB6803F0A2
:10AEA8000103002B07D07B681B686FF001021A6151
:10AEB800786800F001F9BB6803F08003002B0CD020
:10AEC800FB6803F08003002B07D07B681B686FF0DA
:10AED80080021A61786800F0B9FABB6803F0400391
:10AEE800002B0CD0FB6803F04003002B07D07B68D5
:10AEF8001B686FF040021A61786800F005F9BB68BA
:10AF080003F02003002B0CD0FB6803F02003002B78
:10AF180007D07B681B686FF020021A61786800F020
:10AF28008BFA00BF1037BD4680BD80B584B000AF36
:10AF3800786039600023FB737B6893F83C30012B01
:10AF480001D10223B4E07B68012283F83C207B68AE
:10AF5800022283F83D207B681B689B68BB60BB6846
:10AF680023F07703BB60BB6823F47F43BB607B6837
:10AF78001B68BA689A603B681B68B3F5005F3ED0EF
:10AF8800B3F5005F00F28780B3F5805F00F086803C
:10AF9800B3F5805F7FD8702B1AD0702B7BD8602BCD
:10AFA80050D0602B77D8502B3CD0502B73D8402BE7
:10AFB80058D0402B6FD8302B64D0302B6BD8202B37
:10AFC80060D0202B67D8002B5CD0102B5AD062E0C1
:10AFD8007B6818683B6899683B685A683B68DB6817
:10AFE80000F09CF97B681B689B68BB60BB6843F0FA
:10AFF8007703BB607B681B68BA689A604FE07B6820
:10B0080018683B6899683B685A683B68DB6800F0D9
:10B0180085F97B681B689A687B681B6842F48042E4
:10B028009A603CE07B6818683B6859683B68DB6855
:10B038001A4600F0F9F87B681B685021184600F0A2
:10B0480052F92CE07B6818683B6859683B68DB68F4
:10B058001A4600F018F97B681B686021184600F052
:10B0680042F91CE07B6818683B6859683B68DB68F4
:10B078001A4600F0D9F87B681B684021184600F092
:10B0880032F90CE07B681A683B681B681946104661
:10B0980000F029F903E00123FB7300E000BF7B689F
:10B0A800012283F83D207B68002283F83C20FB7B4B
:10B0B80018461037BD4680BD80B483B000AF7860B5
:10B0C80000BF0C37BD465DF8047B704780B483B081
:10B0D80000AF786000BF0C37BD465DF8047B704751
:10B0E80080B483B000AF786000BF0C37BD465DF810
:10B0F800047B704780B483B000AF786000BF0C3722
:10B10800BD465DF8047B704780B483B000AF7860BB
:10B1180000BF0C37BD465DF8047B704780B485B02E
:10B1280000AF786039607B681B68FB607B68374AD2
:10B1380093420FD07B68B3F1804F0BD07B68344AC1
:10B14800934207D07B68334A934203D07B68324AE4
:10B15800934208D1FB6823F07003FB603B685B688F
:10B16800FA681343FB607B68284A93421BD07B68CC
:10B17800B3F1804F17D07B68254A934213D07B6880
:10B18800244A93420FD07B68234A93420BD07B68B2
:10B19800224A934207D07B68214A934203D07B68B6
:10B1A800204A934208D1FB6823F44073FB603B6854
:10B1B800DB68FA681343FB60FB6823F080023B6896
:10B1C8005B691343FB603B689A687B68DA623B689B
:10B1D8001A687B689A627B680C4A934203D13B6881
:10B1E8001A697B681A637B681B6843F004027B68F2
:10B1F8001A607B6801225A617B68FA681A6000BF8E
:10B208001437BD465DF8047B704700BF000001405D
:10B218000004004000080040000C004000400140CD
:10B22800004401400048014080B487B000AFF86096
:10B23800B9607A60FB681B6A7B61FB681B6A23F054
:10B248000102FB681A62FB689B693B613B6923F05A
:10B25800F0033B617B681B013A6913433B617B69DF
:10B2680023F00A037B617A69BB6813437B61FB683F
:10B278003A699A61FB687A691A6200BF1C37BD4651
:10B288005DF8047B704780B487B000AFF860B960A0
:10B298007A60FB681B6A7B61FB681B6A23F01002FB
:10B2A800FB681A62FB689B693B613B6923F4704346
:10B2B8003B617B681B033A6913433B617B6923F05D
:10B2C800A0037B61BB681B017A6913437B61FB6840
:10B2D8003A699A61FB687A691A6200BF1C37BD46F1
:10B2E8005DF8047B704780B485B000AF7860396042
:10B2F8007B689B68FB60FB6823F07003FB603A681F
:10B30800FB68134343F00703FB607B68FA689A60A5
:10B3180000BF1437BD465DF8047B704780B487B022
:10B3280000AFF860B9607A603B60FB689B687B613E
:10B338007B6923F47F437B613B681A027B681A436D
:10B34800BB6813437A6913437B61FB687A699A6027
:10B3580000BF1C37BD465DF8047B704780B485B0DC
:10B3680000AF786039607B6893F83C30012B01D1DD
:10B37800022350E07B68012283F83C207B6802228C
:10B3880083F83D207B681B685B68FB607B681B68F3
:10B398009B68BB60FB6823F07003FB603B681B681D
:10B3A800FA681343FB607B681B68FA685A607B681D
:10B3B8001B681C4A934218D07B681B68B3F1804F06
:10B3C80013D07B681B68184A93420ED07B681B68B1
:10B3D800164A934209D07B681B68154A934204D0E9
:10B3E8007B681B68134A93420CD1BB6823F0800327
:10B3F800BB603B685B68BA681343BB607B681B68CB
:10B40800BA689A607B68012283F83D207B68002235
:10B4180083F83C20002318461437BD465DF8047BAA
:10B42800704700BF000001400004004000080040D1
:10B43800000C00400040014080B483B000AF786049
:10B4480000BF0C37BD465DF8047B704780B483B0FD
:10B4580000AF786000BF0C37BD465DF8047B7047CD
:10B46800024B0A460146186800F002B81400002092
:10B4780070B5A1FB02543CB9294600F03FF80646D6
:10B4880028B90026304670BD0C220260F9E72A462A
:10B49800214600F0BFF8F5E7024B0146186800F0B6
:10B4A8002DB800BF14000020024B0146186800F0B8
:10B4B80003B900BF1400002070B50F4E0C46316868
:10B4C800054611B900F0AEF830602146284600F074
:10B4D800A9F8431C03D14FF0FF34204670BDC41CAB
:10B4E80024F00304A042F8D0211A284600F09AF864
:10B4F8000130F2D1EFE700BF7C1D00202DE9F843B1
:10B50800CD1C25F0030508350C2D38BF0C25002D62
:10B51800064601DBA94204D90C2333600020BDE8AC
:10B52800F883DFF8D48000F069F8D8F800301C46BA
:10B5380044BB29463046FFF7BFFF431C044658D199
:10B54800D8F800402746002F43D1002C4BD0236861
:10B558003946304604EB030900F064F8814542D1CE
:10B5680021686D1A29463046FFF7A6FF01303AD008
:10B5780023682B442360D8F800305A6862BBC8F8A7
:10B5880000700FE02268521B20D40B2A17D96119CA
:10B59800A342256018BF5960636808BFC8F8001047
:10B5A80062514B60304600F02FF804F10B00231D68
:10B5B80020F00700C21A1CBF1B1AA350AFE762682D
:10B5C800A3420CBFC8F800205A60EBE72346646822
:10B5D800AEE73C467F68B6E71A465B68A342FBD1F4
:10B5E80000235360DEE70C233360304600F00CF88C
:10B5F80094E70560D6E700BF801D0020014800F0F1
:10B608004BB800BFC01E0020014800F046B800BF7C
:10B61800C01E002002440346934200D1704703F83D
:10B62800011BF9E738B5064D0023044608462B6090
:10B63800FBF7B8FA431C02D12B6803B1236038BD6D
:10B64800BC1E0020014B1868704700BF1400002082
:10B6580070B50D4D0D4C641BA4100026A64209D1EF
:10B668000B4D0C4C00F010F9641BA4100026A642E8
:10B6780005D170BD55F8043B98470136EEE755F8FB
:10B68800043B98470136F2E7B8D70008B8D7000856
:10B69800B8D70008BCD70008704770470A449142E1
:10B6A80000F1FF3300D1704710B511F8014B03F8D2
:10B6B800014F9142F9D110BD38B50546002941D056
:10B6C80051F8043C0C1F002BB8BFE418FFF796FF95
:10B6D8001D4A136833B9636014602846BDE83840D2
:10B6E800FFF792BFA34208D9206821188B4201BFF7
:10B6F80019685B6809182160EDE71A465B680BB1A9
:10B70800A342FAD911685018A0420BD1206801440D
:10B71800501883421160E0D118685B685360084490
:10B728001060DAE702D90C232B60D6E720682118CD
:10B738008B4204BF19685B68636004BF0918216005
:10B748005460CAE738BD00BF801D002008B52DED44
:10B75800028BB0EE408A00F017F8B4EE488AF1EE9A
:10B7680010FA0CD6DFED078AB4EEE88AF1EE10FA8B
:10B7780005D5FFF767FF88EEA80A21230360BDEC13
:10B78800028B08BD00000000B1EEC00A704700003F
:10B7980051EC100BC1F30A532DE9F041A3F2FF3627
:10B7A800132E0C46054680462EDC002E11DA32A3F5
:10B7B800D3E90023F4F772FD00220023F4F7A2FF77
:10B7C80020B1002C4FDB254351D12C462146284679
:10B7D80023E02B4F374101EA070303431DD026A37B
:10B7E800D3E90023F4F75AFD00220023F4F78AFF77
:10B7F8000028EBD0002CC2BF4FF480133341E4186B
:10B8080024EA07040025E1E7332E0ADDB6F5806F48
:10B8180003D102460B46F4F741FD41EC100BBDE89D
:10B82800F081A3F213434FF0FF37DF403842F4D0E2
:10B8380011A3D3E90023F4F731FD00220023F4F724
:10B8480061FF0028C2D0002C0ADD142E01D101347A
:10B8580006E0C6F134060123B3401D44A845F6D8D6
:10B8680025EA0705B2E700254FF00044AEE7054C8E
:10B878000025ABE7AFF300809C7500883CE4377E79
:10B88800FFFF0F000000F03FF8B500BFF8BC08BC90
:10B898009E467047F8B500BFF8BC08BC9E46704786
:10B8A800282C3400858C8C0073736C00454541004E
:10B8B80074635E009C9BA300A8A8A800545447008A
:10B8C800C7C7BD00A6A69D0098C3790058AD6C00F7
:10B8D8004D8F5C00456B4E007DAD880095C2A00081
:10B8E800395C41004C6B3400FB704B00C9C96F00D8
:10B8F8000000000000000000000000000000000040
:10B90800000000000E1111111F1111001E11111E4F
:10B9180011111E000E11101010110E001C12111121
:10B9280011121C001F10101E10101F001F10101ED7
:10B93800101010000E11101711110F001111111F06
:10B94800111111000E04040404040E00070202027F
:10B9580002120C00111214181412110010101010F9
:10B9680010101F00111B15151111110011111915B7
:10B97800131111000E11111111110E001E11111EBB
:10B98800101010000E11111115120D001E11111EAC
:10B99800141211000F10100E01011E001F040404E0
:10B9A800040404001111111111110E0011111111CB
:10B9B800110A04001111111515150A0011110A04B4
:10B9C8000A1111001111110A040404001F010204D4
:10B9D80008101F0000000000000C0C0010100804E4
:10B9E8000202010004040404040404000101020426
:10B9F800081010000E19191513130E00040C040476
:10BA080004040E000311020408101E000E110102A6
:10BA180001110E001111110F010101000F10100E7C
:10BA280001110E000810101619110E001F01010255
:10BA3800020404000E11110E111111000E11110F44
:10BA480001010100202020202020202020000000CB
:10BA5800434C4B205C000000534352207C00000004
:10BA6800544150202F00000044454C0050455200DE
:10BA780053504300434C52000000803F0000000038
:10BA88000FB17F3F2FFB483D6DC47E3F36BDC83D9B
:10BA9800AC3A7D3F8340163EBE147B3FC2C5473E4D
:10BAA800F853783FCCCF783E0BFA743F31A0943EE0
:10BAB8000809713FD47CAC3E5E836C3F15EFC33EF2
:10BAC800D86B673F80E8DA3E98C5613FEA5AF13E95
:10BAD8001A945B3F3D9C033F31DB543FDA390E3FFC
:10BAE800029F4D3FC07F183F03E4453F9967223FBF
:10BAF800F9AE3D3F4AEB2B3FF304353FF304353FA6
:10BB08004AEB2B3FF9AE3D3F9967223F03E4453F9F
:10BB1800C07F183F029F4D3FDA390E3F31DB543F5B
:10BB28003D9C033F1A945B3FEA5AF13E98C5613F3A
:10BB380080E8DA3ED86B673F15EFC33E5E836C3F03
:10BB4800D47CAC3E0809713F31A0943E0BFA743F97
:10BB5800CCCF783EF853783FC2C5473EBE147B3FF2
:10BB68008340163EAC3A7D3F36BDC83D6DC47E3F2E
:10BB78002FFB483D0FB17F3F000000000000803FD1
:10BB88002FFB48BD0FB17F3F36BDC8BD6DC47E3F9A
:10BB9800834016BEAC3A7D3FC2C547BEBE147B3F4C
:10BBA800CCCF78BEF853783F31A094BE0BFA743FDF
:10BBB800D47CACBE0809713F15EFC3BE5E836C3FF1
:10BBC80080E8DABED86B673FEA5AF1BE98C5613F94
:10BBD8003D9C03BF1A945B3FDA390EBF31DB543FFB
:10BBE800C07F18BF029F4D3F996722BF03E4453FBE
:10BBF8004AEB2BBFF9AE3D3FF30435BFF304353FA5
:10BC0800F9AE3DBF4AEB2B3F03E445BF9967223F9E
:10BC1800029F4DBFC07F183F31DB54BFDA390E3F5A
:10BC28001A945BBF3D9C033F98C561BFEA5AF13E39
:10BC3800D86B67BF80E8DA3E5E836CBF15EFC33E02
:10BC4800080971BFD47CAC3E0BFA74BF31A0943E96
:10BC5800F85378BFCCCF783EBE147BBFC2C5473EF1
:10BC6800AC3A7DBF8340163E6DC47EBF36BDC83D2D
:10BC78000FB17FBF2FFB483D000080BF00000000D0
:10BC88000FB17FBF2FFB48BD6DC47EBF36BDC8BD99
:10BC9800AC3A7DBF834016BEBE147BBFC2C547BE4B
:10BCA800F85378BFCCCF78BE0BFA74BF31A094BEDE
:10BCB800080971BFD47CACBE5E836CBF15EFC3BEF0
:10BCC800D86B67BF80E8DABE98C561BFEA5AF1BE93
:10BCD8001A945BBF3D9C03BF31DB54BFDA390EBFFA
:10BCE800029F4DBFC07F18BF03E445BF996722BFBD
:10BCF800F9AE3DBF4AEB2BBFF30435BFF30435BFA4
:10BD08004AEB2BBFF9AE3DBF996722BF03E445BF9D
:10BD1800C07F18BF029F4DBFDA390EBF31DB54BF59
:10BD28003D9C03BF1A945BBFEA5AF1BE98C561BF38
:10BD380080E8DABED86B67BF15EFC3BE5E836CBF01
:10BD4800D47CACBE080971BF31A094BE0BFA74BF95
:10BD5800CCCF78BEF85378BFC2C547BEBE147BBFF0
:10BD6800834016BEAC3A7DBF36BDC8BD6DC47EBF2C
:10BD78002FFB48BD0FB17FBF00000080000080BFCF
:10BD88002FFB483D0FB17FBF36BDC83D6DC47EBF98
:10BD98008340163EAC3A7DBFC2C5473EBE147BBF4A
:10BDA800CCCF783EF85378BF31A0943E0BFA74BFDD
:10BDB800D47CAC3E080971BF15EFC33E5E836CBFEF
:10BDC80080E8DA3ED86B67BFEA5AF13E98C561BF92
:10BDD8003D9C033F1A945BBFDA390E3F31DB54BFF9
:10BDE800C07F183F029F4DBF9967223F03E445BFBC
:10BDF8004AEB2B3FF9AE3DBFF304353FF30435BFA3
:10BE0800F9AE3D3F4AEB2BBF03E4453F996722BF9C
:10BE1800029F4D3FC07F18BF31DB543FDA390EBF58
:10BE28001A945B3F3D9C03BF98C5613FEA5AF1BE37
:10BE3800D86B673F80E8DABE5E836C3F15EFC3BE00
:10BE48000809713FD47CACBE0BFA743F31A094BE94
:10BE5800F853783FCCCF78BEBE147B3FC2C547BEEF
:10BE6800AC3A7D3F834016BE6DC47E3F36BDC8BD2B
:10BE78000FB17F3F2FFB48BD0000803F000000004E
:10BE880043EC7F3FB00AC93C0FB17F3F2FFB483DD1
:10BE98006D4E7F3F05A9963D6DC47E3F36BDC83DBA
:10BEA80024137E3F73B2FA3DAC3A7D3F8340163E81
:10BEB800283B7C3FA2102F3EBE147B3FC2C5473EA5
:10BEC8009DC7793F135C603EF853783FCCCF783EEE
:10BED80007BA763F938E883E0BFA743F31A0943EA2
:10BEE8004714733FE59AA03E0809713FD47CAC3EE5
:10BEF8009ED86E3F2A44B83E5E836C3F15EFC33E22
:10BF0800A7096A3FCA7BCF3ED86B673F80E8DA3E15
:10BF180059AA643F7533E63E98C5613FEA5AF13E37
:10BF280005BE5E3F275DFC3E1A945B3F3D9C033F88
:10BF38005348583F9BF5083F31DB543FDA390E3FF1
:10BF48003D4D513F2A68133F029F4D3FC07F183F28
:10BF580012D1493FD17F1D3F03E4453F9967223FF6
:10BF680070D8413F5636273FF9AE3D3F4AEB2B3F4D
:10BF78004268393FBB85303FF304353FF304353F12
:10BF8800BB85303F4268393F4AEB2B3FF9AE3D3F16
:10BF98005636273F70D8413F9967223F03E4453F13
:10BFA800D17F1D3F12D1493FC07F183F029F4D3FAF
:10BFB8002A68133F3D4D513FDA390E3F31DB543F7C
:10BFC8009BF5083F5348583F3D9C033F1A945B3FFD
:10BFD800275DFC3E05BE5E3FEA5AF13E98C5613FCB
:10BFE8007533E63E59AA643F80E8DA3ED86B673F6E
:10BFF800CA7BCF3EA7096A3F15EFC33E5E836C3FFD
:10C008002A44B83E9ED86E3FD47CAC3E0809713FA6
:10C01800E59AA03E4714733F31A0943E0BFA743F53
:10C02800938E883E07BA763FCCCF783EF853783F58
:10C03800135C603E9DC7793FC2C5473EBE147B3F37
:10C04800A2102F3E283B7C3F8340163EAC3A7D3FF2
:10C0580073B2FA3D24137E3F36BDC83D6DC47E3FA2
:10C0680005A9963D6D4E7F3F2FFB483D0FB17F3FA1
:10C07800B00AC93C43EC7F3F000000000000803F4D
:10C08800B00AC9BC43EC7F3F2FFB48BD0FB17F3FCF
:10C0980005A996BD6D4E7F3F36BDC8BD6DC47E3FB8
:10C0A80073B2FABD24137E3F834016BEAC3A7D3F7F
:10C0B800A2102FBE283B7C3FC2C547BEBE147B3FA3
:10C0C800135C60BE9DC7793FCCCF78BEF853783FEC
:10C0D800938E88BE07BA763F31A094BE0BFA743FA0
:10C0E800E59AA0BE4714733FD47CACBE0809713FE3
:10C0F8002A44B8BE9ED86E3F15EFC3BE5E836C3F20
:10C10800CA7BCFBEA7096A3F80E8DABED86B673F13
:10C118007533E6BE59AA643FEA5AF1BE98C5613F35
:10C12800275DFCBE05BE5E3F3D9C03BF1A945B3F86
:10C138009BF508BF5348583FDA390EBF31DB543FEF
:10C148002A6813BF3D4D513FC07F18BF029F4D3F26
:10C15800D17F1DBF12D1493F996722BF03E4453FF4
:10C16800563627BF70D8413F4AEB2BBFF9AE3D3F4B
:10C17800BB8530BF4268393FF30435BFF304353F10
:10C18800426839BFBB85303FF9AE3DBF4AEB2B3F14
:10C1980070D841BF5636273F03E445BF9967223F11
:10C1A80012D149BFD17F1D3F029F4DBFC07F183FAD
:10C1B8003D4D51BF2A68133F31DB54BFDA390E3F7A
:10C1C800534858BF9BF5083F1A945BBF3D9C033FFB
:10C1D80005BE5EBF275DFC3E98C561BFEA5AF13EC9
:10C1E80059AA64BF7533E63ED86B67BF80E8DA3E6C
:10C1F800A7096ABFCA7BCF3E5E836CBF15EFC33EFB
:10C208009ED86EBF2A44B83E080971BFD47CAC3EA4
:10C21800471473BFE59AA03E0BFA74BF31A0943E51
:10C2280007BA76BF938E883EF85378BFCCCF783E56
:10C238009DC779BF135C603EBE147BBFC2C5473E35
:10C24800283B7CBFA2102F3EAC3A7DBF8340163EF0
:10C2580024137EBF73B2FA3D6DC47EBF36BDC83DA0
:10C268006D4E7FBF05A9963D0FB17FBF2FFB483D9F
:10C2780043EC7FBFB00AC93C000080BF000000004B
:10C2880043EC7FBFB00AC9BC0FB17FBF2FFB48BDCD
:10C298006D4E7FBF05A996BD6DC47EBF36BDC8BDB6
:10C2A80024137EBF73B2FABDAC3A7DBF834016BE7D
:10C2B800283B7CBFA2102FBEBE147BBFC2C547BEA1
:10C2C8009DC779BF135C60BEF85378BFCCCF78BEEA
:10C2D80007BA76BF938E88BE0BFA74BF31A094BE9E
:10C2E800471473BFE59AA0BE080971BFD47CACBEE1
:10C2F8009ED86EBF2A44B8BE5E836CBF15EFC3BE1E
:10C30800A7096ABFCA7BCFBED86B67BF80E8DABE11
:10C3180059AA64BF7533E6BE98C561BFEA5AF1BE33
:10C3280005BE5EBF275DFCBE1A945BBF3D9C03BF84
:10C33800534858BF9BF508BF31DB54BFDA390EBFED
:10C348003D4D51BF2A6813BF029F4DBFC07F18BF24
:10C3580012D149BFD17F1DBF03E445BF996722BFF2
:10C3680070D841BF563627BFF9AE3DBF4AEB2BBF49
:10C37800426839BFBB8530BFF30435BFF30435BF0E
:10C38800BB8530BF426839BF4AEB2BBFF9AE3DBF12
:10C39800563627BF70D841BF996722BF03E445BF0F
:10C3A800D17F1DBF12D149BFC07F18BF029F4DBFAB
:10C3B8002A6813BF3D4D51BFDA390EBF31DB54BF78
:10C3C8009BF508BF534858BF3D9C03BF1A945BBFF9
:10C3D800275DFCBE05BE5EBFEA5AF1BE98C561BFC7
:10C3E8007533E6BE59AA64BF80E8DABED86B67BF6A
:10C3F800CA7BCFBEA7096ABF15EFC3BE5E836CBFF9
:10C408002A44B8BE9ED86EBFD47CACBE080971BFA2
:10C41800E59AA0BE471473BF31A094BE0BFA74BF4F
:10C42800938E88BE07BA76BFCCCF78BEF85378BF54
:10C43800135C60BE9DC779BFC2C547BEBE147BBF33
:10C44800A2102FBE283B7CBF834016BEAC3A7DBFEE
:10C4580073B2FABD24137EBF36BDC8BD6DC47EBF9E
:10C4680005A996BD6D4E7FBF2FFB48BD0FB17FBF9D
:10C47800B00AC9BC43EC7FBF00000080000080BF49
:10C48800B00AC93C43EC7FBF2FFB483D0FB17FBFCB
:10C4980005A9963D6D4E7FBF36BDC83D6DC47EBFB4
:10C4A80073B2FA3D24137EBF8340163EAC3A7DBF7B
:10C4B800A2102F3E283B7CBFC2C5473EBE147BBF9F
:10C4C800135C603E9DC779BFCCCF783EF85378BFE8
:10C4D800938E883E07BA76BF31A0943E0BFA74BF9C
:10C4E800E59AA03E471473BFD47CAC3E080971BFDF
:10C4F8002A44B83E9ED86EBF15EFC33E5E836CBF1C
:10C50800CA7BCF3EA7096ABF80E8DA3ED86B67BF0F
:10C518007533E63E59AA64BFEA5AF13E98C561BF31
:10C52800275DFC3E05BE5EBF3D9C033F1A945BBF82
:10C538009BF5083F534858BFDA390E3F31DB54BFEB
:10C548002A68133F3D4D51BFC07F183F029F4DBF22
:10C55800D17F1D3F12D149BF9967223F03E445BFF0
:10C568005636273F70D841BF4AEB2B3FF9AE3DBF47
:10C57800BB85303F426839BFF304353FF30435BF0C
:10C588004268393FBB8530BFF9AE3D3F4AEB2BBF10
:10C5980070D8413F563627BF03E4453F996722BF0D
:10C5A80012D1493FD17F1DBF029F4D3FC07F18BFA9
:10C5B8003D4D513F2A6813BF31DB543FDA390EBF76
:10C5C8005348583F9BF508BF1A945B3F3D9C03BFF7
:10C5D80005BE5E3F275DFCBE98C5613FEA5AF1BEC5
:10C5E80059AA643F7533E6BED86B673F80E8DABE68
:10C5F800A7096A3FCA7BCFBE5E836C3F15EFC3BEF7
:10C608009ED86E3F2A44B8BE0809713FD47CACBEA0
:10C618004714733FE59AA0BE0BFA743F31A094BE4D
:10C6280007BA763F938E88BEF853783FCCCF78BE52
:10C638009DC7793F135C60BEBE147B3FC2C547BE31
:10C64800283B7C3FA2102FBEAC3A7D3F834016BEEC
:10C6580024137E3F73B2FABD6DC47E3F36BDC8BD9C
:10C668006D4E7F3F05A996BD0FB17F3F2FFB48BD9B
:10C6780043EC7F3FB00AC9BC08000002100040002C
:10C688001800400220008000280080023000C0000E
:10C698003800C0024000000148000003500040017B
:10C6A8005800400360008001680080037000C001EA
:10C6B8007800C00380000002880008029000000390
:10C6C80098004802A0000802A8008802B000C8002C
:10C6D800B800C802C0000801C8000803D00048011B
:10C6E800D8004803E0008801E8008803F000C8018A
:10C6F800F800C80308011002100140011801500297
:10C708002001000328019002300148013801D002BD
:10C71800480110035801500360019001680190031B
:10C728007001D0017801D00380014002880118020D
:10C738009001400398015802A0014802A8019802FC
:10C74800B0014803B801D802C0015002C80118035B
:10C75800D0015003D8015803E0015802E8019803BA
:10C76800F0015803F801D803080220021002400221
:10C77800180260022802A002300260023802E002B9
:10C78800400200034802200350024003580260039D
:10C79800600220036802A003700260037802E003CD
:10C7A8008802A002900280039802A003B0028803C6
:10C7B800B802E802C0028003C8022803D00290032E
:10C7C800D8026803E002A003E802A803F002980375
:10C7D800F802E8030803200310034003180360036A
:10C7E8002803880330036003380398034803600371
:10C7F800580370036803B0037803F0038803A003A9
:10C808009003C0039803E003B003C803B803E80328
:10C81800C803E003D803F003080000021000000476
:10C8280018000006200040002800400230004004A4
:10C838003800400640008000480080025000800414
:10C84800580080066000C0006800C0027000C00484
:10C858007800C006800000018800000390000005F1
:10C8680098000007A0004001A8004003B000400560
:10C87800B8004007C0008001C8008003D0008005D0
:10C88800D8008007E000C001E800C003F000C00540
:10C89800F800C0070001000208010802100108049E
:10C8A80018010806200180022801480230014804C6
:10C8B80038014806400100034801880250018804F5
:10C8C80058018806600180036801C8027001C80425
:10C8D8007801C8068001080288010803900108054C
:10C8E80098010807A0018802A8014803B00148057B
:10C8F800B8014807C0010803C8018803D0018805AA
:10C90800D8018807E0018803E801C803F001C805D9
:10C91800F801C807080210020002000410021004FF
:10C928001802100620028004280250023002500427
:10C938003802500640020005480290025002900456
:10C9480058029006600280056802D0027002D00486
:10C958007802D006800208048802100390021005AD
:10C9680098021007A0028804A8025003B0025005DC
:10C97800B8025007C0020805C8029003D00290050B
:10C98800D8029007E0028805E802D003F002D0053B
:10C99800F802D00700030006080310061003180465
:10C9A800180318062003800628039006300358044D
:10C9B800380358064003000748031007500398043B
:10C9C8005803980660038007680390077003D8042B
:10C9D8007803D8068003080688031806900318050C
:10C9E80098031807A0038806A8039806B0035805FB
:10C9F800B8035807C0030807C8031807D0039805E9
:10CA0800D8039807E0038807E8039807F003D805D8
:10CA1800F803D8070804800410042004180420062A
:10CA280028048005300460043804600640040006C9
:10CA3800480488045004A0045804A00660041006A2
:10CA4800680488057004E0047804E0068804800619
:10CA58009004200598042007A0040806A80480076D
:10CA6800B0046005B8046007C0042006C80488063E
:10CA7800D004A005D804A007E0041806E804880735
:10CA8800F004E005F804E007080520051005800516
:10CA98001805280628059005300588053805680614
:10CAA8004005000748052007500580075805A806D7
:10CAB8006005080768059805700588077805E80681
:10CAC8008805900698052807A0052806A805900758
:10CAD800B0052807B8056807C0051007C8059806F7
:10CAE800D0059007D805A807E0051807E8059807B6
:10CAF800F0059807F805E8071806300638067006A6
:10CB08004006000748068007500608075806B00682
:10CB18006006100768069007700618077806F00682
:10CB28008806A00698063007A806A007B00688075A
:10CB3800B8067007C0062007C806A007D006280751
:10CB4800D806B007E0063007E806A807F0069807F9
:10CB5800F806F00748075007380798075007600796
:10CB6800580770076007C0076807D0077807F007FD
:10CB78007007E007B807F007A807B007D807F0075D
:10CB8800C807E007E807F007000000000000803F42
:10CB9800B00AC93C43EC7F3F2FFB483D0FB17F3FB4
:10CBA80005A9963D6D4E7F3F36BDC83D6DC47E3F9D
:10CBB80073B2FA3D24137E3F8340163EAC3A7D3F64
:10CBC800A2102F3E283B7C3FC2C5473EBE147B3F88
:10CBD800135C603E9DC7793FCCCF783EF853783FD1
:10CBE800938E883E07BA763F31A0943E0BFA743F85
:10CBF800E59AA03E4714733FD47CAC3E0809713FC8
:10CC08002A44B83E9ED86E3F15EFC33E5E836C3F04
:10CC1800CA7BCF3EA7096A3F80E8DA3ED86B673FF8
:10CC28007533E63E59AA643FEA5AF13E98C5613F1A
:10CC3800275DFC3E05BE5E3F3D9C033F1A945B3F6B
:10CC48009BF5083F5348583FDA390E3F31DB543FD4
:10CC58002A68133F3D4D513FC07F183F029F4D3F0B
:10CC6800D17F1D3F12D1493F9967223F03E4453FD9
:10CC78005636273F70D8413F4AEB2B3FF9AE3D3F30
:10CC8800BB85303F4268393FF304353FF304353FF5
:10CC98004268393FBB85303FF9AE3D3F4AEB2B3FF9
:10CCA80070D8413F5636273F03E4453F9967223FF6
:10CCB80012D1493FD17F1D3F029F4D3FC07F183F92
:10CCC8003D4D513F2A68133F31DB543FDA390E3F5F
:10CCD8005348583F9BF5083F1A945B3F3D9C033FE0
:10CCE80005BE5E3F275DFC3E98C5613FEA5AF13EAE
:10CCF80059AA643F7533E63ED86B673F80E8DA3E51
:10CD0800A7096A3FCA7BCF3E5E836C3F15EFC33EDF
:10CD18009ED86E3F2A44B83E0809713FD47CAC3E89
:10CD28004714733FE59AA03E0BFA743F31A0943E36
:10CD380007BA763F938E883EF853783FCCCF783E3B
:10CD48009DC7793F135C603EBE147B3FC2C5473E1A
:10CD5800283B7C3FA2102F3EAC3A7D3F8340163ED5
:10CD680024137E3F73B2FA3D6DC47E3F36BDC83D85
:10CD78006D4E7F3F05A9963D0FB17F3F2FFB483D84
:10CD880043EC7F3FB00AC93C0000803F0000000030
:10CD980043EC7F3FB00AC9BC0FB17F3F2FFB48BDB2
:10CDA8006D4E7F3F05A996BD6DC47E3F36BDC8BD9B
:10CDB80024137E3F73B2FABDAC3A7D3F834016BE62
:10CDC800283B7C3FA2102FBEBE147B3FC2C547BE86
:10CDD8009DC7793F135C60BEF853783FCCCF78BECF
:10CDE80007BA763F938E88BE0BFA743F31A094BE83
:10CDF8004714733FE59AA0BE0809713FD47CACBEC6
:10CE08009ED86E3F2A44B8BE5E836C3F15EFC3BE02
:10CE1800A7096A3FCA7BCFBED86B673F80E8DABEF6
:10CE280059AA643F7533E6BE98C5613FEA5AF1BE18
:10CE380005BE5E3F275DFCBE1A945B3F3D9C03BF69
:10CE48005348583F9BF508BF31DB543FDA390EBFD2
:10CE58003D4D513F2A6813BF029F4D3FC07F18BF09
:10CE680012D1493FD17F1DBF03E4453F996722BFD7
:10CE780070D8413F563627BFF9AE3D3F4AEB2BBF2E
:10CE88004268393FBB8530BFF304353FF30435BFF3
:10CE9800BB85303F426839BF4AEB2B3FF9AE3DBFF7
:10CEA8005636273F70D841BF9967223F03E445BFF4
:10CEB800D17F1D3F12D149BFC07F183F029F4DBF90
:10CEC8002A68133F3D4D51BFDA390E3F31DB54BF5D
:10CED8009BF5083F534858BF3D9C033F1A945BBFDE
:10CEE800275DFC3E05BE5EBFEA5AF13E98C561BFAC
:10CEF8007533E63E59AA64BF80E8DA3ED86B67BF4F
:10CF0800CA7BCF3EA7096ABF15EFC33E5E836CBFDD
:10CF18002A44B83E9ED86EBFD47CAC3E080971BF87
:10CF2800E59AA03E471473BF31A0943E0BFA74BF34
:10CF3800938E883E07BA76BFCCCF783EF85378BF39
:10CF4800135C603E9DC779BFC2C5473EBE147BBF18
:10CF5800A2102F3E283B7CBF8340163EAC3A7DBFD3
:10CF680073B2FA3D24137EBF36BDC83D6DC47EBF83
:10CF780005A9963D6D4E7FBF2FFB483D0FB17FBF82
:10CF8800B00AC93C43EC7FBF000000000000803FAE
:10CF9800900E493C11FB7F3FB00AC93C43EC7F3FF0
:10CFA8002CC3163D98D37F3F2FFB483D0FB17F3FE1
:10CFB800742B7B3DAB847F3F05A9963D6D4E7F3F2B
:10CFC80080B6AF3D580E7F3F36BDC83D6DC47E3F2D
:10CFD8002EBCE13DB0707E3F73B2FA3D24137E3F14
:10CFE80086CF093ECCAB7D3F8340163EAC3A7D3FB1
:10CFF800B6AB223EC9BF7C3FA2102F3E283B7C3FE8
:10D00800CF6E3B3ECDAC7B3FC2C5473EBE147B3F97
:10D018000115543E02737A3F135C603E9DC7793F09
:10D028007F9A6C3E9812793FCCCF783EF853783F80
:10D03800C07D823EC58B773F938E883E07BA763F88
:10D04800229A8E3EC6DE753F31A0943E0BFA743F9D
:10D0580086A09A3EDD0B743FE59AA03E4714733FC5
:10D06800128FA63E5213723FD47CAC3E0809713F22
:10D07800EF63B23E73F56F3F2A44B83E9ED86E3FC9
:10D088004A1DBE3E93B26D3F15EFC33E5E836C3FB3
:10D0980053B9C93E0C4B6B3FCA7BCF3EA7096A3FC9
:10D0A8004136D53E3CBF683F80E8DA3ED86B673FE3
:10D0B8004F92E03E880F663F7533E63E59AA643FBB
:10D0C800BBCBEB3E5A3C633FEA5AF13E98C5613F01
:10D0D800CBE0F63E2146603F275DFC3E05BE5E3F45
:10D0E800E4E7003F532D5D3F3D9C033F1A945B3FAF
:10D0F800824B063F6AF2593F9BF5083F5348583F19
:10D108006B9A0B3FE595563FDA390E3F31DB543FBA
:10D11800CDD3103F4918533F2A68133F3D4D513F27
:10D12800D9F6153F1F7A4F3FC07F183F029F4D3FEA
:10D13800C6021B3FF8BB4B3FD17F1D3F12D1493F71
:10D14800CBF61F3F65DE473F9967223F03E4453F23
:10D1580025D2243F00E2433F5636273F70D8413F4F
:10D168001594293F67C73F3F4AEB2B3FF9AE3D3F38
:10D17800DE3B2E3F3B8F3B3FBB85303F4268393F0C
:10D18800C9C8323F233A373FF304353FF304353FEC
:10D19800233A373FC9C8323F4268393FBB85303FE1
:10D1A8003B8F3B3FDE3B2E3FF9AE3D3F4AEB2B3FEB
:10D1B80067C73F3F1594293F70D8413F5636273FF0
:10D1C80000E2433F25D2243F03E4453F9967223FCD
:10D1D80065DE473FCBF61F3F12D1493FD17F1D3F48
:10D1E800F8BB4B3FC6021B3F029F4D3FC07F183F15
:10D1F8001F7A4F3FD9F6153F3D4D513F2A68133FDF
:10D208004918533FCDD3103F31DB543FDA390E3F35
:10D21800E595563F6B9A0B3F5348583F9BF5083F9F
:10D228006AF2593F824B063F1A945B3F3D9C033F8D
:10D23800532D5D3FE4E7003F05BE5E3F275DFC3EA2
:10D248002146603FCBE0F63E98C5613FEA5AF13E81
:10D258005A3C633FBBCBEB3E59AA643F7533E63E6D
:10D26800880F663F4F92E03ED86B673F80E8DA3E12
:10D278003CBF683F4136D53EA7096A3FCA7BCF3ECF
:10D288000C4B6B3F53B9C93E5E836C3F15EFC33EF1
:10D2980093B26D3F4A1DBE3E9ED86E3F2A44B83EAB
:10D2A80073F56F3FEF63B23E0809713FD47CAC3E23
:10D2B8005213723F128FA63E4714733FE59AA03E61
:10D2C800DD0B743F86A09A3E0BFA743F31A0943E62
:10D2D800C6DE753F229A8E3E07BA763F938E883E09
:10D2E800C58B773FC07D823EF853783FCCCF783EE0
:10D2F8009812793F7F9A6C3E9DC7793F135C603ED8
:10D3080002737A3F0115543EBE147B3FC2C5473EA7
:10D31800CDAC7B3FCF6E3B3E283B7C3FA2102F3EDF
:10D32800C9BF7C3FB6AB223EAC3A7D3F8340163E38
:10D33800CCAB7D3F86CF093E24137E3F73B2FA3DC6
:10D34800B0707E3F2EBCE13D6DC47E3F36BDC83D0A
:10D35800580E7F3F80B6AF3D6D4E7F3F05A9963D85
:10D36800AB847F3F742B7B3D0FB17F3F2FFB483D44
:10D3780098D37F3F2CC3163D43EC7F3FB00AC93C8E
:10D3880011FB7F3F900E493C0000803F00000000E9
:10D3980011FB7F3F900E49BC43EC7F3FB00AC9BCEC
:10D3A80098D37F3F2CC316BD0FB17F3F2FFB48BDDD
:10D3B800AB847F3F742B7BBD6D4E7F3F05A996BD27
:10D3C800580E7F3F80B6AFBD6DC47E3F36BDC8BD29
:10D3D800B0707E3F2EBCE1BD24137E3F73B2FABD10
:10D3E800CCAB7D3F86CF09BEAC3A7D3F834016BEAD
:10D3F800C9BF7C3FB6AB22BE283B7C3FA2102FBEE4
:10D40800CDAC7B3FCF6E3BBEBE147B3FC2C547BE93
:10D4180002737A3F011554BE9DC7793F135C60BE05
:10D428009812793F7F9A6CBEF853783FCCCF78BE7C
:10D43800C58B773FC07D82BE07BA763F938E88BE84
:10D44800C6DE753F229A8EBE0BFA743F31A094BE99
:10D45800DD0B743F86A09ABE4714733FE59AA0BEC1
:10D468005213723F128FA6BE0809713FD47CACBE1E
:10D4780073F56F3FEF63B2BE9ED86E3F2A44B8BEC5
:10D4880093B26D3F4A1DBEBE5E836C3F15EFC3BEAF
:10D498000C4B6B3F53B9C9BEA7096A3FCA7BCFBEC5
:10D4A8003CBF683F4136D5BED86B673F80E8DABEDF
:10D4B800880F663F4F92E0BE59AA643F7533E6BEB7
:10D4C8005A3C633FBBCBEBBE98C5613FEA5AF1BEFD
:10D4D8002146603FCBE0F6BE05BE5E3F275DFCBE41
:10D4E800532D5D3FE4E700BF1A945B3F3D9C03BFAB
:10D4F8006AF2593F824B06BF5348583F9BF508BF15
:10D50800E595563F6B9A0BBF31DB543FDA390EBFB6
:10D518004918533FCDD310BF3D4D513F2A6813BF23
:10D528001F7A4F3FD9F615BF029F4D3FC07F18BFE6
:10D53800F8BB4B3FC6021BBF12D1493FD17F1DBF6D
:10D5480065DE473FCBF61FBF03E4453F996722BF1F
:10D5580000E2433F25D224BF70D8413F563627BF4B
:10D5680067C73F3F159429BFF9AE3D3F4AEB2BBF34
:10D578003B8F3B3FDE3B2EBF4268393FBB8530BF08
:10D58800233A373FC9C832BFF304353FF30435BFE8
:10D59800C9C8323F233A37BFBB85303F426839BFDD
:10D5A800DE3B2E3F3B8F3BBF4AEB2B3FF9AE3DBFE7
:10D5B8001594293F67C73FBF5636273F70D841BFEC
:10D5C80025D2243F00E243BF9967223F03E445BFC9
:10D5D800CBF61F3F65DE47BFD17F1D3F12D149BF44
:10D5E800C6021B3FF8BB4BBFC07F183F029F4DBF11
:10D5F800D9F6153F1F7A4FBF2A68133F3D4D51BFDB
:10D60800CDD3103F491853BFDA390E3F31DB54BF31
:10D618006B9A0B3FE59556BF9BF5083F534858BF9B
:10D62800824B063F6AF259BF3D9C033F1A945BBF89
:10D63800E4E7003F532D5DBF275DFC3E05BE5EBF9E
:10D64800CBE0F63E214660BFEA5AF13E98C561BF7D
:10D65800BBCBEB3E5A3C63BF7533E63E59AA64BF69
:10D668004F92E03E880F66BF80E8DA3ED86B67BF0E
:10D678004136D53E3CBF68BFCA7BCF3EA7096ABFCB
:10D6880053B9C93E0C4B6BBF15EFC33E5E836CBFED
:10D698004A1DBE3E93B26DBF2A44B83E9ED86EBFA7
:10D6A800EF63B23E73F56FBFD47CAC3E080971BF1F
:10D6B800128FA63E521372BFE59AA03E471473BF5D
:10D6C80086A09A3EDD0B74BF31A0943E0BFA74BF5E
:10D6D800229A8E3EC6DE75BF938E883E07BA76BF05
:10D6E800C07D823EC58B77BFCCCF783EF85378BFDC
:10D6F8007F9A6C3E981279BF135C603E9DC779BFD4
:10D708000115543E02737ABFC2C5473EBE147BBFA3
:10D71800CF6E3B3ECDAC7BBFA2102F3E283B7CBFDB
:10D72800B6AB223EC9BF7CBF8340163EAC3A7DBF34
:10D7380086CF093ECCAB7DBF73B2FA3D24137EBFC2
:10D748002EBCE13DB0707EBF36BDC83D6DC47EBF06
:10D7580080B6AF3D580E7FBF05A9963D6D4E7FBF81
:10D76800742B7B3DAB847FBF2FFB483D0FB17FBF40
:10D778002CC3163D98D37FBFB00AC93C43EC7FBF8A
:10D78800900E493C11FB7FBF000000000000000024
:10D79800010203040607080900000000010203044F
:08D7A800000610160006101621
:08D7B000E02FFF7F01000000E3
:04D7B800BD010008A7
:04D7BC0099010008C7
:10D7C0000000003F4B0000000024F40010000000A7
:10D7D000010000001800002000000000841D00204F
:10D7E000EC1D0020541E002000000000000000007E
:10D7F0000000000000000000000000000000000029
:10D800000000000000000000000000000000000018
:10D810000000000000000000000000000000000008
:04D820000000000004
:0400000508006C3D46
:00000001FF
